ATM_ID,Date,Day_of_Week,Time_of_Day,Total_Withdrawals,Total_Deposits,Location_Type,Holiday_Flag,Special_Event_Flag,Previous_Day_Cash_Level,Weather_Condition,Nearby_Competitor_ATMs,Cash_Demand_Next_Day,Year,Month,Month_Name,Quarter,Net_Cash_Flow,Cash_Utilization_Rate,Cash_Risk
ATM_0041,2022-04-25,Monday,Morning,57450,9308,Standalone,0,0,112953,Rainy,5,44165,2022,4,April,2,48142,50.86186289872779,Normal
ATM_0007,2023-11-24,Friday,Morning,72845,17896,Supermarket,0,0,115348,Clear,0,41249,2023,11,November,4,54949,63.15237368658321,Normal
ATM_0014,2022-08-27,Saturday,Morning,42957,12712,Supermarket,0,0,90731,Cloudy,1,29901,2022,8,August,3,30245,47.34544973603289,Normal
ATM_0029,2023-08-27,Sunday,Evening,43014,1375,Mall,0,0,88754,Rainy,5,44155,2023,8,August,3,41639,48.464294567005425,Normal
ATM_0028,2022-12-15,Thursday,Evening,36379,2938,Bank Branch,0,0,129312,Snowy,0,29784,2022,12,December,4,33441,28.132733234347935,Normal
ATM_0006,2023-01-25,Wednesday,Morning,46613,7278,Standalone,1,0,102218,Snowy,0,49358,2023,1,January,1,39335,45.60155745563404,Normal
ATM_0047,2023-04-16,Sunday,Morning,40990,8541,Gas Station,0,0,87965,Snowy,5,28407,2023,4,April,2,32449,46.598078781333484,Normal
ATM_0040,2023-01-06,Friday,Afternoon,77784,14112,Mall,0,0,75583,Rainy,2,61200,2023,1,January,1,63672,102.91203048304513,High Risk
ATM_0006,2022-08-27,Saturday,Morning,30077,10984,Gas Station,0,0,114769,Snowy,1,18557,2022,8,August,3,19093,26.206554034626073,Normal
ATM_0024,2022-12-30,Friday,Afternoon,52570,9421,Standalone,0,0,93977,Clear,4,44240,2022,12,December,4,43149,55.93921917064814,Normal
ATM_0041,2022-06-25,Saturday,Afternoon,43090,15285,Bank Branch,0,0,106872,Snowy,5,23127,2022,6,June,2,27805,40.319260423684405,Normal
ATM_0045,2023-07-25,Tuesday,Afternoon,23554,6615,Standalone,0,0,112233,Clear,1,12890,2023,7,July,3,16939,20.986697317188348,Normal
ATM_0003,2022-11-20,Sunday,Night,65464,14656,Standalone,0,0,83215,Snowy,1,63076,2022,11,November,4,50808,78.66850928318212,High Risk
ATM_0042,2023-05-27,Saturday,Night,45361,7604,Gas Station,0,0,96286,Rainy,1,36893,2023,5,May,2,37757,47.11069106619862,Normal
ATM_0048,2023-07-29,Saturday,Evening,62187,16781,Supermarket,0,0,98559,Cloudy,2,38349,2023,7,July,3,45406,63.09621647946915,Normal
ATM_0015,2022-05-22,Sunday,Night,65052,11806,Mall,0,0,130760,Clear,1,63284,2022,5,May,2,53246,49.749158764148056,Normal
ATM_0041,2022-06-13,Monday,Night,10703,14109,Supermarket,0,0,101740,Cloudy,4,0,2022,6,June,2,-3406,10.51995282091606,Normal
ATM_0030,2023-06-26,Monday,Evening,45514,8901,Supermarket,0,0,107142,Clear,5,36069,2023,6,June,2,36613,42.480073173918726,Normal
ATM_0047,2022-04-28,Thursday,Evening,37872,7491,Standalone,0,0,118308,Cloudy,1,38027,2022,4,April,2,30381,32.01136017851709,Normal
ATM_0030,2022-01-04,Tuesday,Evening,54931,10485,Supermarket,0,0,119372,Clear,5,51745,2022,1,January,1,44446,46.01665382166672,Normal
ATM_0020,2023-10-17,Tuesday,Afternoon,39469,8361,Bank Branch,0,0,92157,Rainy,4,36710,2023,10,October,4,31108,42.82800004340419,Normal
ATM_0050,2023-06-28,Wednesday,Morning,28047,10025,Supermarket,0,0,95308,Clear,0,20994,2023,6,June,2,18022,29.427750031476897,Normal
ATM_0024,2022-11-11,Friday,Afternoon,44859,5988,Mall,0,0,96774,Clear,0,40097,2022,11,November,4,38871,46.35439270878542,Normal
ATM_0047,2023-05-13,Saturday,Morning,56060,11287,Supermarket,0,0,98511,Rainy,5,59365,2023,5,May,2,44773,56.9073504481733,Normal
ATM_0031,2023-07-17,Monday,Afternoon,21218,9867,Standalone,0,0,101204,Cloudy,1,11103,2023,7,July,3,11351,20.965574483222007,Normal
ATM_0035,2023-12-08,Friday,Afternoon,86948,9038,Standalone,0,0,106030,Snowy,3,67866,2023,12,December,4,77910,82.00320663963029,Normal
ATM_0034,2023-04-08,Saturday,Morning,67142,13759,Bank Branch,0,0,115820,Snowy,0,52361,2023,4,April,2,53383,57.9709894664134,Normal
ATM_0038,2023-07-22,Saturday,Afternoon,36359,12934,Supermarket,0,0,143809,Clear,5,18531,2023,7,July,3,23425,25.28284043418701,Normal
ATM_0041,2022-03-02,Wednesday,Afternoon,35141,7168,Mall,0,1,101993,Snowy,0,40993,2022,3,March,1,27973,34.4543252968341,Normal
ATM_0033,2022-09-01,Thursday,Evening,42447,2246,Gas Station,0,0,101371,Rainy,5,43593,2022,9,September,3,40201,41.872922236142486,Normal
ATM_0037,2023-08-14,Monday,Night,36208,17749,Bank Branch,0,0,84334,Cloudy,1,25698,2023,8,August,3,18459,42.9340479521901,Normal
ATM_0007,2022-04-10,Sunday,Night,45169,14067,Standalone,0,0,75382,Cloudy,5,39961,2022,4,April,2,31102,59.9201400864928,Normal
ATM_0004,2023-11-21,Tuesday,Morning,25887,10923,Mall,0,0,105197,Snowy,0,16851,2023,11,November,4,14964,24.60811620103235,Normal
ATM_0016,2022-07-16,Saturday,Afternoon,61727,12609,Supermarket,0,0,105939,Cloudy,1,60063,2022,7,July,3,49118,58.2665496181765,Normal
ATM_0018,2023-04-19,Wednesday,Afternoon,39799,11161,Mall,0,0,105861,Clear,0,25441,2023,4,April,2,28638,37.59552620889657,Normal
ATM_0042,2023-07-08,Saturday,Morning,39284,19328,Mall,0,1,109476,Rainy,1,36840,2023,7,July,3,19956,35.8836639994154,Normal
ATM_0027,2023-05-13,Saturday,Night,35379,13935,Bank Branch,0,0,123171,Clear,1,24612,2023,5,May,2,21444,28.723481988455074,Normal
ATM_0025,2022-01-03,Monday,Night,37689,14110,Standalone,0,1,137935,Cloudy,2,28914,2022,1,January,1,23579,27.32373944249103,Normal
ATM_0028,2023-12-15,Friday,Night,36657,5920,Bank Branch,0,0,98457,Rainy,0,37577,2023,12,December,4,30737,37.23148176361254,Normal
ATM_0038,2023-07-10,Monday,Morning,55117,10065,Standalone,0,0,129070,Cloudy,4,49301,2023,7,July,3,45052,42.703184318586814,Normal
ATM_0034,2022-06-11,Saturday,Morning,59385,5714,Supermarket,0,0,78582,Rainy,0,64265,2022,6,June,2,53671,75.57074139115828,High Risk
ATM_0039,2022-03-11,Friday,Afternoon,57237,8882,Gas Station,0,0,114280,Rainy,4,37579,2022,3,March,1,48355,50.0848792439622,Normal
ATM_0039,2022-02-10,Thursday,Morning,57098,9635,Gas Station,0,0,83064,Snowy,2,58773,2022,2,February,1,47463,68.73976692670712,High Risk
ATM_0014,2023-11-17,Friday,Evening,27277,11070,Bank Branch,0,0,75085,Rainy,5,22648,2023,11,November,4,16207,36.32816141706067,Normal
ATM_0042,2022-11-04,Friday,Night,36742,10768,Standalone,0,1,101164,Clear,0,39915,2022,11,November,4,25974,36.319243999841845,Normal
ATM_0030,2023-09-29,Friday,Morning,32855,15415,Mall,0,0,121076,Snowy,1,21038,2023,9,September,3,17440,27.135848557930558,Normal
ATM_0023,2022-03-12,Saturday,Afternoon,57725,12568,Standalone,0,0,110300,Cloudy,4,54244,2022,3,March,1,45157,52.334542157751585,Normal
ATM_0046,2022-11-06,Sunday,Morning,107790,14770,Supermarket,0,0,113027,Clear,1,114724,2022,11,November,4,93020,95.36659382271493,Normal
ATM_0017,2022-04-29,Friday,Morning,38407,8815,Supermarket,0,0,90292,Snowy,4,31079,2022,4,April,2,29592,42.53643733664112,Normal
ATM_0014,2022-12-18,Sunday,Afternoon,51228,13431,Standalone,0,0,67745,Snowy,0,34641,2022,12,December,4,37797,75.61886486087535,Normal
ATM_0006,2023-10-12,Thursday,Night,42921,15444,Standalone,0,0,101285,Snowy,1,38167,2023,10,October,4,27477,42.37646245742213,Normal
ATM_0041,2022-09-26,Monday,Afternoon,33833,6348,Gas Station,0,0,104329,Cloudy,4,22905,2022,9,September,3,27485,32.42914242444574,Normal
ATM_0001,2022-04-25,Monday,Morning,82159,13169,Bank Branch,0,0,59497,Snowy,4,83492,2022,4,April,2,68990,138.08931542766862,High Risk
ATM_0036,2022-06-01,Wednesday,Night,52796,6037,Bank Branch,0,0,97705,Snowy,0,36847,2022,6,June,2,46759,54.03612916432117,Normal
ATM_0023,2022-08-04,Thursday,Afternoon,57574,14328,Mall,0,0,75994,Cloudy,4,40705,2022,8,August,3,43246,75.76124430876122,Normal
ATM_0048,2022-06-08,Wednesday,Afternoon,44982,18827,Bank Branch,0,1,108099,Rainy,3,42815,2022,6,June,2,26155,41.61185579885105,Normal
ATM_0002,2022-07-03,Sunday,Evening,81832,15162,Gas Station,0,0,69612,Rainy,2,63791,2022,7,July,3,66670,117.5544446359823,High Risk
ATM_0011,2023-12-20,Wednesday,Morning,42736,12219,Gas Station,0,0,115492,Cloudy,1,35587,2023,12,December,4,30517,37.00342880892183,Normal
ATM_0013,2023-04-17,Monday,Evening,1380,4878,Standalone,0,0,94948,Rainy,1,0,2023,4,April,2,-3498,1.4534271390655937,Normal
ATM_0002,2023-11-07,Tuesday,Afternoon,31283,7799,Gas Station,0,0,102614,Clear,2,23373,2023,11,November,4,23484,30.48609351550471,Normal
ATM_0023,2023-10-19,Thursday,Night,67447,10051,Supermarket,0,0,80369,Clear,0,47607,2023,10,October,4,57396,83.92166133708271,Normal
ATM_0017,2022-07-02,Saturday,Evening,56931,10349,Mall,0,0,92293,Cloudy,2,58803,2022,7,July,3,46582,61.685068206689564,Normal
ATM_0047,2022-11-18,Friday,Night,73790,3810,Supermarket,0,1,142660,Clear,3,91179,2022,11,November,4,69980,51.72437964390859,Normal
ATM_0037,2022-07-14,Thursday,Evening,20718,11404,Mall,0,0,87546,Clear,4,9643,2022,7,July,3,9314,23.665273113563156,Normal
ATM_0035,2023-12-05,Tuesday,Afternoon,41159,14248,Standalone,0,0,107140,Snowy,4,29906,2023,12,December,4,26911,38.41609109576255,Normal
ATM_0021,2023-11-11,Saturday,Morning,39606,14064,Standalone,0,0,112592,Cloudy,2,27873,2023,11,November,4,25542,35.17656671877221,Normal
ATM_0026,2023-12-15,Friday,Evening,61209,13051,Supermarket,0,0,99581,Cloudy,5,46483,2023,12,December,4,48158,61.46654482280757,Normal
ATM_0025,2023-11-25,Saturday,Afternoon,51759,12735,Supermarket,0,0,95956,Cloudy,4,50080,2023,11,November,4,39024,53.94034765934387,Normal
ATM_0001,2022-11-08,Tuesday,Evening,62381,14067,Bank Branch,0,0,126109,Snowy,3,44558,2022,11,November,4,48314,49.46593819632223,Normal
ATM_0029,2023-03-29,Wednesday,Afternoon,50315,11620,Supermarket,0,0,97397,Rainy,5,50242,2023,3,March,1,38695,51.65970204421081,Normal
ATM_0006,2022-10-18,Tuesday,Evening,37726,20461,Mall,0,0,79879,Rainy,5,22401,2022,10,October,4,17265,47.2289337623155,Normal
ATM_0020,2022-08-19,Friday,Afternoon,31787,13120,Bank Branch,0,0,112566,Rainy,3,16785,2022,8,August,3,18667,28.23854449833875,Normal
ATM_0040,2022-03-16,Wednesday,Night,51137,6614,Gas Station,0,0,119502,Rainy,5,44393,2022,3,March,1,44523,42.79175243928972,Normal
ATM_0045,2023-01-29,Sunday,Night,47794,12064,Gas Station,0,0,88725,Clear,0,43412,2023,1,January,1,35730,53.86756832910679,Normal
ATM_0050,2023-03-12,Sunday,Afternoon,53674,7465,Bank Branch,0,0,90579,Cloudy,0,37345,2023,3,March,1,46209,59.25656057143488,Normal
ATM_0036,2022-09-13,Tuesday,Morning,53480,2759,Gas Station,0,0,71850,Cloudy,5,57485,2022,9,September,3,50721,74.43284620737649,High Risk
ATM_0034,2023-07-27,Thursday,Evening,39223,8932,Gas Station,0,0,106218,Cloudy,4,29520,2023,7,July,3,30291,36.92688621514244,Normal
ATM_0029,2022-06-12,Sunday,Night,72130,9904,Gas Station,0,0,79949,Rainy,5,50758,2022,6,June,2,62226,90.22001525972809,Normal
ATM_0018,2023-06-18,Sunday,Night,54840,5863,Bank Branch,0,0,110386,Clear,5,60947,2023,6,June,2,48977,49.68021307049807,Normal
ATM_0019,2022-08-29,Monday,Evening,72991,13450,Standalone,0,0,91975,Clear,1,51718,2022,8,August,3,59541,79.35960858929056,Normal
ATM_0010,2022-08-25,Thursday,Night,53361,10062,Bank Branch,0,0,101953,Clear,3,55715,2022,8,August,3,43299,52.33882279089384,Normal
ATM_0027,2022-12-05,Monday,Night,38404,17255,Gas Station,0,0,119185,Cloudy,3,23663,2022,12,December,4,21149,32.22217560934681,Normal
ATM_0050,2023-08-22,Tuesday,Morning,63084,10916,Supermarket,0,0,143796,Clear,2,50981,2023,8,August,3,52168,43.870483184511386,Normal
ATM_0020,2023-02-04,Saturday,Night,37875,0,Supermarket,0,0,89484,Rainy,3,39142,2023,2,February,1,37875,42.32600241383935,Normal
ATM_0015,2022-10-07,Friday,Night,55126,19380,Gas Station,0,0,119008,Snowy,5,47933,2022,10,October,4,35746,46.321255713901586,Normal
ATM_0044,2023-02-19,Sunday,Afternoon,41346,3398,Gas Station,0,1,136629,Clear,3,52332,2023,2,February,1,37948,30.26151109940057,Normal
ATM_0038,2023-08-01,Tuesday,Morning,67691,7654,Mall,0,0,65737,Rainy,3,73364,2023,8,August,3,60037,102.97245082677944,High Risk
ATM_0012,2022-02-21,Monday,Evening,70308,9427,Gas Station,0,0,124756,Cloudy,2,61910,2022,2,February,1,60881,56.35640770784571,Normal
ATM_0022,2023-01-24,Tuesday,Evening,50078,10234,Gas Station,1,0,90998,Clear,3,48309,2023,1,January,1,39844,55.03197872480714,Normal
ATM_0002,2023-07-07,Friday,Morning,59342,10601,Standalone,0,0,110288,Clear,5,44039,2023,7,July,3,48741,53.80639779486436,Normal
ATM_0003,2022-02-01,Tuesday,Afternoon,26988,16388,Bank Branch,0,0,106646,Rainy,1,12684,2022,2,February,1,10600,25.30615306715676,Normal
ATM_0009,2023-04-30,Sunday,Morning,38772,15896,Supermarket,0,1,101350,Cloudy,5,34170,2023,4,April,2,22876,38.255550074000986,Normal
ATM_0017,2023-01-13,Friday,Afternoon,46265,14857,Supermarket,0,0,112907,Clear,1,41031,2023,1,January,1,31408,40.976201652687614,Normal
ATM_0020,2022-04-21,Thursday,Morning,70529,15292,Standalone,0,0,64825,Cloudy,3,56498,2022,4,April,2,55237,108.79907443116082,High Risk
ATM_0046,2022-07-23,Saturday,Morning,45958,13587,Supermarket,0,0,130047,Rainy,0,33036,2022,7,July,3,32371,35.33953109260498,Normal
ATM_0045,2022-11-05,Saturday,Morning,51111,1483,Supermarket,0,0,98889,Snowy,4,48807,2022,11,November,4,49628,51.685222825592334,Normal
ATM_0028,2023-11-09,Thursday,Evening,18988,9554,Mall,0,0,73910,Snowy,0,10373,2023,11,November,4,9434,25.690704911378702,Normal
ATM_0027,2023-05-17,Wednesday,Morning,60045,11832,Gas Station,0,1,81202,Cloudy,5,51443,2023,5,May,2,48213,73.94522302406344,Normal
ATM_0010,2023-03-22,Wednesday,Afternoon,49059,14775,Supermarket,0,1,80285,Snowy,4,42331,2023,3,March,1,34284,61.106059662452516,Normal
ATM_0035,2023-05-11,Thursday,Night,57560,7348,Gas Station,0,0,84142,Snowy,2,46123,2023,5,May,2,50212,68.40816714601507,Normal
ATM_0016,2022-03-30,Wednesday,Evening,48394,4823,Gas Station,0,0,88927,Cloudy,4,44383,2022,3,March,1,43571,54.41991746038886,Normal
ATM_0040,2023-11-16,Thursday,Night,32031,6501,Standalone,0,0,104279,Snowy,1,30573,2023,11,November,4,25530,30.716635180621214,Normal
ATM_0032,2022-08-06,Saturday,Evening,48315,8895,Standalone,0,0,112283,Snowy,4,36839,2022,8,August,3,39420,43.02966611152178,Normal
ATM_0001,2023-06-14,Wednesday,Afternoon,61362,8624,Mall,0,0,53961,Cloudy,3,58361,2023,6,June,2,52738,113.71546116639794,High Risk
ATM_0036,2022-09-04,Sunday,Night,74674,8754,Gas Station,0,0,111531,Clear,0,68316,2022,9,September,3,65920,66.9535824120648,Normal
ATM_0019,2022-08-15,Monday,Night,54668,9360,Bank Branch,0,0,80889,Snowy,3,49566,2022,8,August,3,45308,67.58397309893806,Normal
ATM_0036,2023-06-28,Wednesday,Evening,38654,2888,Gas Station,0,1,87068,Snowy,2,37044,2023,6,June,2,35766,44.39518537235264,Normal
ATM_0045,2023-04-10,Monday,Evening,33776,18435,Standalone,0,0,117632,Clear,5,23870,2023,4,April,2,15341,28.7132752992383,Normal
ATM_0013,2022-11-20,Sunday,Morning,51160,5693,Supermarket,0,1,130462,Rainy,1,53551,2022,11,November,4,45467,39.2144839110239,Normal
ATM_0014,2023-05-11,Thursday,Evening,58083,5621,Supermarket,0,1,72344,Snowy,0,64058,2023,5,May,2,52462,80.28723874820302,High Risk
ATM_0013,2022-10-31,Monday,Afternoon,29021,12814,Standalone,0,0,86987,Clear,5,17148,2022,10,October,4,16207,33.36245645901111,Normal
ATM_0035,2022-05-10,Tuesday,Evening,42693,10242,Mall,0,1,83380,Snowy,5,38011,2022,5,May,2,32451,51.20292636123771,Normal
ATM_0009,2023-10-16,Monday,Night,46415,5462,Mall,0,0,88464,Snowy,3,35747,2023,10,October,4,40953,52.46767046482185,Normal
ATM_0031,2023-03-28,Tuesday,Evening,61330,10496,Bank Branch,0,1,115027,Snowy,3,63369,2023,3,March,1,50834,53.31791666304433,Normal
ATM_0008,2022-03-08,Tuesday,Night,40060,12852,Gas Station,0,0,84734,Clear,1,32198,2022,3,March,1,27208,47.27736209785918,Normal
ATM_0010,2023-07-31,Monday,Evening,22926,11298,Mall,0,1,81913,Clear,4,19055,2023,7,July,3,11628,27.988231416258714,Normal
ATM_0049,2023-03-03,Friday,Afternoon,49008,3944,Supermarket,0,0,86963,Cloudy,2,43567,2023,3,March,1,45064,56.355001552384344,Normal
ATM_0038,2023-03-16,Thursday,Evening,50710,15031,Supermarket,0,0,88462,Clear,1,33095,2023,3,March,1,35679,57.32404874409352,Normal
ATM_0041,2022-08-05,Friday,Evening,57947,17207,Mall,0,0,50567,Rainy,4,37843,2022,8,August,3,40740,114.59449838827693,Normal
ATM_0005,2022-06-10,Friday,Morning,38046,11855,Gas Station,0,0,87920,Cloudy,2,37715,2022,6,June,2,26191,43.27343039126479,Normal
ATM_0003,2022-08-26,Friday,Evening,51298,9221,Standalone,0,0,123355,Cloudy,0,35629,2022,8,August,3,42077,41.58566738275709,Normal
ATM_0044,2022-08-28,Sunday,Evening,53816,7561,Supermarket,0,0,91348,Rainy,3,39728,2022,8,August,3,46255,58.913167228620225,Normal
ATM_0008,2023-07-12,Wednesday,Afternoon,54346,20377,Bank Branch,0,1,117422,Rainy,0,40499,2023,7,July,3,33969,46.28263868780978,Normal
ATM_0004,2022-06-19,Sunday,Evening,45109,0,Supermarket,0,0,79838,Snowy,3,44435,2022,6,June,2,45109,56.500663844284674,Normal
ATM_0008,2023-04-25,Tuesday,Evening,50276,18382,Gas Station,0,1,106538,Cloudy,3,40754,2023,4,April,2,31894,47.19067375021119,Normal
ATM_0006,2023-09-05,Tuesday,Morning,46713,11178,Gas Station,0,0,115417,Snowy,0,28712,2023,9,September,3,35535,40.47324051049672,Normal
ATM_0006,2022-08-23,Tuesday,Morning,27821,15718,Standalone,0,0,106769,Rainy,3,17105,2022,8,August,3,12103,26.057188884414018,Normal
ATM_0034,2023-10-30,Monday,Night,43770,10909,Standalone,0,0,104964,Cloudy,5,30516,2023,10,October,4,32861,41.70001143249114,Normal
ATM_0032,2022-04-04,Monday,Night,62455,5719,Standalone,0,0,101431,Snowy,5,63645,2022,4,April,2,56736,61.573877808559516,Normal
ATM_0007,2022-06-14,Tuesday,Evening,42835,15187,Gas Station,0,0,89799,Snowy,5,22142,2022,6,June,2,27648,47.700976625574896,Normal
ATM_0026,2023-07-18,Tuesday,Morning,45951,5106,Gas Station,0,0,91114,Snowy,2,36577,2023,7,July,3,40845,50.43242531334372,Normal
ATM_0008,2023-02-18,Saturday,Morning,55659,14348,Supermarket,0,0,127112,Clear,1,48909,2023,2,February,1,41311,43.787368619799864,Normal
ATM_0034,2023-01-06,Friday,Night,38393,3776,Gas Station,0,0,64425,Rainy,2,34133,2023,1,January,1,34617,59.59332557237097,Normal
ATM_0036,2022-05-15,Sunday,Evening,72440,11399,Gas Station,0,0,77490,Cloudy,0,63426,2022,5,May,2,61041,93.48303006839592,High Risk
ATM_0002,2023-10-08,Sunday,Afternoon,51640,13628,Bank Branch,0,0,109620,Clear,4,48067,2023,10,October,4,38012,47.108191935778144,Normal
ATM_0027,2022-04-06,Wednesday,Afternoon,53358,19410,Mall,0,0,126908,Clear,5,34886,2022,4,April,2,33948,42.044630756138304,Normal
ATM_0010,2023-05-26,Friday,Evening,35155,9371,Supermarket,0,0,101114,Cloudy,3,29883,2023,5,May,2,25784,34.76768795616829,Normal
ATM_0031,2022-09-07,Wednesday,Night,66412,9209,Supermarket,0,0,91462,Rainy,4,69831,2022,9,September,3,57203,72.61157639238154,Normal
ATM_0033,2022-05-20,Friday,Morning,34818,1725,Standalone,0,0,116463,Cloudy,2,31516,2022,5,May,2,33093,29.896190206331624,Normal
ATM_0033,2022-10-01,Saturday,Morning,51099,8321,Standalone,0,0,133380,Cloudy,1,39427,2022,10,October,4,42778,38.31084120557805,Normal
ATM_0029,2023-07-06,Thursday,Night,46313,8636,Standalone,0,0,46062,Cloudy,3,48115,2023,7,July,3,37677,100.54491771959533,Normal
ATM_0021,2022-07-13,Wednesday,Afternoon,49185,19244,Supermarket,0,0,122531,Cloudy,0,23599,2022,7,July,3,29941,40.14086231239442,Normal
ATM_0021,2023-04-30,Sunday,Night,45966,4467,Gas Station,0,1,151467,Rainy,3,41097,2023,4,April,2,41499,30.34720434153974,Normal
ATM_0003,2022-05-10,Tuesday,Evening,50888,10990,Mall,0,0,97112,Cloudy,0,38343,2022,5,May,2,39898,52.40135101738199,Normal
ATM_0034,2023-04-13,Thursday,Morning,49508,7282,Bank Branch,0,0,85743,Rainy,0,49672,2023,4,April,2,42226,57.73999043653709,Normal
ATM_0031,2022-09-29,Thursday,Evening,51596,0,Supermarket,0,0,121830,Clear,2,49547,2022,9,September,3,51596,42.35081671181154,Normal
ATM_0044,2023-07-01,Saturday,Night,44859,8142,Standalone,0,0,71849,Cloudy,4,41707,2023,7,July,3,36717,62.43510696043091,Normal
ATM_0003,2023-09-25,Monday,Morning,38332,14678,Bank Branch,0,0,125431,Snowy,1,22113,2023,9,September,3,23654,30.56022833270882,Normal
ATM_0048,2022-04-03,Sunday,Night,60825,4354,Mall,0,0,89509,Clear,3,61845,2022,4,April,2,56471,67.95406048553777,Normal
ATM_0011,2023-12-12,Tuesday,Evening,57340,8798,Mall,0,0,92503,Clear,2,54274,2023,12,December,4,48542,61.98717879420127,Normal
ATM_0023,2023-01-19,Thursday,Night,44585,15796,Bank Branch,0,0,78378,Cloudy,4,25918,2023,1,January,1,28789,56.88458496006532,Normal
ATM_0044,2022-07-04,Monday,Afternoon,59239,11630,Bank Branch,0,0,74977,Cloudy,4,46371,2022,7,July,3,47609,79.00956293263268,Normal
ATM_0044,2022-09-04,Sunday,Night,42159,15245,Supermarket,0,0,85913,Cloudy,5,34015,2022,9,September,3,26914,49.07173536018996,Normal
ATM_0017,2023-04-16,Sunday,Evening,28873,3597,Mall,0,0,135095,Cloudy,2,26891,2023,4,April,2,25276,21.372367593175174,Normal
ATM_0044,2023-07-14,Friday,Afternoon,53165,9516,Mall,0,0,89101,Snowy,4,53923,2023,7,July,3,43649,59.66824165834278,Normal
ATM_0020,2023-10-17,Tuesday,Night,55987,10571,Standalone,0,0,103006,Snowy,1,48907,2023,10,October,4,45416,54.353144477020756,Normal
ATM_0025,2023-05-10,Wednesday,Morning,54617,1449,Bank Branch,0,0,73036,Snowy,4,45408,2023,5,May,2,53168,74.78092995235227,Normal
ATM_0019,2023-12-18,Monday,Evening,61148,10092,Mall,0,1,106951,Cloudy,2,53697,2023,12,December,4,51056,57.173845966844624,Normal
ATM_0001,2023-08-03,Thursday,Morning,52937,5108,Supermarket,0,0,108165,Snowy,1,51470,2023,8,August,3,47829,48.94096981463505,Normal
ATM_0039,2022-12-27,Tuesday,Afternoon,24461,11280,Bank Branch,0,0,119653,Rainy,5,16053,2022,12,December,4,13181,20.443281823272297,Normal
ATM_0007,2023-10-05,Thursday,Morning,22386,3602,Standalone,0,0,87503,Clear,4,16267,2023,10,October,4,18784,25.583122864358938,Normal
ATM_0024,2022-05-15,Sunday,Morning,50391,10933,Standalone,0,0,84892,Cloudy,1,37663,2022,5,May,2,39458,59.35895019554257,Normal
ATM_0013,2022-05-16,Monday,Evening,36151,3241,Supermarket,0,0,80482,Snowy,1,34719,2022,5,May,2,32910,44.91811833701946,Normal
ATM_0017,2023-05-09,Tuesday,Evening,65804,12466,Standalone,0,0,103696,Cloudy,0,64352,2023,5,May,2,53338,63.458571208146886,Normal
ATM_0010,2022-08-20,Saturday,Night,41365,10610,Supermarket,0,0,151201,Cloudy,0,29227,2022,8,August,3,30755,27.35762329614222,Normal
ATM_0017,2023-07-04,Tuesday,Morning,48559,9825,Gas Station,0,0,135416,Snowy,4,45169,2023,7,July,3,38734,35.85913038341112,Normal
ATM_0025,2023-10-16,Monday,Evening,60616,7187,Mall,0,0,112648,Cloudy,0,49376,2023,10,October,4,53429,53.81009871457994,Normal
ATM_0040,2023-07-29,Saturday,Evening,64588,6364,Supermarket,0,0,95049,Clear,5,71752,2023,7,July,3,58224,67.95231933002978,Normal
ATM_0030,2023-12-19,Tuesday,Evening,48883,13103,Gas Station,0,0,103554,Clear,0,44826,2023,12,December,4,35780,47.20532282673774,Normal
ATM_0020,2023-05-20,Saturday,Morning,29969,12798,Mall,0,0,121615,Rainy,3,20440,2023,5,May,2,17171,24.64251942605764,Normal
ATM_0030,2023-01-15,Sunday,Night,48947,1695,Supermarket,0,0,108592,Rainy,3,41364,2023,1,January,1,47252,45.07422277884191,Normal
ATM_0042,2022-04-12,Tuesday,Night,53115,4594,Supermarket,0,0,121063,Snowy,0,57604,2022,4,April,2,48521,43.87385080495279,Normal
ATM_0045,2023-01-15,Sunday,Afternoon,49406,13407,Gas Station,0,0,100566,Rainy,2,33570,2023,1,January,1,35999,49.12793588290277,Normal
ATM_0007,2023-12-04,Monday,Evening,50446,10480,Supermarket,0,1,90754,Snowy,0,46126,2023,12,December,4,39966,55.585428741432885,Normal
ATM_0026,2022-10-10,Monday,Afternoon,53332,7606,Mall,0,1,125115,Cloudy,0,46057,2022,10,October,4,45726,42.626383726971184,Normal
ATM_0043,2022-08-06,Saturday,Morning,36580,17234,Mall,0,0,103931,Rainy,1,19917,2022,8,August,3,19346,35.19642839961128,Normal
ATM_0037,2022-07-30,Saturday,Morning,54005,14448,Supermarket,0,0,101645,Rainy,1,50495,2022,7,July,3,39557,53.130995130109696,Normal
ATM_0022,2022-06-01,Wednesday,Morning,65982,7413,Standalone,0,0,128186,Rainy,1,59418,2022,6,June,2,58569,51.473639867068165,Normal
ATM_0035,2022-09-14,Wednesday,Afternoon,43317,17266,Mall,0,0,131591,Clear,1,29204,2022,9,September,3,26051,32.917904719927655,Normal
ATM_0001,2023-01-02,Monday,Afternoon,42157,3277,Supermarket,0,0,81626,Rainy,2,36700,2023,1,January,1,38880,51.6465341925367,Normal
ATM_0004,2022-05-10,Tuesday,Night,49479,11171,Supermarket,0,0,131010,Clear,3,33011,2022,5,May,2,38308,37.76734600412182,Normal
ATM_0029,2023-01-06,Friday,Morning,35024,14921,Gas Station,0,0,95720,Clear,5,30306,2023,1,January,1,20103,36.59005432511492,Normal
ATM_0043,2023-06-18,Sunday,Evening,33159,11912,Gas Station,0,0,103329,Clear,0,25578,2023,6,June,2,21247,32.090700577766164,Normal
ATM_0031,2023-02-16,Thursday,Night,57386,6811,Mall,0,0,89380,Cloudy,0,46929,2023,2,February,1,50575,64.20452002685164,Normal
ATM_0006,2022-11-26,Saturday,Afternoon,40439,15945,Mall,0,0,128410,Snowy,3,34410,2022,11,November,4,24494,31.49209563118137,Normal
ATM_0039,2023-06-28,Wednesday,Evening,41438,7238,Gas Station,0,0,112658,Cloudy,0,31297,2023,6,June,2,34200,36.782119334623374,Normal
ATM_0045,2022-04-28,Thursday,Afternoon,73212,18979,Gas Station,0,0,87744,Rainy,3,66038,2022,4,April,2,54233,83.43818380743983,Normal
ATM_0022,2023-04-10,Monday,Night,44184,11429,Gas Station,0,0,106689,Snowy,3,38065,2023,4,April,2,32755,41.4138289795574,Normal
ATM_0021,2023-11-13,Monday,Evening,47345,6008,Standalone,0,1,72413,Cloudy,0,54082,2023,11,November,4,41337,65.38190656373855,High Risk
ATM_0006,2022-03-29,Tuesday,Morning,39036,7411,Gas Station,0,0,104475,Snowy,1,38979,2022,3,March,1,31625,37.36396267049533,Normal
ATM_0036,2022-03-03,Thursday,Evening,87903,7345,Mall,0,0,90211,Cloudy,5,88412,2022,3,March,1,80558,97.4415536907916,Normal
ATM_0004,2022-10-22,Saturday,Evening,65662,12919,Standalone,0,0,92814,Rainy,1,62761,2022,10,October,4,52743,70.74579266059,Normal
ATM_0043,2023-05-09,Tuesday,Afternoon,62307,12536,Mall,0,0,121333,Snowy,0,54277,2023,5,May,2,49771,51.3520641540224,Normal
ATM_0049,2022-10-13,Thursday,Afternoon,67539,9164,Gas Station,0,0,102934,Clear,4,55095,2022,10,October,4,58375,65.61388851108477,Normal
ATM_0043,2023-12-12,Tuesday,Evening,55530,8033,Mall,0,0,100574,Snowy,2,39396,2023,12,December,4,47497,55.21307693837374,Normal
ATM_0023,2022-01-07,Friday,Afternoon,69176,10955,Bank Branch,0,0,100928,Cloudy,0,65922,2022,1,January,1,58221,68.53994927076728,Normal
ATM_0010,2023-10-11,Wednesday,Morning,59682,20816,Mall,0,0,93844,Rainy,3,49871,2023,10,October,4,38866,63.59703337453646,Normal
ATM_0027,2023-04-10,Monday,Evening,53287,9523,Bank Branch,0,0,105580,Snowy,4,46914,2023,4,April,2,43764,50.4707330933889,Normal
ATM_0039,2022-03-28,Monday,Morning,43303,10970,Bank Branch,0,0,121472,Clear,5,27130,2022,3,March,1,32333,35.64854452054795,Normal
ATM_0006,2022-10-06,Thursday,Night,34602,15975,Gas Station,0,0,69536,Cloudy,3,13365,2022,10,October,4,18627,49.76127473538886,Normal
ATM_0018,2022-08-09,Tuesday,Morning,41616,11886,Standalone,0,0,131310,Snowy,5,36074,2022,8,August,3,29730,31.692940370116517,Normal
ATM_0044,2023-08-31,Thursday,Night,49013,2759,Supermarket,0,0,56023,Clear,1,39942,2023,8,August,3,46254,87.4872820091748,Normal
ATM_0026,2023-09-06,Wednesday,Morning,34681,13541,Mall,0,0,104876,Rainy,1,28203,2023,9,September,3,21140,33.068576223349474,Normal
ATM_0049,2022-09-19,Monday,Evening,41538,13251,Standalone,0,0,98016,Cloudy,5,29348,2022,9,September,3,28287,42.37879529872674,Normal
ATM_0028,2022-06-29,Wednesday,Afternoon,27117,6540,Gas Station,0,0,99088,Rainy,4,27369,2022,6,June,2,20577,27.36658323914097,Normal
ATM_0036,2023-11-16,Thursday,Evening,53650,3742,Mall,0,0,128875,Clear,3,58712,2023,11,November,4,49908,41.62948593598448,Normal
ATM_0002,2023-04-16,Sunday,Morning,55140,12283,Standalone,0,0,111395,Cloudy,5,50909,2023,4,April,2,42857,49.499528704160866,Normal
ATM_0041,2023-03-04,Saturday,Evening,56715,10982,Mall,0,0,114180,Snowy,1,55307,2023,3,March,1,45733,49.671571203363115,Normal
ATM_0040,2023-04-17,Monday,Evening,39854,19004,Mall,0,0,99196,Clear,1,17874,2023,4,April,2,20850,40.17702326706722,Normal
ATM_0028,2023-08-27,Sunday,Night,28538,14203,Supermarket,0,0,86947,Snowy,5,16038,2023,8,August,3,14335,32.82229404119751,Normal
ATM_0022,2022-08-15,Monday,Evening,43215,0,Bank Branch,0,0,68321,Clear,4,46585,2022,8,August,3,43215,63.25287978805931,Normal
ATM_0033,2022-07-18,Monday,Evening,61406,5165,Standalone,0,0,99045,Rainy,1,49939,2022,7,July,3,56241,61.99808168004443,Normal
ATM_0007,2022-05-30,Monday,Evening,49945,4208,Bank Branch,0,0,130067,Rainy,5,49012,2022,5,May,2,45737,38.399440288466714,Normal
ATM_0005,2022-07-01,Friday,Night,63160,11041,Gas Station,0,0,59165,Cloudy,5,45291,2022,7,July,3,52119,106.75230288177131,Normal
ATM_0037,2023-10-21,Saturday,Evening,34975,8594,Standalone,0,0,135953,Clear,3,34023,2023,10,October,4,26381,25.72580229932403,Normal
ATM_0029,2023-10-09,Monday,Evening,59612,16996,Standalone,0,0,118492,Snowy,4,31988,2023,10,October,4,42616,50.30888161226075,Normal
ATM_0005,2022-11-14,Monday,Night,50894,6765,Gas Station,0,0,113964,Snowy,2,49157,2022,11,November,4,44129,44.657962163490225,Normal
ATM_0005,2023-10-23,Monday,Morning,55902,15247,Supermarket,0,0,89295,Cloudy,3,32067,2023,10,October,4,40655,62.60372921216194,Normal
ATM_0038,2023-07-22,Saturday,Morning,69760,10987,Gas Station,0,1,141505,Rainy,2,67984,2023,7,July,3,58773,49.29861135648917,Normal
ATM_0039,2023-05-03,Wednesday,Afternoon,39662,6742,Mall,0,0,90322,Snowy,5,41450,2023,5,May,2,32920,43.911782290029,Normal
ATM_0006,2023-06-01,Thursday,Afternoon,57842,7131,Mall,0,0,99512,Cloudy,3,52993,2023,6,June,2,50711,58.12565318755527,Normal
ATM_0034,2023-06-20,Tuesday,Afternoon,82134,10190,Standalone,0,0,102400,Snowy,3,63702,2023,6,June,2,71944,80.208984375,Normal
ATM_0027,2022-12-13,Tuesday,Morning,46139,1657,Standalone,0,0,107984,Clear,4,49437,2022,12,December,4,44482,42.72762631500963,Normal
ATM_0044,2023-01-31,Tuesday,Evening,59707,3871,Standalone,1,0,70712,Rainy,2,74340,2023,1,January,1,55836,84.43687068672926,High Risk
ATM_0006,2023-08-20,Sunday,Afternoon,53366,15235,Standalone,0,0,133678,Cloudy,1,38810,2023,8,August,3,38131,39.921303430631816,Normal
ATM_0039,2023-12-27,Wednesday,Morning,43116,9136,Standalone,0,0,117673,Snowy,1,31993,2023,12,December,4,33980,36.64052076517128,Normal
ATM_0043,2023-12-21,Thursday,Morning,72148,16900,Gas Station,0,0,87488,Clear,2,62245,2023,12,December,4,55248,82.46616678858814,Normal
ATM_0020,2022-07-04,Monday,Afternoon,55937,7248,Standalone,0,1,86567,Cloudy,1,69204,2022,7,July,3,48689,64.61700185983112,Normal
ATM_0015,2022-05-21,Saturday,Afternoon,49616,15863,Mall,0,0,110872,Clear,4,36515,2022,5,May,2,33753,44.75070351396205,Normal
ATM_0050,2023-07-07,Friday,Morning,44440,15743,Standalone,0,0,65205,Rainy,4,27508,2023,7,July,3,28697,68.15428264703627,Normal
ATM_0025,2022-06-07,Tuesday,Afternoon,30579,15804,Bank Branch,0,0,90645,Rainy,5,24837,2022,6,June,2,14775,33.7348998841635,Normal
ATM_0029,2022-02-14,Monday,Night,55197,10384,Standalone,0,0,74340,Rainy,3,42102,2022,2,February,1,44813,74.24939467312349,Normal
ATM_0040,2022-10-19,Wednesday,Night,26651,7859,Bank Branch,0,0,130015,Snowy,3,18513,2022,10,October,4,18792,20.498404030304197,Normal
ATM_0013,2023-01-12,Thursday,Night,62753,8391,Gas Station,0,0,141534,Cloudy,4,63816,2023,1,January,1,54362,44.33775629883986,Normal
ATM_0034,2023-03-05,Sunday,Afternoon,65454,11193,Bank Branch,0,0,94819,Rainy,2,53509,2023,3,March,1,54261,69.03046857697296,Normal
ATM_0004,2023-10-19,Thursday,Night,47054,13638,Standalone,0,0,101038,Clear,5,30732,2023,10,October,4,33416,46.57059720105307,Normal
ATM_0034,2022-05-08,Sunday,Evening,60989,9596,Mall,0,0,101572,Snowy,3,44295,2022,5,May,2,51393,60.04509116685701,Normal
ATM_0033,2022-05-31,Tuesday,Night,20026,14581,Mall,0,1,106929,Rainy,3,15613,2022,5,May,2,5445,18.72831505017348,Normal
ATM_0023,2022-01-28,Friday,Night,81325,9302,Mall,0,0,122163,Snowy,1,63843,2022,1,January,1,72023,66.57089298723837,Normal
ATM_0025,2022-03-25,Friday,Evening,34401,6881,Bank Branch,0,0,138280,Clear,5,35416,2022,3,March,1,27520,24.877784205958925,Normal
ATM_0042,2022-12-10,Saturday,Afternoon,63051,12478,Bank Branch,0,0,103008,Cloudy,5,52885,2022,12,December,4,50573,61.20980894687791,Normal
ATM_0009,2023-12-24,Sunday,Night,55474,11005,Gas Station,1,0,121013,Clear,0,39428,2023,12,December,4,44469,45.841355887384,Normal
ATM_0017,2022-08-09,Tuesday,Afternoon,66582,15935,Supermarket,0,1,112774,Cloudy,0,57599,2022,8,August,3,50647,59.040204302410125,Normal
ATM_0050,2022-10-23,Sunday,Afternoon,32854,11513,Standalone,0,0,84914,Rainy,3,33383,2022,10,October,4,21341,38.69091080387215,Normal
ATM_0041,2023-09-30,Saturday,Night,49037,11643,Mall,0,0,106427,Cloudy,4,40231,2023,9,September,3,37394,46.07571386960076,Normal
ATM_0035,2022-01-17,Monday,Afternoon,56328,8779,Bank Branch,0,0,119281,Clear,4,45110,2022,1,January,1,47549,47.22294414030734,Normal
ATM_0023,2022-09-04,Sunday,Night,58961,13505,Bank Branch,0,0,94048,Clear,4,58892,2022,9,September,3,45456,62.692454916638304,Normal
ATM_0024,2022-03-11,Friday,Morning,70635,9134,Gas Station,0,0,100311,Clear,5,59438,2022,3,March,1,61501,70.41600622065377,Normal
ATM_0025,2023-01-18,Wednesday,Evening,73917,5765,Mall,0,0,80172,Clear,2,62198,2023,1,January,1,68152,92.19802424786708,High Risk
ATM_0016,2023-11-04,Saturday,Morning,17699,18210,Supermarket,0,0,120196,Snowy,1,5219,2023,11,November,4,-511,14.725115644447403,Normal
ATM_0003,2022-12-27,Tuesday,Evening,64726,8375,Bank Branch,0,0,50011,Cloudy,5,46828,2022,12,December,4,56351,129.4235268240987,Normal
ATM_0031,2023-10-09,Monday,Afternoon,84364,3052,Bank Branch,0,0,67092,Cloudy,0,84729,2023,10,October,4,81312,125.74375484409468,High Risk
ATM_0019,2022-07-26,Tuesday,Morning,70764,12819,Bank Branch,0,0,111895,Snowy,2,77131,2022,7,July,3,57945,63.24143169936101,Normal
ATM_0033,2023-02-12,Sunday,Night,62801,13794,Standalone,0,0,105623,Rainy,2,43066,2023,2,February,1,49007,59.45769387349347,Normal
ATM_0023,2022-02-18,Friday,Evening,38690,8596,Standalone,0,0,66140,Snowy,3,29741,2022,2,February,1,30094,58.497127305715146,Normal
ATM_0026,2023-03-27,Monday,Night,48524,10899,Standalone,0,1,127840,Cloudy,5,43086,2023,3,March,1,37625,37.95682102628285,Normal
ATM_0032,2023-01-12,Thursday,Evening,35155,14703,Mall,0,0,80350,Clear,3,18312,2023,1,January,1,20452,43.75233354075918,Normal
ATM_0039,2022-07-04,Monday,Evening,46630,10526,Standalone,0,0,73319,Snowy,5,44703,2022,7,July,3,36104,63.598794309796915,Normal
ATM_0019,2022-11-10,Thursday,Night,26105,12202,Supermarket,0,0,99607,Rainy,5,19842,2022,11,November,4,13903,26.207997429899503,Normal
ATM_0029,2022-12-26,Monday,Night,58287,10626,Mall,0,0,91411,Snowy,4,60302,2022,12,December,4,47661,63.76366082856549,Normal
ATM_0028,2022-10-09,Sunday,Morning,50732,10202,Mall,0,0,85960,Cloudy,2,45786,2022,10,October,4,40530,59.018147975802705,Normal
ATM_0033,2023-11-27,Monday,Afternoon,40056,3780,Mall,0,0,86141,Cloudy,0,42141,2023,11,November,4,36276,46.50050498601131,Normal
ATM_0009,2022-03-10,Thursday,Afternoon,45575,16238,Standalone,0,0,86530,Clear,4,36046,2022,3,March,1,29337,52.669594360337456,Normal
ATM_0010,2023-11-27,Monday,Night,54184,4062,Standalone,0,0,106196,Clear,4,55534,2023,11,November,4,50122,51.02263738747222,Normal
ATM_0009,2023-06-27,Tuesday,Evening,47220,9350,Gas Station,0,0,100876,Snowy,1,42011,2023,6,June,2,37870,46.80994488282644,Normal
ATM_0008,2022-01-27,Thursday,Afternoon,47794,7212,Gas Station,0,0,72603,Clear,2,44202,2022,1,January,1,40582,65.8292357065135,Normal
ATM_0050,2022-09-24,Saturday,Night,37944,18195,Bank Branch,0,1,133554,Snowy,5,29749,2022,9,September,3,19749,28.410979828384026,Normal
ATM_0032,2022-07-24,Sunday,Morning,41696,12844,Bank Branch,0,0,132567,Cloudy,1,30997,2022,7,July,3,28852,31.4527748232969,Normal
ATM_0046,2023-04-01,Saturday,Morning,41274,4926,Standalone,0,0,87014,Clear,4,30423,2023,4,April,2,36348,47.43374629369986,Normal
ATM_0035,2022-10-25,Tuesday,Evening,31640,11168,Bank Branch,0,0,68882,Rainy,2,27231,2022,10,October,4,20472,45.93362562062658,Normal
ATM_0033,2022-08-18,Thursday,Morning,20093,11870,Bank Branch,0,0,124553,Rainy,3,14201,2022,8,August,3,8223,16.132088347932203,Normal
ATM_0002,2023-01-05,Thursday,Evening,31855,18362,Gas Station,0,0,108380,Rainy,4,21678,2023,1,January,1,13493,29.391954235098726,Normal
ATM_0006,2022-03-09,Wednesday,Evening,58374,10380,Gas Station,0,1,110775,Cloudy,4,50419,2022,3,March,1,47994,52.69600541638456,Normal
ATM_0027,2023-02-24,Friday,Morning,36189,9443,Bank Branch,0,1,81921,Clear,3,40534,2023,2,February,1,26746,44.175486139085216,Normal
ATM_0030,2023-11-28,Tuesday,Evening,66369,13045,Bank Branch,0,0,78153,Rainy,1,66874,2023,11,November,4,53324,84.92188399677556,High Risk
ATM_0028,2023-05-30,Tuesday,Morning,45253,16065,Mall,0,0,102834,Snowy,1,32590,2023,5,May,2,29188,44.00587354376957,Normal
ATM_0011,2022-11-27,Sunday,Afternoon,52880,8454,Standalone,0,1,102670,Snowy,0,58622,2022,11,November,4,44426,51.50482127203663,Normal
ATM_0017,2022-07-21,Thursday,Evening,47712,6070,Bank Branch,0,0,73375,Clear,4,33963,2022,7,July,3,41642,65.02487223168654,Normal
ATM_0042,2022-06-22,Wednesday,Afternoon,22456,12539,Bank Branch,0,0,77932,Snowy,4,13857,2022,6,June,2,9917,28.814864240620025,Normal
ATM_0003,2022-01-30,Sunday,Morning,17706,9969,Mall,0,1,116769,Snowy,5,18963,2022,1,January,1,7737,15.16327107365825,Normal
ATM_0014,2023-08-09,Wednesday,Night,51227,9505,Supermarket,0,0,118381,Cloudy,5,50186,2023,8,August,3,41722,43.272991442883566,Normal
ATM_0035,2022-10-24,Monday,Evening,45645,6659,Gas Station,0,0,119840,Cloudy,2,33322,2022,10,October,4,38986,38.08828437917223,Normal
ATM_0030,2022-03-16,Wednesday,Morning,58047,5507,Bank Branch,0,0,100563,Cloudy,3,56302,2022,3,March,1,52540,57.722024999254195,Normal
ATM_0014,2022-12-15,Thursday,Afternoon,49863,9874,Standalone,0,0,116355,Snowy,5,43269,2022,12,December,4,39989,42.85419620987495,Normal
ATM_0023,2023-02-13,Monday,Afternoon,50155,3440,Standalone,0,0,78697,Clear,2,45660,2023,2,February,1,46715,63.73178138937951,Normal
ATM_0016,2023-04-23,Sunday,Morning,45421,10283,Standalone,0,0,110593,Rainy,0,46519,2023,4,April,2,35138,41.07041132802257,Normal
ATM_0004,2022-10-25,Tuesday,Night,50967,122,Supermarket,0,0,81213,Rainy,2,53763,2022,10,October,4,50845,62.75719404528831,Normal
ATM_0037,2022-11-17,Thursday,Afternoon,47838,17653,Bank Branch,0,0,124375,Cloudy,3,31811,2022,11,November,4,30185,38.462713567839195,Normal
ATM_0020,2023-05-25,Thursday,Morning,46798,17453,Mall,0,1,102973,Cloudy,1,52038,2023,5,May,2,29345,45.446864712109,Normal
ATM_0014,2023-08-21,Monday,Evening,44943,6932,Mall,0,0,93950,Cloudy,4,44715,2023,8,August,3,38011,47.83714741883981,Normal
ATM_0042,2023-11-20,Monday,Night,52408,10015,Standalone,0,0,108738,Clear,3,40214,2023,11,November,4,42393,48.19658261141459,Normal
ATM_0009,2022-09-28,Wednesday,Evening,67859,0,Gas Station,0,0,118686,Cloudy,0,57835,2022,9,September,3,67859,57.17523549534065,Normal
ATM_0037,2023-07-30,Sunday,Afternoon,29496,8876,Standalone,0,0,76597,Clear,3,25666,2023,7,July,3,20620,38.5080355627505,Normal
ATM_0033,2023-04-07,Friday,Evening,22970,7117,Supermarket,0,0,48179,Clear,1,14069,2023,4,April,2,15853,47.676373523734405,Normal
ATM_0007,2023-02-08,Wednesday,Evening,41806,11959,Standalone,0,0,70421,Snowy,1,26225,2023,2,February,1,29847,59.36581417474901,Normal
ATM_0013,2023-09-09,Saturday,Night,52750,9923,Supermarket,0,0,111585,Clear,1,36835,2023,9,September,3,42827,47.27337903840122,Normal
ATM_0046,2022-12-08,Thursday,Night,67948,9207,Supermarket,0,0,99453,Rainy,2,52338,2022,12,December,4,58741,68.32171980734618,Normal
ATM_0040,2022-11-23,Wednesday,Afternoon,36000,9135,Gas Station,0,1,134234,Snowy,4,34843,2022,11,November,4,26865,26.818838744282374,Normal
ATM_0022,2023-06-04,Sunday,Night,72067,8953,Supermarket,0,0,86618,Clear,2,71054,2023,6,June,2,63114,83.20095130342423,Normal
ATM_0022,2023-11-21,Tuesday,Morning,65598,13389,Gas Station,0,0,90241,Clear,4,40755,2023,11,November,4,52209,72.69201360800524,Normal
ATM_0031,2022-09-29,Thursday,Afternoon,82359,6971,Mall,0,0,114841,Rainy,4,81236,2022,9,September,3,75388,71.71567645701448,Normal
ATM_0041,2023-09-27,Wednesday,Night,54489,10160,Bank Branch,0,0,84931,Rainy,0,38038,2023,9,September,3,44329,64.15678609694929,Normal
ATM_0037,2023-12-19,Tuesday,Morning,80200,10682,Bank Branch,0,0,92693,Snowy,3,61040,2023,12,December,4,69518,86.52217535304716,Normal
ATM_0010,2023-02-27,Monday,Afternoon,52770,3264,Gas Station,0,0,80567,Cloudy,5,46701,2023,2,February,1,49506,65.49828093388112,Normal
ATM_0047,2022-03-05,Saturday,Afternoon,34296,12683,Supermarket,0,0,123714,Snowy,5,24598,2022,3,March,1,21613,27.722003976914493,Normal
ATM_0031,2023-06-23,Friday,Night,60784,14980,Standalone,0,1,84864,Cloudy,4,60464,2023,6,June,2,45804,71.62518853695325,High Risk
ATM_0022,2023-07-14,Friday,Evening,45159,8745,Standalone,0,0,126563,Rainy,1,41067,2023,7,July,3,36414,35.681044223035165,Normal
ATM_0018,2023-07-26,Wednesday,Evening,58343,6782,Bank Branch,0,1,118556,Snowy,2,71112,2023,7,July,3,51561,49.21134316272479,Normal
ATM_0046,2022-08-01,Monday,Night,72927,12539,Standalone,0,0,110765,Snowy,2,53687,2022,8,August,3,60388,65.83938969891211,Normal
ATM_0008,2023-08-11,Friday,Night,66087,4775,Gas Station,0,0,60672,Rainy,2,60634,2023,8,August,3,61312,108.92503955696202,High Risk
ATM_0003,2022-10-22,Saturday,Morning,46681,8615,Standalone,0,1,106148,Snowy,5,41861,2022,10,October,4,38066,43.97727700945849,Normal
ATM_0031,2022-08-08,Monday,Afternoon,62236,9164,Supermarket,0,0,105651,Snowy,1,61892,2022,8,August,3,53072,58.90715658157518,Normal
ATM_0007,2023-09-23,Saturday,Afternoon,57364,13674,Bank Branch,0,0,113257,Rainy,5,39399,2023,9,September,3,43690,50.64940798361249,Normal
ATM_0015,2022-02-23,Wednesday,Morning,67602,11998,Gas Station,0,0,86972,Cloudy,0,68915,2022,2,February,1,55604,77.72846433334867,Normal
ATM_0044,2022-05-21,Saturday,Morning,68574,10106,Supermarket,0,1,106176,Rainy,3,70430,2022,5,May,2,58468,64.58521699819168,Normal
ATM_0042,2023-05-03,Wednesday,Night,75533,12827,Bank Branch,0,0,64784,Snowy,2,69225,2023,5,May,2,62706,116.5920597678439,High Risk
ATM_0019,2023-10-24,Tuesday,Morning,69346,13365,Mall,0,0,97230,Rainy,4,47404,2023,10,October,4,55981,71.32160855702972,Normal
ATM_0048,2022-02-08,Tuesday,Afternoon,31635,8954,Gas Station,0,0,82989,Rainy,0,30041,2022,2,February,1,22681,38.11950981455374,Normal
ATM_0026,2023-05-23,Tuesday,Afternoon,75048,11973,Standalone,0,0,76082,Clear,2,60028,2023,5,May,2,63075,98.64094003837964,High Risk
ATM_0037,2023-09-10,Sunday,Morning,56669,9329,Standalone,0,0,100293,Cloudy,1,57755,2023,9,September,3,47340,56.50344490642417,Normal
ATM_0033,2023-04-25,Tuesday,Evening,38226,13241,Bank Branch,0,0,97581,Snowy,1,27973,2023,4,April,2,24985,39.17360961662619,Normal
ATM_0047,2023-04-15,Saturday,Evening,56292,13611,Bank Branch,0,0,92543,Snowy,2,58155,2023,4,April,2,42681,60.82793944436641,Normal
ATM_0037,2023-11-22,Wednesday,Afternoon,75904,8001,Bank Branch,0,0,104493,Cloudy,3,66959,2023,11,November,4,67903,72.64027255414238,Normal
ATM_0033,2022-12-02,Friday,Morning,63988,2371,Gas Station,0,0,125251,Rainy,1,70222,2022,12,December,4,61617,51.08781566614239,Normal
ATM_0031,2022-11-28,Monday,Afternoon,41722,22790,Mall,0,0,88715,Rainy,3,25263,2022,11,November,4,18932,47.02925097221439,Normal
ATM_0049,2022-10-01,Saturday,Evening,52768,20307,Standalone,0,0,124167,Clear,2,38165,2022,10,October,4,32461,42.49760403327777,Normal
ATM_0042,2023-01-04,Wednesday,Afternoon,61675,7244,Mall,0,0,83636,Cloudy,2,45951,2023,1,January,1,54431,73.74216844421063,Normal
ATM_0011,2023-02-20,Monday,Evening,49949,13481,Mall,0,0,119106,Snowy,2,45488,2023,2,February,1,36468,41.93659429415815,Normal
ATM_0040,2022-08-15,Monday,Afternoon,32874,9031,Bank Branch,0,0,85663,Cloudy,5,21952,2022,8,August,3,23843,38.37596161703419,Normal
ATM_0039,2023-01-18,Wednesday,Night,22001,17567,Supermarket,0,1,112616,Rainy,1,16407,2023,1,January,1,4434,19.53630034808553,Normal
ATM_0044,2023-09-03,Sunday,Morning,34637,19270,Supermarket,0,0,124420,Snowy,0,15764,2023,9,September,3,15367,27.83877190162353,Normal
ATM_0037,2022-04-25,Monday,Morning,58731,8138,Supermarket,0,1,121774,Rainy,4,60958,2022,4,April,2,50593,48.229507119746415,Normal
ATM_0035,2022-06-03,Friday,Afternoon,42667,4401,Standalone,0,0,102817,Cloudy,0,34961,2022,6,June,2,38266,41.49800130328642,Normal
ATM_0044,2022-07-30,Saturday,Night,23473,7669,Mall,0,0,68105,Cloudy,0,19909,2022,7,July,3,15804,34.465898245356435,Normal
ATM_0030,2022-05-16,Monday,Night,57704,7336,Gas Station,0,0,76601,Cloudy,5,45280,2022,5,May,2,50368,75.3306092609757,Normal
ATM_0020,2022-01-23,Sunday,Night,6916,9862,Standalone,0,0,135445,Rainy,4,0,2022,1,January,1,-2946,5.106131640149138,Normal
ATM_0005,2022-02-16,Wednesday,Night,40966,12343,Standalone,0,0,80032,Clear,0,34859,2022,2,February,1,28623,51.18702518992403,Normal
ATM_0031,2022-02-02,Wednesday,Evening,54526,9499,Gas Station,0,0,95926,Rainy,5,43406,2022,2,February,1,45027,56.841732168546585,Normal
ATM_0047,2023-10-24,Tuesday,Night,46602,11836,Standalone,0,1,118271,Cloudy,3,42150,2023,10,October,4,34766,39.402727633993116,Normal
ATM_0025,2023-01-20,Friday,Morning,37952,9893,Supermarket,0,0,85055,Snowy,0,25615,2023,1,January,1,28059,44.62053965081418,Normal
ATM_0012,2023-07-05,Wednesday,Night,13636,14420,Supermarket,0,0,114736,Rainy,0,0,2023,7,July,3,-784,11.884674382931252,Normal
ATM_0049,2022-01-24,Monday,Evening,45780,10334,Gas Station,1,0,110318,Cloudy,4,53342,2022,1,January,1,35446,41.49821425334034,Normal
ATM_0025,2022-08-24,Wednesday,Afternoon,26561,7354,Gas Station,0,0,115885,Snowy,1,17597,2022,8,August,3,19207,22.920136342063252,Normal
ATM_0047,2022-04-26,Tuesday,Morning,31185,12332,Gas Station,0,0,99287,Clear,1,24217,2022,4,April,2,18853,31.4089457834359,Normal
ATM_0014,2022-03-10,Thursday,Morning,38981,5948,Supermarket,0,0,104011,Clear,1,36030,2022,3,March,1,33033,37.47776677466806,Normal
ATM_0048,2022-02-15,Tuesday,Night,67229,12144,Gas Station,0,0,113862,Rainy,0,45232,2022,2,February,1,55085,59.0442816743075,Normal
ATM_0009,2023-05-31,Wednesday,Evening,37586,10430,Bank Branch,0,0,78557,Snowy,4,22414,2023,5,May,2,27156,47.84551344883333,Normal
ATM_0039,2023-11-20,Monday,Evening,6179,12182,Bank Branch,0,0,118078,Rainy,5,0,2023,11,November,4,-6003,5.232981588441539,Normal
ATM_0034,2022-08-15,Monday,Night,59287,20287,Standalone,0,0,100415,Rainy,5,51751,2022,8,August,3,39000,59.041975800428226,Normal
ATM_0044,2023-03-14,Tuesday,Night,39079,6770,Mall,0,1,84016,Cloudy,4,36335,2023,3,March,1,32309,46.513759283945916,Normal
ATM_0021,2023-12-15,Friday,Night,51840,18123,Gas Station,0,0,106461,Cloudy,1,42760,2023,12,December,4,33717,48.693887902612225,Normal
ATM_0049,2023-07-05,Wednesday,Night,46214,8540,Bank Branch,0,0,68736,Snowy,5,47612,2023,7,July,3,37674,67.23405493482309,Normal
ATM_0010,2023-04-20,Thursday,Morning,63246,9610,Supermarket,0,0,96390,Cloudy,4,45304,2023,4,April,2,53636,65.61469032057268,Normal
ATM_0034,2022-05-18,Wednesday,Night,97896,7868,Bank Branch,0,0,122968,Snowy,5,100960,2022,5,May,2,90028,79.61095569579078,Normal
ATM_0006,2023-04-06,Thursday,Evening,51699,2808,Mall,0,0,118384,Rainy,0,51008,2023,4,April,2,48891,43.670597378024056,Normal
ATM_0018,2023-01-22,Sunday,Morning,39977,7763,Mall,0,0,125620,Rainy,3,40664,2023,1,January,1,32214,31.823754179270818,Normal
ATM_0014,2022-12-07,Wednesday,Evening,57270,5768,Mall,0,0,87129,Rainy,5,59954,2022,12,December,4,51502,65.73012429845402,Normal
ATM_0008,2023-05-06,Saturday,Afternoon,65449,8326,Supermarket,0,0,91927,Cloudy,1,49297,2023,5,May,2,57123,71.19671043327858,Normal
ATM_0036,2022-11-26,Saturday,Evening,35673,12117,Gas Station,0,0,141250,Snowy,2,18324,2022,11,November,4,23556,25.255221238938052,Normal
ATM_0017,2023-01-04,Wednesday,Night,33987,10121,Gas Station,0,0,128244,Cloudy,2,33162,2023,1,January,1,23866,26.5018246467671,Normal
ATM_0014,2023-01-15,Sunday,Evening,34064,12141,Gas Station,0,0,96257,Rainy,5,23314,2023,1,January,1,21923,35.388595115160456,Normal
ATM_0010,2022-01-17,Monday,Evening,64785,15936,Supermarket,0,1,151791,Cloudy,2,62407,2022,1,January,1,48849,42.6803960709133,Normal
ATM_0010,2022-07-20,Wednesday,Evening,52915,8234,Bank Branch,0,0,106769,Rainy,3,53324,2022,7,July,3,44681,49.560265620170654,Normal
ATM_0036,2023-11-02,Thursday,Evening,45568,4967,Standalone,0,0,122797,Cloudy,5,40518,2023,11,November,4,40601,37.10839841364203,Normal
ATM_0042,2023-05-18,Thursday,Night,18172,6960,Bank Branch,0,0,125939,Snowy,1,12889,2023,5,May,2,11212,14.429207791073456,Normal
ATM_0009,2023-07-14,Friday,Night,49656,14203,Bank Branch,0,1,110934,Clear,4,39918,2023,7,July,3,35453,44.76175022986641,Normal
ATM_0003,2022-03-18,Friday,Morning,44123,5387,Mall,0,0,132307,Rainy,0,42424,2022,3,March,1,38736,33.34895357010589,Normal
ATM_0046,2022-06-04,Saturday,Morning,45165,14991,Bank Branch,0,0,91367,Snowy,0,29811,2022,6,June,2,30174,49.43250845491261,Normal
ATM_0040,2023-10-16,Monday,Night,36444,11621,Gas Station,0,0,76419,Cloudy,0,32945,2023,10,October,4,24823,47.68971067404703,Normal
ATM_0002,2023-06-27,Tuesday,Evening,67815,11416,Supermarket,0,1,94821,Clear,4,56928,2023,6,June,2,56399,71.51896731736642,Normal
ATM_0045,2023-11-22,Wednesday,Night,63069,3270,Bank Branch,0,0,102527,Clear,4,56174,2023,11,November,4,59799,61.514527880460754,Normal
ATM_0010,2022-09-04,Sunday,Afternoon,79083,12569,Supermarket,0,0,103591,Snowy,2,79726,2022,9,September,3,66514,76.3415740749679,Normal
ATM_0026,2022-03-22,Tuesday,Evening,59520,15548,Gas Station,0,0,108196,Rainy,5,51453,2022,3,March,1,43972,55.01127583274798,Normal
ATM_0015,2022-11-04,Friday,Morning,46381,9336,Mall,0,0,80509,Cloudy,3,36941,2022,11,November,4,37045,57.60970823137785,Normal
ATM_0036,2023-05-03,Wednesday,Morning,17409,14237,Mall,0,0,89293,Clear,3,5425,2023,5,May,2,3172,19.49648908649054,Normal
ATM_0028,2023-10-23,Monday,Evening,48642,13547,Supermarket,0,1,91290,Clear,4,38656,2023,10,October,4,35095,53.28294446270129,Normal
ATM_0003,2022-08-24,Wednesday,Afternoon,61082,13076,Supermarket,0,0,81291,Clear,0,60751,2022,8,August,3,48006,75.13992938947732,High Risk
ATM_0044,2022-10-15,Saturday,Morning,66289,11836,Bank Branch,0,1,136763,Snowy,0,55241,2022,10,October,4,54453,48.46998091589099,Normal
ATM_0014,2023-08-25,Friday,Afternoon,49708,8484,Gas Station,0,1,115998,Snowy,1,47162,2023,8,August,3,41224,42.85246297349954,Normal
ATM_0037,2022-09-04,Sunday,Night,25755,14751,Supermarket,0,0,134212,Rainy,5,21054,2022,9,September,3,11004,19.189789288588205,Normal
ATM_0047,2022-03-22,Tuesday,Evening,48433,9155,Mall,0,0,101401,Rainy,0,31596,2022,3,March,1,39278,47.763828759085214,Normal
ATM_0022,2023-09-12,Tuesday,Night,67428,5363,Standalone,0,0,104767,Snowy,3,51353,2023,9,September,3,62065,64.35996067463992,Normal
ATM_0032,2022-08-22,Monday,Evening,64627,12505,Supermarket,0,1,103791,Cloudy,1,63134,2022,8,August,3,52122,62.26647782563035,Normal
ATM_0044,2023-08-23,Wednesday,Night,65015,6729,Mall,0,0,63387,Snowy,1,66747,2023,8,August,3,58286,102.56834997712465,High Risk
ATM_0046,2022-03-17,Thursday,Morning,47938,14764,Standalone,0,0,132245,Rainy,5,37127,2022,3,March,1,33174,36.24938561004197,Normal
ATM_0025,2022-11-21,Monday,Evening,69723,10377,Mall,0,0,67960,Snowy,3,51501,2022,11,November,4,59346,102.59417304296645,Normal
ATM_0024,2022-10-04,Tuesday,Morning,82564,9120,Bank Branch,0,0,102464,Cloudy,3,83740,2022,10,October,4,73444,80.57854465958776,Normal
ATM_0036,2023-07-23,Sunday,Night,58272,6886,Mall,0,0,103892,Snowy,4,47858,2023,7,July,3,51386,56.08901551611288,Normal
ATM_0006,2023-09-04,Monday,Evening,40823,9814,Gas Station,0,0,91413,Cloudy,3,41989,2023,9,September,3,31009,44.6577620250949,Normal
ATM_0050,2022-03-28,Monday,Afternoon,39613,2968,Supermarket,0,0,98337,Cloudy,1,39467,2022,3,March,1,36645,40.28290470524828,Normal
ATM_0009,2022-10-03,Monday,Evening,51236,2712,Standalone,0,0,93815,Clear,1,55305,2022,10,October,4,48524,54.613867718381925,Normal
ATM_0028,2022-10-10,Monday,Night,38717,624,Standalone,0,0,102300,Clear,2,44967,2022,10,October,4,38093,37.846529814271754,Normal
ATM_0017,2022-09-10,Saturday,Night,53197,6240,Supermarket,0,0,93618,Cloudy,0,47507,2022,9,September,3,46957,56.82347411822513,Normal
ATM_0009,2022-11-08,Tuesday,Morning,38059,19505,Gas Station,0,0,98786,Cloudy,2,34526,2022,11,November,4,18554,38.526714311744584,Normal
ATM_0029,2022-12-09,Friday,Night,39373,2431,Supermarket,0,0,63937,Snowy,4,43709,2022,12,December,4,36942,61.580931229178724,Normal
ATM_0045,2022-07-25,Monday,Night,26237,2094,Standalone,0,0,117900,Cloudy,2,27588,2022,7,July,3,24143,22.253604749787957,Normal
ATM_0019,2023-12-13,Wednesday,Night,42754,10733,Supermarket,0,0,132244,Snowy,3,28734,2023,12,December,4,32021,32.32963310244699,Normal
ATM_0018,2023-02-07,Tuesday,Evening,63452,0,Mall,0,1,85616,Rainy,4,60833,2023,2,February,1,63452,74.11231545505514,High Risk
ATM_0035,2022-07-04,Monday,Morning,48031,10384,Gas Station,0,1,95502,Rainy,3,54854,2022,7,July,3,37647,50.293187577223506,Normal
ATM_0019,2023-12-11,Monday,Morning,40249,4548,Gas Station,0,0,128218,Rainy,5,39459,2023,12,December,4,35701,31.391068336738993,Normal
ATM_0020,2022-09-05,Monday,Evening,60623,11166,Bank Branch,0,0,119062,Cloudy,0,59798,2022,9,September,3,49457,50.91716920595992,Normal
ATM_0029,2023-09-05,Tuesday,Night,54306,4281,Supermarket,0,0,102171,Cloudy,4,40655,2023,9,September,3,50025,53.152068590891744,Normal
ATM_0003,2023-01-04,Wednesday,Morning,48071,590,Mall,0,0,89025,Snowy,1,40362,2023,1,January,1,47481,53.997191800056164,Normal
ATM_0042,2023-09-20,Wednesday,Morning,51392,16328,Supermarket,0,1,82676,Cloudy,2,46455,2023,9,September,3,35064,62.16072378924961,Normal
ATM_0028,2022-04-19,Tuesday,Morning,40306,18876,Mall,0,0,76127,Rainy,3,20298,2022,4,April,2,21430,52.945735415818305,Normal
ATM_0024,2023-02-05,Sunday,Night,63787,16962,Supermarket,0,0,94999,Rainy,2,56259,2023,2,February,1,46825,67.14491731491911,Normal
ATM_0002,2023-05-10,Wednesday,Morning,47985,14054,Standalone,0,0,115869,Clear,0,34261,2023,5,May,2,33931,41.41314760634855,Normal
ATM_0047,2022-05-26,Thursday,Evening,23772,15162,Standalone,0,0,122534,Rainy,4,13733,2022,5,May,2,8610,19.400329704408573,Normal
ATM_0031,2022-12-23,Friday,Night,33414,8925,Mall,0,0,93839,Cloudy,2,24219,2022,12,December,4,24489,35.607796332015475,Normal
ATM_0005,2022-11-04,Friday,Morning,61694,16551,Mall,0,0,127913,Snowy,5,48891,2022,11,November,4,45143,48.23121965711069,Normal
ATM_0007,2023-11-25,Saturday,Afternoon,24748,5970,Bank Branch,0,0,119297,Rainy,2,19772,2023,11,November,4,18778,20.74486365960586,Normal
ATM_0036,2023-03-13,Monday,Night,74233,9867,Bank Branch,0,0,105603,Rainy,1,74196,2023,3,March,1,64366,70.29440451502325,Normal
ATM_0041,2023-11-05,Sunday,Night,42892,9927,Gas Station,0,0,110925,Rainy,3,35748,2023,11,November,4,32965,38.667568176695966,Normal
ATM_0038,2023-03-16,Thursday,Night,50096,9558,Mall,0,0,92599,Rainy,2,38392,2023,3,March,1,40538,54.099936284409125,Normal
ATM_0049,2023-12-22,Friday,Morning,46118,17993,Supermarket,0,0,111218,Rainy,2,21440,2023,12,December,4,28125,41.46630941034724,Normal
ATM_0021,2022-07-21,Thursday,Night,45567,13484,Mall,0,0,93323,Cloudy,4,35127,2022,7,July,3,32083,48.82719158192514,Normal
ATM_0041,2022-11-17,Thursday,Night,48390,12238,Supermarket,0,0,68582,Clear,2,42129,2022,11,November,4,36152,70.5578723280161,Normal
ATM_0023,2023-04-14,Friday,Afternoon,33098,18662,Standalone,0,1,144626,Clear,5,26455,2023,4,April,2,14436,22.885235019982574,Normal
ATM_0009,2022-11-17,Thursday,Morning,22984,7286,Bank Branch,0,0,84244,Rainy,2,14026,2022,11,November,4,15698,27.28265514458003,Normal
ATM_0045,2022-05-25,Wednesday,Night,40687,103,Gas Station,0,0,114958,Cloudy,3,41937,2022,5,May,2,40584,35.392926112145304,Normal
ATM_0012,2023-05-14,Sunday,Afternoon,81111,5403,Supermarket,0,0,49394,Snowy,1,92053,2023,5,May,2,75708,164.2122525003037,High Risk
ATM_0012,2022-11-19,Saturday,Night,45709,15504,Supermarket,0,0,139166,Snowy,0,38602,2022,11,November,4,30205,32.84494776022879,Normal
ATM_0032,2022-05-20,Friday,Afternoon,43020,9470,Gas Station,0,1,152886,Cloudy,3,36035,2022,5,May,2,33550,28.13861308425886,Normal
ATM_0044,2023-05-19,Friday,Night,27455,11268,Gas Station,0,0,109353,Clear,4,17286,2023,5,May,2,16187,25.106764332025644,Normal
ATM_0002,2022-08-14,Sunday,Evening,54620,8041,Mall,0,0,105382,Snowy,1,42174,2022,8,August,3,46579,51.830483384259175,Normal
ATM_0050,2023-04-14,Friday,Night,44852,11885,Supermarket,0,0,99414,Clear,2,33480,2023,4,April,2,32967,45.11638199851127,Normal
ATM_0050,2023-07-11,Tuesday,Evening,23404,16309,Supermarket,0,0,81885,Clear,5,14548,2023,7,July,3,7095,28.581547291933813,Normal
ATM_0029,2023-07-14,Friday,Afternoon,40193,0,Gas Station,0,0,162754,Rainy,2,41435,2023,7,July,3,40193,24.69555279747349,Normal
ATM_0003,2023-04-06,Thursday,Evening,49176,11427,Standalone,0,0,110422,Clear,3,39446,2023,4,April,2,37749,44.53460361159914,Normal
ATM_0008,2022-08-31,Wednesday,Afternoon,59678,9013,Supermarket,0,0,96974,Cloudy,1,61641,2022,8,August,3,50665,61.540206653329754,Normal
ATM_0040,2022-05-23,Monday,Afternoon,58903,0,Bank Branch,0,0,113118,Snowy,4,47572,2022,5,May,2,58903,52.07217242171891,Normal
ATM_0018,2023-09-04,Monday,Afternoon,52921,15620,Standalone,0,1,118950,Snowy,2,55136,2023,9,September,3,37301,44.49012189995796,Normal
ATM_0037,2022-10-01,Saturday,Morning,35425,3101,Bank Branch,0,1,87465,Cloudy,0,35290,2022,10,October,4,32324,40.50191505173498,Normal
ATM_0018,2023-11-03,Friday,Afternoon,62935,14765,Bank Branch,0,0,110261,Snowy,1,50276,2023,11,November,4,48170,57.078205349126165,Normal
ATM_0049,2023-11-24,Friday,Night,60876,12580,Gas Station,0,0,87170,Snowy,5,55920,2023,11,November,4,48296,69.83595273603304,Normal
ATM_0027,2023-01-20,Friday,Night,56478,15944,Mall,0,0,114166,Clear,3,51429,2023,1,January,1,40534,49.470069898218384,Normal
ATM_0033,2022-10-12,Wednesday,Evening,49602,5590,Gas Station,0,1,96738,Snowy,4,51779,2022,10,October,4,44012,51.2745766916827,Normal
ATM_0001,2022-04-06,Wednesday,Night,38826,6037,Standalone,0,0,93840,Cloudy,1,37733,2022,4,April,2,32789,41.37468030690537,Normal
ATM_0028,2022-08-05,Friday,Night,21595,11066,Standalone,0,0,100024,Snowy,2,14693,2022,8,August,3,10529,21.58981844357354,Normal
ATM_0036,2023-08-15,Tuesday,Afternoon,37743,1962,Supermarket,0,0,84745,Snowy,5,32446,2023,8,August,3,35781,44.53714083426751,Normal
ATM_0049,2022-02-19,Saturday,Morning,62442,9030,Mall,0,0,94709,Cloudy,0,48192,2022,2,February,1,53412,65.93037620500691,Normal
ATM_0008,2022-06-11,Saturday,Night,19942,10299,Gas Station,0,0,105547,Cloudy,1,10322,2022,6,June,2,9643,18.893952457199163,Normal
ATM_0045,2022-05-16,Monday,Evening,4707,10919,Bank Branch,0,0,136010,Snowy,0,0,2022,5,May,2,-6212,3.460774943018895,Normal
ATM_0042,2023-01-05,Thursday,Evening,68584,14035,Mall,0,0,80529,Rainy,0,64773,2023,1,January,1,54549,85.16683430813744,High Risk
ATM_0026,2023-10-03,Tuesday,Evening,65903,23798,Bank Branch,0,0,107848,Clear,5,42067,2023,10,October,4,42105,61.107299161783246,Normal
ATM_0007,2022-01-02,Sunday,Afternoon,42365,6526,Gas Station,0,0,91814,Rainy,4,41120,2022,1,January,1,35839,46.14220053586599,Normal
ATM_0044,2023-04-01,Saturday,Morning,37663,15605,Mall,0,0,100004,Clear,3,20878,2023,4,April,2,22058,37.66149354025839,Normal
ATM_0045,2022-05-16,Monday,Night,49860,8360,Mall,0,0,103103,Clear,5,52431,2022,5,May,2,41500,48.35940758270855,Normal
ATM_0007,2022-04-16,Saturday,Evening,62376,5664,Standalone,0,0,86837,Rainy,3,55291,2022,4,April,2,56712,71.83113189078388,Normal
ATM_0050,2022-05-17,Tuesday,Afternoon,45444,7618,Mall,0,0,117487,Clear,4,43489,2022,5,May,2,37826,38.680024172887215,Normal
ATM_0042,2022-06-18,Saturday,Night,62763,9313,Standalone,0,0,107809,Rainy,3,44596,2022,6,June,2,53450,58.21684645994305,Normal
ATM_0040,2023-12-05,Tuesday,Night,48451,0,Bank Branch,0,0,97314,Clear,1,51023,2023,12,December,4,48451,49.78831411718766,Normal
ATM_0049,2022-05-07,Saturday,Night,64480,16180,Standalone,0,1,101773,Snowy,1,57328,2022,5,May,2,48300,63.356685957965276,Normal
ATM_0016,2022-10-11,Tuesday,Morning,52959,13078,Bank Branch,0,0,124077,Snowy,5,34494,2022,10,October,4,39881,42.682366594937015,Normal
ATM_0002,2023-11-06,Monday,Evening,50007,13006,Bank Branch,0,0,71122,Rainy,5,35283,2023,11,November,4,37001,70.31157728972751,Normal
ATM_0026,2022-10-30,Sunday,Morning,15557,7459,Bank Branch,0,0,97044,Clear,1,11939,2022,10,October,4,8098,16.030872593874943,Normal
ATM_0032,2023-10-16,Monday,Morning,54901,11502,Supermarket,0,0,112444,Clear,2,43479,2023,10,October,4,43399,48.82519298495251,Normal
ATM_0021,2022-05-16,Monday,Night,32917,13352,Supermarket,0,0,78562,Rainy,3,25688,2022,5,May,2,19565,41.89939156335124,Normal
ATM_0050,2022-03-16,Wednesday,Morning,55646,5489,Supermarket,0,0,82606,Snowy,1,55040,2022,3,March,1,50157,67.3631455342227,High Risk
ATM_0003,2022-03-03,Thursday,Night,66881,5496,Supermarket,0,0,112767,Cloudy,3,73782,2022,3,March,1,61385,59.30901770908156,Normal
ATM_0045,2023-02-16,Thursday,Morning,41838,9186,Supermarket,0,0,100818,Rainy,2,29518,2023,2,February,1,32652,41.49854192703684,Normal
ATM_0006,2022-11-14,Monday,Morning,34967,8857,Supermarket,0,1,80113,Rainy,4,35648,2022,11,November,4,26110,43.64709847340632,Normal
ATM_0021,2023-02-05,Sunday,Morning,86189,13923,Standalone,0,0,99614,Rainy,0,91593,2023,2,February,1,72266,86.5229786977734,Normal
ATM_0016,2022-03-30,Wednesday,Night,46056,4095,Mall,0,0,122286,Clear,2,47473,2022,3,March,1,41961,37.662528825867234,Normal
ATM_0043,2023-11-05,Sunday,Afternoon,56577,10098,Mall,0,0,113457,Rainy,5,41592,2023,11,November,4,46479,49.86646923504059,Normal
ATM_0001,2022-06-17,Friday,Night,58877,10509,Standalone,0,0,130980,Snowy,1,48091,2022,6,June,2,48368,44.95113757825622,Normal
ATM_0024,2022-05-10,Tuesday,Evening,52471,10254,Mall,0,0,103466,Clear,2,50880,2022,5,May,2,42217,50.713277791738356,Normal
ATM_0028,2022-10-06,Thursday,Morning,53659,1995,Standalone,0,0,83430,Clear,3,43112,2022,10,October,4,51664,64.31619321586959,Normal
ATM_0030,2023-06-08,Thursday,Evening,48451,1784,Mall,0,0,96482,Rainy,2,38135,2023,6,June,2,46667,50.217657179577536,Normal
ATM_0011,2022-09-19,Monday,Morning,74922,10104,Supermarket,0,0,104614,Clear,1,83356,2022,9,September,3,64818,71.61756552660256,Normal
ATM_0048,2023-06-06,Tuesday,Morning,31097,6918,Mall,0,0,92496,Clear,1,26458,2023,6,June,2,24179,33.61983220896039,Normal
ATM_0003,2023-04-29,Saturday,Evening,45234,4442,Gas Station,0,1,104930,Rainy,0,54229,2023,4,April,2,40792,43.10873915943962,Normal
ATM_0036,2023-11-03,Friday,Night,73708,4924,Bank Branch,0,0,83782,Cloudy,5,82839,2023,11,November,4,68784,87.97593755221885,High Risk
ATM_0021,2022-10-05,Wednesday,Morning,31136,14936,Supermarket,0,0,98480,Clear,1,25790,2022,10,October,4,16200,31.616571892770107,Normal
ATM_0015,2023-06-13,Tuesday,Morning,37472,20447,Gas Station,0,0,67846,Cloudy,2,20309,2023,6,June,2,17025,55.230964242549305,Normal
ATM_0050,2022-11-15,Tuesday,Evening,52771,9049,Mall,0,0,92851,Clear,2,52646,2022,11,November,4,43722,56.834067484464356,Normal
ATM_0013,2022-10-26,Wednesday,Evening,16822,17667,Supermarket,0,0,71520,Snowy,4,0,2022,10,October,4,-845,23.52069351230425,Normal
ATM_0032,2022-07-20,Wednesday,Afternoon,46000,7853,Bank Branch,0,0,111771,Cloudy,0,49775,2022,7,July,3,38147,41.15557702803053,Normal
ATM_0015,2023-07-09,Sunday,Evening,26028,12310,Mall,0,1,140486,Clear,5,18597,2023,7,July,3,13718,18.52711302193813,Normal
ATM_0025,2022-11-11,Friday,Morning,29552,12129,Bank Branch,0,0,100382,Rainy,3,25548,2022,11,November,4,17423,29.439540953557408,Normal
ATM_0032,2022-03-03,Thursday,Afternoon,77065,9045,Standalone,0,0,114395,Rainy,4,76942,2022,3,March,1,68020,67.36745487127934,Normal
ATM_0027,2023-12-19,Tuesday,Evening,30600,17420,Gas Station,0,1,107112,Clear,4,28771,2023,12,December,4,13180,28.56822764956307,Normal
ATM_0007,2023-06-02,Friday,Afternoon,31243,13022,Gas Station,0,0,117646,Clear,3,26970,2023,6,June,2,18221,26.556789011101102,Normal
ATM_0043,2022-05-14,Saturday,Afternoon,43218,7816,Standalone,0,0,98677,Snowy,3,36390,2022,5,May,2,35402,43.797440132959046,Normal
ATM_0045,2022-12-01,Thursday,Evening,44624,6762,Gas Station,1,0,114883,Clear,1,54895,2022,12,December,4,37862,38.84299678803653,Normal
ATM_0009,2023-08-22,Tuesday,Morning,47281,6753,Bank Branch,0,0,126426,Cloudy,3,39323,2023,8,August,3,40528,37.39816177052189,Normal
ATM_0021,2023-02-21,Tuesday,Morning,22001,15037,Supermarket,0,0,86307,Rainy,3,12350,2023,2,February,1,6964,25.49155920145527,Normal
ATM_0020,2023-04-20,Thursday,Evening,61859,3944,Mall,0,0,114615,Snowy,5,50445,2023,4,April,2,57915,53.971120708458756,Normal
ATM_0045,2023-09-10,Sunday,Morning,50214,5230,Bank Branch,0,0,91859,Snowy,1,55125,2023,9,September,3,44984,54.664213631761726,Normal
ATM_0006,2023-12-30,Saturday,Afternoon,60294,19882,Standalone,0,0,68715,Clear,5,43212,2023,12,December,4,40412,87.74503383540711,Normal
ATM_0020,2022-09-24,Saturday,Afternoon,36518,3348,Mall,0,1,96217,Cloudy,4,45141,2022,9,September,3,33170,37.9537919494476,Normal
ATM_0048,2023-07-18,Tuesday,Afternoon,63824,2744,Mall,0,0,99758,Rainy,0,64523,2023,7,July,3,61080,63.97882876561278,Normal
ATM_0001,2022-03-05,Saturday,Afternoon,63303,7896,Bank Branch,0,0,47915,Cloudy,2,63926,2022,3,March,1,55407,132.1152040070959,High Risk
ATM_0044,2023-10-08,Sunday,Morning,52984,16178,Supermarket,0,0,78578,Clear,0,45345,2023,10,October,4,36806,67.42854234009519,Normal
ATM_0005,2022-07-22,Friday,Night,23321,11598,Bank Branch,0,0,89916,Snowy,0,9611,2022,7,July,3,11723,25.936429556474934,Normal
ATM_0003,2023-04-18,Tuesday,Morning,48777,6621,Bank Branch,0,1,100683,Cloudy,5,60948,2023,4,April,2,42156,48.44611304788296,Normal
ATM_0026,2023-05-24,Wednesday,Morning,33691,4570,Gas Station,0,0,113587,Rainy,2,32727,2023,5,May,2,29121,29.660964723075704,Normal
ATM_0014,2022-07-11,Monday,Evening,32768,1370,Standalone,0,0,86448,Rainy,0,29304,2022,7,July,3,31398,37.90486766611142,Normal
ATM_0040,2023-09-27,Wednesday,Afternoon,43033,12310,Standalone,0,0,115667,Cloudy,0,36095,2023,9,September,3,30723,37.204215549811096,Normal
ATM_0006,2022-10-14,Friday,Night,46226,7012,Bank Branch,0,0,128447,Rainy,5,42078,2022,10,October,4,39214,35.988384314152924,Normal
ATM_0035,2022-01-20,Thursday,Night,51279,5958,Standalone,0,0,83391,Cloudy,2,52317,2022,1,January,1,45321,61.49224736482354,Normal
ATM_0037,2023-05-30,Tuesday,Evening,57837,13252,Gas Station,0,0,69938,Clear,2,41770,2023,5,May,2,44585,82.69753209985987,Normal
ATM_0039,2022-08-13,Saturday,Morning,44240,11251,Standalone,0,0,139913,Cloudy,4,31053,2022,8,August,3,32989,31.619649353526835,Normal
ATM_0023,2023-08-22,Tuesday,Afternoon,96648,12672,Bank Branch,0,0,117753,Rainy,2,95672,2023,8,August,3,83976,82.07688976077043,Normal
ATM_0035,2022-02-27,Sunday,Afternoon,53451,12488,Supermarket,0,0,113318,Cloudy,2,37337,2022,2,February,1,40963,47.169028750948655,Normal
ATM_0012,2022-06-30,Thursday,Afternoon,56323,7208,Supermarket,0,0,77996,Snowy,4,45488,2022,6,June,2,49115,72.21267757320888,Normal
ATM_0002,2023-12-22,Friday,Evening,56592,13894,Supermarket,0,0,109155,Rainy,3,56318,2023,12,December,4,42698,51.845540744812425,Normal
ATM_0035,2022-11-13,Sunday,Afternoon,75117,4541,Gas Station,0,0,92258,Clear,1,79778,2022,11,November,4,70576,81.420581412994,Normal
ATM_0039,2022-08-13,Saturday,Morning,45590,9642,Supermarket,0,0,69642,Snowy,4,40565,2022,8,August,3,35948,65.4633698055771,Normal
ATM_0013,2022-05-14,Saturday,Evening,44644,12503,Bank Branch,0,1,100995,Snowy,0,34230,2022,5,May,2,32141,44.20416852319421,Normal
ATM_0002,2022-06-01,Wednesday,Afternoon,60482,12104,Mall,0,0,109840,Snowy,0,53305,2022,6,June,2,48378,55.063729060451564,Normal
ATM_0024,2023-12-23,Saturday,Night,42109,7605,Supermarket,0,0,82744,Snowy,2,31456,2023,12,December,4,34504,50.89069902349414,Normal
ATM_0009,2022-06-11,Saturday,Night,65899,13085,Gas Station,0,0,113671,Rainy,5,55798,2022,6,June,2,52814,57.97344969253372,Normal
ATM_0036,2023-12-12,Tuesday,Evening,29510,8153,Bank Branch,0,0,102867,Rainy,3,24837,2023,12,December,4,21357,28.68752855629113,Normal
ATM_0020,2023-12-07,Thursday,Evening,34559,3236,Bank Branch,0,0,69552,Clear,5,35503,2023,12,December,4,31323,49.68800322061192,Normal
ATM_0037,2023-02-05,Sunday,Morning,66690,7320,Bank Branch,0,0,65852,Rainy,5,66760,2023,2,February,1,59370,101.27255056794023,High Risk
ATM_0037,2022-04-17,Sunday,Night,47661,7258,Bank Branch,0,0,103200,Clear,1,45006,2022,4,April,2,40403,46.18313953488372,Normal
ATM_0023,2022-11-24,Thursday,Afternoon,57526,8201,Mall,0,0,73479,Snowy,3,58784,2022,11,November,4,49325,78.2890349623702,High Risk
ATM_0001,2022-09-29,Thursday,Afternoon,35543,5214,Bank Branch,0,0,106875,Snowy,2,25434,2022,9,September,3,30329,33.2566081871345,Normal
ATM_0007,2022-01-02,Sunday,Morning,49270,8847,Gas Station,0,0,81515,Cloudy,1,46418,2022,1,January,1,40423,60.442863276697544,Normal
ATM_0027,2023-05-20,Saturday,Night,22307,5352,Standalone,0,0,70069,Clear,3,15709,2023,5,May,2,16955,31.83576189184946,Normal
ATM_0037,2023-10-29,Sunday,Afternoon,40249,5390,Bank Branch,0,0,79920,Clear,2,37467,2023,10,October,4,34859,50.361611611611615,Normal
ATM_0002,2022-11-23,Wednesday,Evening,39173,10884,Mall,0,0,89066,Rainy,3,31889,2022,11,November,4,28289,43.981990883165295,Normal
ATM_0011,2022-03-18,Friday,Morning,45925,3502,Standalone,0,0,116594,Cloudy,5,33576,2022,3,March,1,42423,39.388819321748976,Normal
ATM_0002,2023-03-18,Saturday,Afternoon,62170,4258,Supermarket,0,0,116375,Rainy,0,54811,2023,3,March,1,57912,53.422126745435015,Normal
ATM_0007,2022-12-06,Tuesday,Afternoon,73068,15088,Bank Branch,0,0,105429,Snowy,5,77781,2022,12,December,4,57980,69.30540932760437,Normal
ATM_0019,2022-11-01,Tuesday,Afternoon,58272,11702,Mall,0,0,107813,Cloudy,1,53129,2022,11,November,4,46570,54.0491406416666,Normal
ATM_0004,2023-01-05,Thursday,Morning,30102,8853,Gas Station,0,0,99130,Cloudy,1,25553,2023,1,January,1,21249,30.366185816604457,Normal
ATM_0007,2022-01-27,Thursday,Afternoon,58580,9689,Bank Branch,0,0,122487,Clear,3,43179,2022,1,January,1,48891,47.82548352070016,Normal
ATM_0008,2022-11-12,Saturday,Night,44988,9882,Gas Station,0,0,96512,Snowy,0,29018,2022,11,November,4,35106,46.6138925729443,Normal
ATM_0042,2023-07-12,Wednesday,Night,48027,14130,Bank Branch,0,0,91264,Cloudy,2,45190,2023,7,July,3,33897,52.62425490883591,Normal
ATM_0012,2023-04-02,Sunday,Morning,25901,18747,Standalone,0,0,127629,Snowy,1,15685,2023,4,April,2,7154,20.29397707417593,Normal
ATM_0018,2023-08-01,Tuesday,Morning,42455,11317,Bank Branch,0,0,105884,Clear,0,40772,2023,8,August,3,31138,40.095765176986134,Normal
ATM_0043,2022-12-19,Monday,Night,46483,6081,Supermarket,0,0,86189,Clear,3,38428,2022,12,December,4,40402,53.93147617445382,Normal
ATM_0034,2023-03-05,Sunday,Night,48992,6421,Supermarket,0,0,113641,Cloudy,2,48908,2023,3,March,1,42571,43.11120106299663,Normal
ATM_0006,2023-02-09,Thursday,Morning,72308,12498,Supermarket,0,0,109440,Rainy,0,75173,2023,2,February,1,59810,66.07090643274853,Normal
ATM_0049,2023-04-05,Wednesday,Afternoon,57233,3811,Bank Branch,0,1,117383,Rainy,1,62688,2023,4,April,2,53422,48.75748617772591,Normal
ATM_0003,2023-03-10,Friday,Morning,63309,13416,Gas Station,0,0,95813,Rainy,4,55128,2023,3,March,1,49893,66.07558473276069,Normal
ATM_0017,2022-11-24,Thursday,Morning,38210,3094,Mall,0,0,106076,Cloudy,4,40352,2022,11,November,4,35116,36.021343187903014,Normal
ATM_0021,2022-10-10,Monday,Night,60823,3306,Mall,0,0,113858,Cloudy,0,63461,2022,10,October,4,57517,53.420049535386184,Normal
ATM_0027,2022-06-03,Friday,Afternoon,79887,6166,Supermarket,0,0,89008,Clear,0,74944,2022,6,June,2,73721,89.75260650728025,Normal
ATM_0037,2022-04-14,Thursday,Evening,62893,10126,Supermarket,0,0,61606,Cloudy,2,44178,2022,4,April,2,52767,102.0890822322501,Normal
ATM_0025,2023-11-02,Thursday,Night,42603,17218,Supermarket,0,0,74869,Clear,1,26809,2023,11,November,4,25385,56.90339125672842,Normal
ATM_0018,2023-02-17,Friday,Afternoon,62198,13951,Supermarket,0,0,106801,Cloudy,0,58258,2023,2,February,1,48247,58.23728242244923,Normal
ATM_0026,2022-12-06,Tuesday,Afternoon,45030,6938,Mall,0,0,78296,Snowy,2,39973,2022,12,December,4,38092,57.512516603657915,Normal
ATM_0002,2022-12-12,Monday,Evening,37618,3244,Standalone,0,0,73550,Cloudy,5,39659,2022,12,December,4,34374,51.146159075458876,Normal
ATM_0044,2022-04-11,Monday,Afternoon,58233,8725,Bank Branch,0,0,97490,Cloudy,2,48273,2022,4,April,2,49508,59.73228023387014,Normal
ATM_0018,2023-03-03,Friday,Morning,54918,8851,Bank Branch,0,0,82971,Cloudy,5,49438,2023,3,March,1,46067,66.18939147412951,Normal
ATM_0032,2023-06-13,Tuesday,Evening,55512,8432,Mall,0,0,118436,Rainy,0,56107,2023,6,June,2,47080,46.87088385288257,Normal
ATM_0020,2023-12-28,Thursday,Night,57240,20282,Bank Branch,0,0,77382,Clear,1,32491,2023,12,December,4,36958,73.97069085833915,Normal
ATM_0013,2022-07-25,Monday,Morning,58332,5406,Bank Branch,0,0,91652,Clear,2,47813,2022,7,July,3,52926,63.645092305678,Normal
ATM_0046,2022-07-23,Saturday,Evening,45573,14879,Standalone,0,0,118369,Cloudy,5,37205,2022,7,July,3,30694,38.5007899027617,Normal
ATM_0008,2023-11-29,Wednesday,Morning,39356,3707,Bank Branch,0,0,95659,Cloudy,1,36678,2023,11,November,4,35649,41.141973050105065,Normal
ATM_0031,2023-08-24,Thursday,Evening,45372,3111,Standalone,0,0,88704,Snowy,5,37233,2023,8,August,3,42261,51.14989177489178,Normal
ATM_0045,2022-04-03,Sunday,Evening,65320,20442,Mall,0,0,68280,Rainy,4,49049,2022,4,April,2,44878,95.66490919742238,Normal
ATM_0050,2022-08-08,Monday,Afternoon,21801,5658,Bank Branch,0,0,110692,Snowy,5,17807,2022,8,August,3,16143,19.695190257651863,Normal
ATM_0027,2023-06-10,Saturday,Morning,54917,14621,Mall,0,0,79722,Rainy,5,49070,2023,6,June,2,40296,68.88562755575626,Normal
ATM_0012,2023-09-08,Friday,Morning,51285,5523,Bank Branch,0,0,91837,Snowy,5,51894,2023,9,September,3,45762,55.843505340984564,Normal
ATM_0046,2023-10-21,Saturday,Evening,62876,8826,Gas Station,0,0,100764,Snowy,3,56352,2023,10,October,4,54050,62.3992695804057,Normal
ATM_0017,2022-08-12,Friday,Night,28271,23103,Standalone,0,0,77760,Cloudy,4,10217,2022,8,August,3,5168,36.356738683127574,Normal
ATM_0007,2022-01-08,Saturday,Evening,54209,18793,Supermarket,0,0,107442,Snowy,2,47698,2022,1,January,1,35416,50.4541985443309,Normal
ATM_0044,2022-04-21,Thursday,Night,55837,15482,Mall,0,0,87486,Snowy,5,45588,2022,4,April,2,40355,63.823926113892504,Normal
ATM_0021,2022-10-11,Tuesday,Evening,37999,9682,Standalone,0,0,124748,Rainy,0,38279,2022,10,October,4,28317,30.460608586911214,Normal
ATM_0039,2023-02-18,Saturday,Evening,43140,14242,Bank Branch,0,0,55062,Cloudy,2,43621,2023,2,February,1,28898,78.34804402310122,Normal
ATM_0017,2023-03-05,Sunday,Night,40899,11056,Gas Station,0,0,124001,Rainy,2,28770,2023,3,March,1,29843,32.98279852581834,Normal
ATM_0047,2024-01-01,Monday,Afternoon,42621,617,Supermarket,1,0,112394,Cloudy,5,42432,2024,1,January,1,42004,37.92106340196096,Normal
ATM_0023,2023-06-04,Sunday,Evening,40634,9077,Bank Branch,0,0,87905,Rainy,2,36735,2023,6,June,2,31557,46.22490188271429,Normal
ATM_0007,2023-04-28,Friday,Afternoon,16916,13257,Standalone,0,0,77246,Rainy,5,10143,2023,4,April,2,3659,21.898868549827824,Normal
ATM_0022,2023-11-02,Thursday,Morning,58981,13341,Bank Branch,0,0,85316,Snowy,3,54704,2023,11,November,4,45640,69.13240189413474,High Risk
ATM_0022,2023-01-16,Monday,Evening,51229,13522,Supermarket,0,0,115781,Clear,3,47174,2023,1,January,1,37707,44.246465309506746,Normal
ATM_0004,2023-10-12,Thursday,Morning,56146,5694,Gas Station,0,0,128067,Clear,5,45329,2023,10,October,4,50452,43.841114416672525,Normal
ATM_0025,2023-06-27,Tuesday,Evening,60468,11482,Gas Station,0,0,109263,Rainy,1,60245,2023,6,June,2,48986,55.34169847066253,Normal
ATM_0013,2022-12-17,Saturday,Night,75499,15357,Supermarket,0,0,103812,Cloudy,1,70617,2022,12,December,4,60142,72.7266597310523,Normal
ATM_0021,2022-07-04,Monday,Morning,64119,19046,Gas Station,0,0,95639,Rainy,2,46795,2022,7,July,3,45073,67.04273361285668,Normal
ATM_0041,2022-03-01,Tuesday,Morning,33655,6076,Gas Station,0,0,92589,Rainy,4,34566,2022,3,March,1,27579,36.34881033384095,Normal
ATM_0049,2022-06-12,Sunday,Night,28916,5461,Mall,0,0,130385,Cloudy,5,28107,2022,6,June,2,23455,22.177397706791425,Normal
ATM_0028,2023-02-18,Saturday,Night,40132,14272,Gas Station,0,0,78161,Clear,4,35503,2023,2,February,1,25860,51.3453000857205,Normal
ATM_0013,2023-01-18,Wednesday,Morning,63353,4122,Standalone,0,0,82098,Rainy,0,52028,2023,1,January,1,59231,77.16753148675973,Normal
ATM_0044,2022-01-05,Wednesday,Afternoon,56948,3164,Bank Branch,0,0,116963,Snowy,2,61309,2022,1,January,1,53784,48.68890161846054,Normal
ATM_0009,2022-04-16,Saturday,Night,31512,6516,Supermarket,0,0,111640,Rainy,0,20788,2022,4,April,2,24996,28.226442135435327,Normal
ATM_0003,2022-11-02,Wednesday,Evening,34871,186,Gas Station,0,0,106993,Snowy,3,28285,2022,11,November,4,34685,32.591851803389005,Normal
ATM_0044,2022-05-18,Wednesday,Evening,26527,13395,Gas Station,0,0,93959,Rainy,1,21769,2022,5,May,2,13132,28.23252695324556,Normal
ATM_0026,2022-01-20,Thursday,Afternoon,55025,11580,Bank Branch,0,0,109385,Rainy,1,39160,2022,1,January,1,43445,50.303972208255246,Normal
ATM_0047,2022-01-23,Sunday,Afternoon,26966,13783,Mall,0,0,112249,Clear,3,17061,2022,1,January,1,13183,24.023376600236972,Normal
ATM_0041,2022-09-19,Monday,Morning,34749,8779,Supermarket,0,1,99213,Clear,5,38818,2022,9,September,3,25970,35.024643947869734,Normal
ATM_0002,2022-02-19,Saturday,Morning,47982,15408,Gas Station,0,0,73755,Clear,4,35023,2022,2,February,1,32574,65.05592841163312,Normal
ATM_0017,2023-05-01,Monday,Afternoon,59331,16644,Bank Branch,0,0,107736,Clear,2,47315,2023,5,May,2,42687,55.070728447315666,Normal
ATM_0027,2023-11-09,Thursday,Morning,66364,11246,Supermarket,0,0,120901,Rainy,3,57319,2023,11,November,4,55118,54.891191966981246,Normal
ATM_0007,2023-06-08,Thursday,Morning,44728,17817,Standalone,0,0,83631,Clear,3,25651,2023,6,June,2,26911,53.48256029462759,Normal
ATM_0013,2023-09-16,Saturday,Afternoon,72985,11838,Standalone,0,0,57999,Rainy,2,52754,2023,9,September,3,61147,125.83837652373317,Normal
ATM_0046,2023-02-24,Friday,Evening,59382,14426,Bank Branch,0,0,88152,Cloudy,1,46227,2023,2,February,1,44956,67.36319085216445,Normal
ATM_0045,2023-05-08,Monday,Evening,51853,4705,Bank Branch,0,0,129633,Clear,0,58268,2023,5,May,2,47148,39.99984571829704,Normal
ATM_0037,2023-11-17,Friday,Night,79438,10018,Bank Branch,0,1,120229,Clear,5,73506,2023,11,November,4,69420,66.07224546490448,Normal
ATM_0047,2022-04-14,Thursday,Evening,70122,16154,Bank Branch,0,0,133700,Snowy,2,47355,2022,4,April,2,53968,52.44727000747943,Normal
ATM_0030,2022-02-21,Monday,Morning,79805,7345,Bank Branch,0,0,93297,Snowy,2,57921,2022,2,February,1,72460,85.53865611970373,Normal
ATM_0044,2022-11-17,Thursday,Night,55135,17770,Mall,0,0,117079,Clear,0,46574,2022,11,November,4,37365,47.092134370809454,Normal
ATM_0009,2023-11-11,Saturday,Afternoon,50652,12790,Standalone,0,0,49408,Cloudy,4,33578,2023,11,November,4,37862,102.517810880829,Normal
ATM_0018,2022-04-06,Wednesday,Evening,45550,11931,Standalone,0,0,95910,Cloudy,3,37563,2022,4,April,2,33619,47.49244082994474,Normal
ATM_0030,2022-10-06,Thursday,Night,43012,9245,Gas Station,0,0,98521,Rainy,0,28436,2022,10,October,4,33767,43.65769734371352,Normal
ATM_0009,2023-12-14,Thursday,Morning,43225,4346,Bank Branch,0,0,112454,Cloudy,4,45402,2023,12,December,4,38879,38.437939068419084,Normal
ATM_0044,2023-03-25,Saturday,Afternoon,59442,5978,Supermarket,0,0,117907,Snowy,4,68185,2023,3,March,1,53464,50.414309582976415,Normal
ATM_0002,2023-12-02,Saturday,Afternoon,40526,11265,Gas Station,0,1,116406,Clear,3,46948,2023,12,December,4,29261,34.81435664828273,Normal
ATM_0029,2022-02-17,Thursday,Morning,42253,9017,Standalone,0,0,95882,Clear,5,29544,2022,2,February,1,33236,44.06770822469285,Normal
ATM_0044,2023-06-22,Thursday,Afternoon,38801,9116,Standalone,0,0,69027,Clear,3,30190,2023,6,June,2,29685,56.21133759253626,Normal
ATM_0043,2022-09-12,Monday,Night,46157,8792,Standalone,0,0,98764,Cloudy,1,34159,2022,9,September,3,37365,46.73464015228221,Normal
ATM_0036,2023-09-20,Wednesday,Morning,57191,3983,Mall,0,0,79159,Rainy,4,48821,2023,9,September,3,53208,72.2482598314784,Normal
ATM_0031,2023-05-23,Tuesday,Afternoon,38450,3519,Mall,0,0,90877,Snowy,1,30814,2023,5,May,2,34931,42.309935407198736,Normal
ATM_0022,2022-10-12,Wednesday,Morning,52721,7935,Supermarket,0,0,81466,Cloudy,3,55828,2022,10,October,4,44786,64.71534136940565,High Risk
ATM_0016,2022-03-22,Tuesday,Night,49528,5757,Gas Station,0,0,111462,Cloudy,0,52273,2022,3,March,1,43771,44.43487466580539,Normal
ATM_0032,2023-04-03,Monday,Evening,23212,10919,Mall,0,1,153860,Clear,0,18041,2023,4,April,2,12293,15.086442220200183,Normal
ATM_0026,2023-02-27,Monday,Morning,48568,1118,Supermarket,0,0,98388,Clear,4,43789,2023,2,February,1,47450,49.363743545960894,Normal
ATM_0040,2023-10-15,Sunday,Evening,37504,9416,Supermarket,0,0,87288,Cloudy,2,28759,2023,10,October,4,28088,42.96581431582807,Normal
ATM_0024,2022-02-25,Friday,Afternoon,77488,14070,Gas Station,0,0,109641,Cloudy,5,60899,2022,2,February,1,63418,70.67429155151814,Normal
ATM_0043,2023-01-08,Sunday,Night,55530,8605,Mall,0,0,116903,Rainy,0,42350,2023,1,January,1,46925,47.500919565793865,Normal
ATM_0022,2022-12-30,Friday,Evening,49213,18520,Supermarket,0,0,124937,Clear,0,29263,2022,12,December,4,30693,39.390252687354426,Normal
ATM_0011,2023-05-20,Saturday,Afternoon,49069,1480,Gas Station,0,0,81510,Rainy,1,46861,2023,5,May,2,47589,60.199975463133356,Normal
ATM_0008,2023-02-07,Tuesday,Afternoon,46349,8500,Gas Station,0,0,138082,Rainy,5,39166,2023,2,February,1,37849,33.566286699207716,Normal
ATM_0022,2022-04-21,Thursday,Night,74389,11478,Mall,0,1,69667,Clear,3,68049,2022,4,April,2,62911,106.77795800020095,High Risk
ATM_0030,2023-11-06,Monday,Afternoon,53251,4513,Gas Station,0,0,88222,Clear,4,44590,2023,11,November,4,48738,60.360227607626214,Normal
ATM_0028,2023-08-23,Wednesday,Night,37441,7258,Supermarket,0,0,116666,Rainy,5,36688,2023,8,August,3,30183,32.092469099823425,Normal
ATM_0038,2022-06-27,Monday,Afternoon,33427,11102,Mall,0,0,124359,Snowy,4,25619,2022,6,June,2,22325,26.87943775681696,Normal
ATM_0025,2023-03-05,Sunday,Afternoon,42302,15898,Standalone,0,0,103882,Snowy,2,37968,2023,3,March,1,26404,40.72120290329412,Normal
ATM_0029,2022-05-17,Tuesday,Afternoon,33465,13406,Gas Station,0,0,108172,Snowy,5,21646,2022,5,May,2,20059,30.936841326775877,Normal
ATM_0036,2022-11-18,Friday,Afternoon,45382,12674,Bank Branch,0,0,124579,Snowy,5,42624,2022,11,November,4,32708,36.428290482344536,Normal
ATM_0023,2023-11-20,Monday,Afternoon,18694,7076,Bank Branch,0,0,99378,Snowy,5,18160,2023,11,November,4,11618,18.811004447664473,Normal
ATM_0008,2022-12-27,Tuesday,Night,36354,5317,Supermarket,0,0,86644,Cloudy,5,27472,2022,12,December,4,31037,41.95789668067033,Normal
ATM_0048,2023-07-01,Saturday,Evening,16426,0,Gas Station,0,0,87862,Clear,0,16342,2023,7,July,3,16426,18.695226605358403,Normal
ATM_0025,2022-05-29,Sunday,Morning,56865,7368,Mall,0,0,127766,Rainy,2,60002,2022,5,May,2,49497,44.50714587605466,Normal
ATM_0044,2022-09-14,Wednesday,Afternoon,52118,0,Mall,0,0,115364,Snowy,1,52323,2022,9,September,3,52118,45.1770049582192,Normal
ATM_0049,2023-07-09,Sunday,Morning,53230,0,Standalone,0,0,134493,Clear,4,60451,2023,7,July,3,53230,39.57826801394868,Normal
ATM_0044,2023-07-30,Sunday,Afternoon,49317,7878,Supermarket,0,0,88603,Snowy,5,46407,2023,7,July,3,41439,55.66064354480097,Normal
ATM_0043,2022-02-18,Friday,Night,54942,7919,Gas Station,0,0,77398,Snowy,4,56054,2022,2,February,1,47023,70.98633039613426,High Risk
ATM_0004,2022-01-14,Friday,Evening,41969,11792,Bank Branch,0,0,85380,Cloudy,1,35715,2022,1,January,1,30177,49.1555399390958,Normal
ATM_0041,2023-12-23,Saturday,Evening,61368,9122,Supermarket,0,0,113373,Rainy,5,46070,2023,12,December,4,52246,54.12929004260274,Normal
ATM_0013,2022-10-29,Saturday,Night,51471,16479,Bank Branch,0,1,85623,Clear,1,46793,2022,10,October,4,34992,60.11352089975824,Normal
ATM_0012,2023-06-11,Sunday,Morning,61175,10458,Gas Station,0,0,105044,Snowy,4,65158,2023,6,June,2,50717,58.23750047599101,Normal
ATM_0017,2022-05-14,Saturday,Afternoon,73671,14927,Supermarket,0,0,117383,Clear,2,72780,2022,5,May,2,58744,62.761217552797255,Normal
ATM_0030,2023-12-28,Thursday,Afternoon,43166,5553,Mall,0,0,119106,Snowy,4,33944,2023,12,December,4,37613,36.2416670864608,Normal
ATM_0004,2023-10-03,Tuesday,Evening,63140,17363,Gas Station,0,0,87920,Snowy,0,50747,2023,10,October,4,45777,71.81528662420382,Normal
ATM_0046,2022-11-22,Tuesday,Afternoon,46556,14982,Bank Branch,0,0,90670,Rainy,3,45783,2022,11,November,4,31574,51.34664166758574,Normal
ATM_0035,2023-07-04,Tuesday,Night,59607,9047,Mall,0,0,106481,Rainy,5,42370,2023,7,July,3,50560,55.97900094852603,Normal
ATM_0022,2022-12-06,Tuesday,Evening,32784,10426,Standalone,0,0,40177,Cloudy,4,21793,2022,12,December,4,22358,81.5989247579461,Normal
ATM_0049,2023-10-27,Friday,Morning,68089,13887,Mall,0,0,109333,Cloudy,1,66482,2023,10,October,4,54202,62.27671425827518,Normal
ATM_0042,2023-09-21,Thursday,Afternoon,72815,5255,Mall,0,0,134947,Snowy,3,65020,2023,9,September,3,67560,53.95822063476773,Normal
ATM_0008,2023-01-31,Tuesday,Evening,67034,4468,Supermarket,1,0,83509,Clear,4,60579,2023,1,January,1,62566,80.27158749356357,High Risk
ATM_0050,2023-01-19,Thursday,Night,40871,16115,Gas Station,0,0,94822,Rainy,2,20677,2023,1,January,1,24756,43.10286642340385,Normal
ATM_0033,2022-03-26,Saturday,Morning,22690,11350,Bank Branch,0,1,61754,Clear,5,22424,2022,3,March,1,11340,36.742559186449455,Normal
ATM_0005,2022-08-04,Thursday,Afternoon,48970,14556,Gas Station,0,0,102115,Rainy,4,33300,2022,8,August,3,34414,47.955736179797285,Normal
ATM_0045,2023-03-22,Wednesday,Morning,58152,10999,Bank Branch,0,0,105280,Snowy,0,51364,2023,3,March,1,47153,55.235562310030396,Normal
ATM_0006,2022-03-17,Thursday,Morning,69085,1725,Bank Branch,0,0,80799,Clear,4,53991,2022,3,March,1,67360,85.50229582049282,High Risk
ATM_0015,2022-09-22,Thursday,Night,48159,10466,Gas Station,0,0,77395,Cloudy,3,30449,2022,9,September,3,37693,62.22494993216616,Normal
ATM_0021,2022-01-18,Tuesday,Night,86175,17581,Mall,0,0,112042,Clear,5,55477,2022,1,January,1,68594,76.91312186501492,Normal
ATM_0038,2022-02-16,Wednesday,Morning,35721,10387,Standalone,0,1,105155,Clear,2,29744,2022,2,February,1,25334,33.9698540250107,Normal
ATM_0044,2022-11-05,Saturday,Morning,31373,460,Standalone,0,0,82792,Cloudy,3,25488,2022,11,November,4,30913,37.893757851000096,Normal
ATM_0026,2023-11-08,Wednesday,Morning,43795,19438,Gas Station,0,0,111131,Rainy,1,24132,2023,11,November,4,24357,39.408445888186016,Normal
ATM_0048,2023-02-05,Sunday,Evening,29967,15413,Bank Branch,0,0,90577,Snowy,0,22425,2023,2,February,1,14554,33.08455788997207,Normal
ATM_0036,2023-07-23,Sunday,Afternoon,30692,3014,Mall,0,0,88328,Cloudy,4,25485,2023,7,July,3,27678,34.74775835522145,Normal
ATM_0036,2022-03-29,Tuesday,Evening,65575,2403,Bank Branch,0,0,43356,Snowy,1,73049,2022,3,March,1,63172,151.24780883845372,High Risk
ATM_0027,2023-10-24,Tuesday,Afternoon,68003,7684,Bank Branch,0,0,91771,Snowy,1,61883,2023,10,October,4,60319,74.1007507818374,Normal
ATM_0008,2022-07-05,Tuesday,Morning,67308,10952,Supermarket,0,0,108984,Clear,2,62503,2022,7,July,3,56356,61.75952433384717,Normal
ATM_0043,2022-03-10,Thursday,Evening,12675,6708,Mall,0,0,109070,Cloudy,2,9824,2022,3,March,1,5967,11.62097735399285,Normal
ATM_0023,2022-05-12,Thursday,Afternoon,35265,8287,Mall,0,0,103409,Clear,1,29477,2022,5,May,2,26978,34.102447562591266,Normal
ATM_0021,2023-05-13,Saturday,Night,59153,10784,Standalone,0,0,88269,Snowy,5,47353,2023,5,May,2,48369,67.0144671402191,Normal
ATM_0038,2022-06-06,Monday,Evening,53363,15795,Standalone,0,1,93274,Rainy,0,54350,2022,6,June,2,37568,57.211012715226104,Normal
ATM_0021,2022-09-10,Saturday,Afternoon,29424,6452,Gas Station,0,0,94229,Snowy,1,22995,2022,9,September,3,22972,31.22605567288202,Normal
ATM_0044,2022-12-06,Tuesday,Night,38243,7222,Gas Station,0,0,104087,Snowy,3,32373,2022,12,December,4,31021,36.7413798072766,Normal
ATM_0036,2022-04-22,Friday,Afternoon,54761,8335,Supermarket,0,0,98132,Snowy,1,39661,2022,4,April,2,46426,55.803407654995304,Normal
ATM_0035,2022-07-21,Thursday,Evening,42060,2427,Mall,0,0,106431,Clear,4,39999,2022,7,July,3,39633,39.51856132141951,Normal
ATM_0041,2022-02-01,Tuesday,Night,53378,13463,Supermarket,0,0,74613,Clear,4,48459,2022,2,February,1,39915,71.53981209708763,Normal
ATM_0017,2023-07-11,Tuesday,Night,75537,6334,Bank Branch,0,0,136361,Rainy,4,76753,2023,7,July,3,69203,55.39487096750537,Normal
ATM_0047,2022-10-25,Tuesday,Afternoon,53510,8757,Gas Station,0,0,124010,Clear,3,46001,2022,10,October,4,44753,43.149745988226755,Normal
ATM_0024,2023-05-30,Tuesday,Morning,52105,9070,Bank Branch,0,0,106199,Rainy,4,52549,2023,5,May,2,43035,49.06355050424204,Normal
ATM_0009,2023-04-02,Sunday,Afternoon,20733,10717,Bank Branch,0,0,63640,Rainy,5,10096,2023,4,April,2,10016,32.57856693903206,Normal
ATM_0047,2023-05-11,Thursday,Evening,61395,9527,Mall,0,0,108392,Cloudy,1,60592,2023,5,May,2,51868,56.64163406893498,Normal
ATM_0005,2022-09-28,Wednesday,Evening,65625,12917,Bank Branch,0,0,97409,Rainy,4,64885,2022,9,September,3,52708,67.37057150776621,Normal
ATM_0024,2023-02-02,Thursday,Night,58697,18247,Gas Station,0,0,121412,Clear,5,52890,2023,2,February,1,40450,48.34530359437288,Normal
ATM_0021,2022-04-16,Saturday,Evening,30602,12861,Standalone,0,0,109012,Rainy,3,22127,2022,4,April,2,17741,28.072138847099403,Normal
ATM_0042,2023-01-23,Monday,Evening,21952,8495,Supermarket,0,0,75810,Clear,4,16149,2023,1,January,1,13457,28.956602031394276,Normal
ATM_0017,2023-01-21,Saturday,Afternoon,47085,6221,Supermarket,0,0,120974,Snowy,3,36900,2023,1,January,1,40864,38.92158645659398,Normal
ATM_0031,2023-09-11,Monday,Morning,74831,12456,Supermarket,0,0,92839,Cloudy,1,78754,2023,9,September,3,62375,80.60297935135019,Normal
ATM_0015,2022-03-20,Sunday,Evening,21359,16591,Bank Branch,0,0,101453,Rainy,2,2356,2022,3,March,1,4768,21.053098479098693,Normal
ATM_0039,2022-05-02,Monday,Afternoon,43827,9553,Gas Station,0,0,99248,Clear,3,38699,2022,5,May,2,34274,44.15907625342576,Normal
ATM_0044,2023-05-06,Saturday,Night,50619,12215,Bank Branch,0,0,119030,Cloudy,0,34362,2023,5,May,2,38404,42.526253885575066,Normal
ATM_0016,2022-02-14,Monday,Afternoon,34682,14233,Supermarket,0,0,57455,Rainy,5,18298,2022,2,February,1,20449,60.36376294491341,Normal
ATM_0033,2022-02-10,Thursday,Afternoon,56483,12350,Mall,0,0,85847,Rainy,4,51731,2022,2,February,1,44133,65.79496080235768,Normal
ATM_0026,2023-09-06,Wednesday,Morning,39317,9446,Standalone,0,1,82067,Rainy,3,34925,2023,9,September,3,29871,47.90841629400368,Normal
ATM_0039,2023-04-28,Friday,Night,6395,8125,Bank Branch,0,0,79229,Cloudy,4,1753,2023,4,April,2,-1730,8.071539461560793,Normal
ATM_0010,2023-08-20,Sunday,Afternoon,25530,16643,Supermarket,0,0,106263,Snowy,1,18584,2023,8,August,3,8887,24.02529572852263,Normal
ATM_0047,2023-12-04,Monday,Evening,43113,6526,Gas Station,0,0,76912,Clear,1,42763,2023,12,December,4,36587,56.054971915955896,Normal
ATM_0025,2023-01-30,Monday,Afternoon,23722,9516,Mall,0,0,91680,Cloudy,1,19914,2023,1,January,1,14206,25.874781849912743,Normal
ATM_0039,2022-04-09,Saturday,Afternoon,30243,13880,Gas Station,0,1,79955,Clear,4,27560,2022,4,April,2,16363,37.82502657744982,Normal
ATM_0033,2022-05-01,Sunday,Morning,38713,14876,Gas Station,0,0,110312,Clear,5,27823,2022,5,May,2,23837,35.09409674378127,Normal
ATM_0042,2023-03-18,Saturday,Night,33444,8346,Standalone,0,0,84396,Cloudy,1,30432,2023,3,March,1,25098,39.62747049623205,Normal
ATM_0031,2023-01-26,Thursday,Evening,69958,14464,Supermarket,0,0,136592,Clear,3,70877,2023,1,January,1,55494,51.21676232868689,Normal
ATM_0009,2022-09-18,Sunday,Night,84224,6911,Bank Branch,0,1,69299,Clear,2,80101,2022,9,September,3,77313,121.53710731756591,High Risk
ATM_0039,2023-07-11,Tuesday,Night,21799,8138,Standalone,0,0,108746,Clear,4,18714,2023,7,July,3,13661,20.045794787854266,Normal
ATM_0034,2022-05-01,Sunday,Morning,53334,16394,Gas Station,0,0,80953,Snowy,3,48724,2022,5,May,2,36940,65.88267266191494,Normal
ATM_0024,2022-04-20,Wednesday,Afternoon,39845,14501,Gas Station,0,0,109024,Snowy,2,24889,2022,4,April,2,25344,36.54699882594658,Normal
ATM_0035,2023-03-10,Friday,Evening,75008,17616,Supermarket,0,0,114712,Cloudy,1,61641,2023,3,March,1,57392,65.38810237812957,Normal
ATM_0027,2023-07-20,Thursday,Night,76726,6323,Bank Branch,0,0,114429,Cloudy,2,78730,2023,7,July,3,70403,67.05118457733616,Normal
ATM_0020,2023-08-15,Tuesday,Evening,70558,13476,Gas Station,0,0,105675,Clear,5,73379,2023,8,August,3,57082,66.7688668086113,Normal
ATM_0015,2023-04-03,Monday,Afternoon,35181,5765,Mall,0,0,124992,Cloudy,2,29318,2023,4,April,2,29416,28.146601382488477,Normal
ATM_0036,2023-09-21,Thursday,Morning,43731,0,Bank Branch,0,0,78582,Clear,0,44573,2023,9,September,3,43731,55.650148889058556,Normal
ATM_0010,2023-04-28,Friday,Night,78671,15037,Mall,0,0,74901,Rainy,2,85415,2023,4,April,2,63634,105.03331063670711,High Risk
ATM_0006,2023-09-16,Saturday,Morning,52770,14689,Gas Station,0,1,100249,Cloudy,4,42676,2023,9,September,3,38081,52.63892906662411,Normal
ATM_0042,2023-06-18,Sunday,Evening,93026,1657,Supermarket,0,0,121174,Rainy,5,107387,2023,6,June,2,91369,76.77059435192368,Normal
ATM_0032,2023-03-26,Sunday,Morning,56619,6334,Bank Branch,0,0,104579,Snowy,1,55081,2023,3,March,1,50285,54.13993249122673,Normal
ATM_0003,2023-09-06,Wednesday,Afternoon,22131,13193,Supermarket,0,0,121162,Clear,2,10884,2023,9,September,3,8938,18.265627837110646,Normal
ATM_0016,2023-11-02,Thursday,Morning,36783,6438,Bank Branch,0,0,123734,Snowy,3,34886,2023,11,November,4,30345,29.72747991659528,Normal
ATM_0023,2023-11-17,Friday,Night,71545,5476,Gas Station,0,0,123455,Clear,5,72006,2023,11,November,4,66069,57.95229030820946,Normal
ATM_0046,2022-03-12,Saturday,Morning,36825,8109,Supermarket,0,0,104628,Snowy,2,25299,2022,3,March,1,28716,35.19612340864778,Normal
ATM_0018,2022-08-20,Saturday,Afternoon,59697,14407,Gas Station,0,1,114422,Clear,2,50376,2022,8,August,3,45290,52.17265910401846,Normal
ATM_0012,2023-02-21,Tuesday,Morning,36255,16777,Supermarket,0,0,123403,Snowy,2,29757,2023,2,February,1,19478,29.379350583049035,Normal
ATM_0008,2023-06-10,Saturday,Evening,52014,5691,Supermarket,0,0,100600,Snowy,5,49104,2023,6,June,2,46323,51.70377733598409,Normal
ATM_0029,2023-01-22,Sunday,Night,26577,17517,Bank Branch,0,0,93397,Cloudy,5,15004,2023,1,January,1,9060,28.455946122466457,Normal
ATM_0030,2023-08-24,Thursday,Morning,46824,17092,Gas Station,0,0,50243,Clear,3,36767,2023,8,August,3,29732,93.19507195032143,Normal
ATM_0041,2022-08-14,Sunday,Afternoon,69154,11690,Standalone,0,0,75859,Snowy,4,56686,2022,8,August,3,57464,91.16123334080332,High Risk
ATM_0035,2022-01-10,Monday,Evening,33870,4233,Bank Branch,0,0,122746,Cloudy,5,25445,2022,1,January,1,29637,27.59356720381927,Normal
ATM_0048,2022-12-17,Saturday,Morning,53249,4871,Supermarket,0,1,122016,Cloudy,2,61086,2022,12,December,4,48378,43.6409979019145,Normal
ATM_0023,2022-08-12,Friday,Evening,65920,18805,Bank Branch,0,1,99993,Rainy,3,64904,2022,8,August,3,47115,65.92461472303061,Normal
ATM_0048,2022-07-24,Sunday,Afternoon,81290,4926,Bank Branch,0,0,92770,Rainy,1,64278,2022,7,July,3,76364,87.62530990621968,Normal
ATM_0013,2022-09-13,Tuesday,Evening,56246,9730,Bank Branch,0,0,80353,Clear,0,50672,2022,9,September,3,46516,69.99863104053364,Normal
ATM_0044,2023-11-11,Saturday,Night,52941,5479,Supermarket,0,0,69020,Clear,3,50872,2023,11,November,4,47462,76.70385395537525,Normal
ATM_0024,2023-09-28,Thursday,Evening,53869,9987,Gas Station,0,0,88214,Snowy,3,51694,2023,9,September,3,43882,61.066270659985946,Normal
ATM_0012,2023-06-08,Thursday,Evening,63706,2271,Gas Station,0,0,131796,Rainy,0,58398,2023,6,June,2,61435,48.336823575829314,Normal
ATM_0034,2023-03-10,Friday,Night,58611,3170,Supermarket,0,0,97020,Snowy,3,60873,2023,3,March,1,55441,60.41125541125542,Normal
ATM_0044,2022-06-28,Tuesday,Night,60591,8786,Mall,0,0,79472,Cloudy,2,58716,2022,6,June,2,51805,76.24194684920475,High Risk
ATM_0045,2022-01-09,Sunday,Morning,68450,8578,Bank Branch,0,0,131811,Clear,2,57750,2022,1,January,1,59872,51.930415519190355,Normal
ATM_0024,2023-09-20,Wednesday,Evening,42209,8295,Bank Branch,0,0,108566,Rainy,2,35741,2023,9,September,3,33914,38.87865445903874,Normal
ATM_0031,2023-09-20,Wednesday,Evening,51157,10392,Standalone,0,0,57425,Cloudy,1,35623,2023,9,September,3,40765,89.084893339138,Normal
ATM_0027,2023-12-19,Tuesday,Evening,32700,1563,Standalone,0,0,64122,Snowy,3,33661,2023,12,December,4,31137,50.996537849723964,Normal
ATM_0012,2023-08-09,Wednesday,Afternoon,29668,7370,Supermarket,0,0,103555,Clear,5,26240,2023,8,August,3,22298,28.649509922263533,Normal
ATM_0018,2022-08-30,Tuesday,Night,56007,10655,Gas Station,0,0,98451,Rainy,3,49861,2022,8,August,3,45352,56.88819818996252,Normal
ATM_0001,2022-06-30,Thursday,Night,32070,1586,Gas Station,0,0,79519,Snowy,3,26179,2022,6,June,2,30484,40.32998402897421,Normal
ATM_0020,2022-09-14,Wednesday,Morning,57589,6358,Gas Station,0,0,143301,Rainy,0,61143,2022,9,September,3,51231,40.187437631279614,Normal
ATM_0014,2022-09-18,Sunday,Night,67858,15529,Mall,0,0,88721,Snowy,2,60571,2022,9,September,3,52329,76.48471049695111,Normal
ATM_0024,2023-01-04,Wednesday,Evening,62924,10695,Standalone,0,0,68460,Clear,2,47792,2023,1,January,1,52229,91.91352614665497,Normal
ATM_0044,2023-09-13,Wednesday,Afternoon,37957,19862,Supermarket,0,0,72280,Rainy,2,12327,2023,9,September,3,18095,52.51383508577753,Normal
ATM_0023,2022-11-29,Tuesday,Night,57583,17445,Gas Station,0,0,145428,Cloudy,4,49596,2022,11,November,4,40138,39.59553868581016,Normal
ATM_0019,2023-04-20,Thursday,Afternoon,43934,10977,Bank Branch,0,0,98023,Snowy,3,27040,2023,4,April,2,32957,44.82009324342246,Normal
ATM_0041,2023-09-20,Wednesday,Night,56539,0,Mall,0,0,113641,Snowy,1,60434,2023,9,September,3,56539,49.75229010656365,Normal
ATM_0021,2022-11-21,Monday,Evening,51892,6625,Standalone,0,0,91938,Cloudy,2,45197,2022,11,November,4,45267,56.44238508560117,Normal
ATM_0029,2023-01-07,Saturday,Night,41748,9264,Gas Station,0,0,116814,Clear,1,34163,2023,1,January,1,32484,35.7388669166367,Normal
ATM_0047,2022-08-29,Monday,Evening,53117,6963,Mall,0,0,98455,Cloudy,0,53567,2022,8,August,3,46154,53.9505357777665,Normal
ATM_0007,2022-03-07,Monday,Night,23359,15319,Supermarket,0,0,105051,Cloudy,4,13908,2022,3,March,1,8040,22.235866388706437,Normal
ATM_0049,2022-03-27,Sunday,Morning,70767,12332,Standalone,0,0,126924,Clear,5,56263,2022,3,March,1,58435,55.75541268790772,Normal
ATM_0025,2022-11-13,Sunday,Afternoon,84086,14445,Bank Branch,0,0,111474,Cloudy,5,77936,2022,11,November,4,69641,75.43104221612215,Normal
ATM_0009,2022-05-15,Sunday,Afternoon,30855,10727,Mall,0,0,87717,Snowy,2,25938,2022,5,May,2,20128,35.175621601285954,Normal
ATM_0031,2023-04-24,Monday,Evening,60431,4294,Supermarket,0,0,97769,Rainy,4,49750,2023,4,April,2,56137,61.80998066871912,Normal
ATM_0039,2023-04-13,Thursday,Night,37925,7611,Supermarket,0,0,74897,Snowy,2,25796,2023,4,April,2,30314,50.63620705769256,Normal
ATM_0031,2023-07-07,Friday,Afternoon,6058,20264,Mall,0,0,121775,Snowy,3,0,2023,7,July,3,-14206,4.974748511599262,Normal
ATM_0017,2022-06-09,Thursday,Evening,44355,18478,Mall,0,0,137945,Rainy,2,36668,2022,6,June,2,25877,32.154119395411215,Normal
ATM_0019,2023-04-26,Wednesday,Morning,52629,3316,Gas Station,0,1,91763,Cloudy,2,65963,2023,4,April,2,49313,57.35318156555474,Normal
ATM_0001,2023-03-17,Friday,Evening,51978,7727,Supermarket,0,0,95626,Clear,4,40760,2023,3,March,1,44251,54.35551000773848,Normal
ATM_0024,2022-07-13,Wednesday,Night,50783,4696,Supermarket,0,0,85659,Rainy,1,56771,2022,7,July,3,46087,59.2850722049055,High Risk
ATM_0046,2023-10-24,Tuesday,Night,30731,14889,Gas Station,0,0,57887,Clear,3,18052,2023,10,October,4,15842,53.08791265741877,Normal
ATM_0041,2022-09-03,Saturday,Evening,67303,16931,Standalone,0,0,93956,Snowy,3,56357,2022,9,September,3,50372,71.63246626080293,Normal
ATM_0013,2022-03-12,Saturday,Afternoon,10952,4947,Bank Branch,0,0,89695,Cloudy,4,4352,2022,3,March,1,6005,12.210268130888009,Normal
ATM_0029,2022-10-06,Thursday,Night,72952,13324,Bank Branch,0,0,81508,Rainy,0,57967,2022,10,October,4,59628,89.50287088383962,High Risk
ATM_0035,2022-01-23,Sunday,Afternoon,26036,12480,Mall,0,0,89293,Rainy,5,18232,2022,1,January,1,13556,29.1579407120379,Normal
ATM_0029,2022-01-09,Sunday,Afternoon,62232,9759,Mall,0,0,96336,Cloudy,1,49799,2022,1,January,1,52473,64.59890383657199,Normal
ATM_0022,2023-03-07,Tuesday,Evening,44649,10226,Gas Station,0,1,101023,Cloudy,5,39576,2023,3,March,1,34423,44.19686606020411,Normal
ATM_0003,2022-12-05,Monday,Morning,54844,9694,Bank Branch,0,0,110004,Cloudy,0,42817,2022,12,December,4,45150,49.8563688593142,Normal
ATM_0035,2023-04-27,Thursday,Afternoon,41995,18560,Bank Branch,0,0,65047,Snowy,3,30839,2023,4,April,2,23435,64.56100973142497,Normal
ATM_0001,2022-05-05,Thursday,Afternoon,38066,12121,Gas Station,0,0,125590,Cloudy,1,27375,2022,5,May,2,25945,30.30973803646787,Normal
ATM_0048,2022-02-04,Friday,Afternoon,16747,5171,Gas Station,0,0,132583,Clear,4,11292,2022,2,February,1,11576,12.631332825475363,Normal
ATM_0043,2022-08-02,Tuesday,Night,41273,4130,Gas Station,0,0,96041,Snowy,2,37121,2022,8,August,3,37143,42.974354702679065,Normal
ATM_0011,2023-10-07,Saturday,Morning,81018,17487,Supermarket,0,0,137154,Snowy,3,57178,2023,10,October,4,63531,59.070825495428494,Normal
ATM_0041,2022-11-02,Wednesday,Afternoon,81437,17972,Standalone,0,0,113578,Rainy,0,53795,2022,11,November,4,63465,71.7013858317632,Normal
ATM_0016,2023-10-11,Wednesday,Night,37813,11654,Standalone,0,0,129020,Snowy,4,24324,2023,10,October,4,26159,29.307859246628432,Normal
ATM_0008,2023-02-10,Friday,Afternoon,70647,11565,Mall,0,1,113741,Cloudy,5,70760,2023,2,February,1,59082,62.11216711651911,Normal
ATM_0039,2022-06-08,Wednesday,Evening,71998,7342,Mall,0,0,68642,Cloudy,0,69300,2022,6,June,2,64656,104.88913493196586,High Risk
ATM_0044,2023-09-26,Tuesday,Evening,22398,9838,Mall,0,0,112810,Rainy,5,12241,2023,9,September,3,12560,19.854622817126142,Normal
ATM_0035,2022-04-20,Wednesday,Afternoon,51846,11163,Gas Station,0,0,84864,Snowy,3,45038,2022,4,April,2,40683,61.09304298642534,Normal
ATM_0047,2022-07-17,Sunday,Morning,64375,10258,Gas Station,0,0,104581,Rainy,2,66243,2022,7,July,3,54117,61.555158202732805,Normal
ATM_0003,2023-05-12,Friday,Night,66114,8512,Supermarket,0,0,126239,Cloudy,1,64579,2023,5,May,2,57602,52.37208786508132,Normal
ATM_0037,2022-07-11,Monday,Evening,30949,11434,Standalone,0,0,83360,Snowy,4,20346,2022,7,July,3,19515,37.12691938579655,Normal
ATM_0036,2022-06-14,Tuesday,Morning,40425,20623,Supermarket,0,0,126626,Snowy,2,22579,2022,6,June,2,19802,31.924723200606508,Normal
ATM_0035,2023-01-11,Wednesday,Night,51068,3532,Mall,0,0,86086,Cloudy,5,45831,2023,1,January,1,47536,59.32207327556165,Normal
ATM_0012,2022-01-20,Thursday,Evening,36228,15341,Supermarket,0,0,112082,Clear,5,34674,2022,1,January,1,20887,32.32276369086918,Normal
ATM_0035,2023-02-01,Wednesday,Afternoon,84554,2602,Supermarket,0,0,125184,Rainy,4,96558,2023,2,February,1,81952,67.54377556237219,Normal
ATM_0019,2022-11-27,Sunday,Night,67196,5133,Standalone,0,0,120142,Clear,0,74710,2022,11,November,4,62063,55.93048226265586,Normal
ATM_0009,2022-07-02,Saturday,Morning,55042,8862,Bank Branch,0,0,83521,Rainy,0,38836,2022,7,July,3,46180,65.9019887213994,Normal
ATM_0003,2023-08-08,Tuesday,Night,39213,20249,Gas Station,0,0,100013,Snowy,0,17320,2023,8,August,3,18964,39.20790297261356,Normal
ATM_0024,2022-08-15,Monday,Morning,38302,15409,Mall,0,1,73008,Rainy,5,39924,2022,8,August,3,22893,52.46274380889766,Normal
ATM_0032,2022-03-23,Wednesday,Night,43771,9104,Mall,0,0,107916,Cloudy,2,40668,2022,3,March,1,34667,40.56025056525446,Normal
ATM_0046,2022-03-01,Tuesday,Evening,35212,8579,Supermarket,0,0,123895,Clear,2,31092,2022,3,March,1,26633,28.420840227612093,Normal
ATM_0005,2022-08-10,Wednesday,Morning,63419,108,Mall,0,0,100938,Cloudy,1,61490,2022,8,August,3,63311,62.829657809744596,Normal
ATM_0013,2023-06-23,Friday,Afternoon,37485,13820,Supermarket,0,0,69143,Rainy,4,20643,2023,6,June,2,23665,54.213730963365784,Normal
ATM_0048,2023-07-26,Wednesday,Night,40508,8820,Mall,0,0,114883,Snowy,5,36213,2023,7,July,3,31688,35.260221268595004,Normal
ATM_0030,2023-12-21,Thursday,Night,44913,11850,Mall,0,0,97525,Rainy,4,35730,2023,12,December,4,33063,46.05280697257113,Normal
ATM_0026,2023-06-01,Thursday,Evening,56867,5050,Bank Branch,0,0,99299,Cloudy,2,47821,2023,6,June,2,51817,57.26845184745063,Normal
ATM_0021,2023-07-18,Tuesday,Evening,53879,11063,Standalone,0,0,115657,Cloudy,5,51816,2023,7,July,3,42816,46.58516129590081,Normal
ATM_0021,2023-09-16,Saturday,Afternoon,43533,12223,Supermarket,0,0,83486,Cloudy,4,40999,2023,9,September,3,31310,52.1440720599861,Normal
ATM_0048,2022-09-18,Sunday,Evening,50107,0,Gas Station,0,0,103209,Cloudy,0,42489,2022,9,September,3,50107,48.549060643936095,Normal
ATM_0047,2022-02-05,Saturday,Evening,83187,11866,Supermarket,0,0,106247,Rainy,2,59534,2022,2,February,1,71321,78.29585776539572,Normal
ATM_0001,2022-11-04,Friday,Afternoon,67891,3710,Bank Branch,0,0,114627,Clear,5,77560,2022,11,November,4,64181,59.22775611330664,Normal
ATM_0018,2023-07-21,Friday,Afternoon,58856,15147,Mall,0,0,117446,Snowy,1,53555,2023,7,July,3,43709,50.113243533198236,Normal
ATM_0009,2022-09-29,Thursday,Evening,49029,10364,Supermarket,0,0,101463,Snowy,2,38966,2022,9,September,3,38665,48.32204843144792,Normal
ATM_0006,2023-08-08,Tuesday,Night,47746,4402,Supermarket,0,1,92129,Clear,5,57762,2023,8,August,3,43344,51.82515820208621,Normal
ATM_0021,2023-05-10,Wednesday,Afternoon,59046,5747,Gas Station,0,0,149703,Clear,4,52867,2023,5,May,2,53299,39.44209534879061,Normal
ATM_0042,2022-11-04,Friday,Morning,53971,12666,Supermarket,0,0,116789,Clear,2,33806,2022,11,November,4,41305,46.21240014042418,Normal
ATM_0023,2023-03-21,Tuesday,Night,68272,15286,Mall,0,0,117443,Rainy,5,65923,2023,3,March,1,52986,58.13203000604549,Normal
ATM_0042,2023-09-09,Saturday,Morning,45273,14665,Gas Station,0,0,95545,Clear,2,22691,2023,9,September,3,30608,47.38395520435397,Normal
ATM_0035,2023-08-02,Wednesday,Afternoon,65977,17263,Standalone,0,0,81673,Rainy,1,66437,2023,8,August,3,48714,80.78189854664333,High Risk
ATM_0004,2023-11-21,Tuesday,Night,37446,7377,Gas Station,0,0,127044,Clear,1,28314,2023,11,November,4,30069,29.474827618777745,Normal
ATM_0028,2022-10-24,Monday,Night,56361,10197,Bank Branch,0,0,71281,Clear,3,45093,2022,10,October,4,46164,79.0687560499993,Normal
ATM_0037,2022-02-20,Sunday,Night,30262,15063,Standalone,0,0,96836,Cloudy,5,18973,2022,2,February,1,15199,31.25077450534925,Normal
ATM_0009,2022-05-19,Thursday,Night,47278,9468,Supermarket,0,0,119911,Cloudy,5,38940,2022,5,May,2,37810,39.42757545179341,Normal
ATM_0037,2022-07-20,Wednesday,Afternoon,75547,6889,Bank Branch,0,0,111654,Cloudy,2,79545,2022,7,July,3,68658,67.66170490981067,Normal
ATM_0044,2023-08-13,Sunday,Morning,32004,0,Mall,0,0,117160,Cloudy,2,32168,2023,8,August,3,32004,27.316490269716624,Normal
ATM_0023,2022-07-15,Friday,Evening,37577,13965,Standalone,0,0,97558,Clear,2,27882,2022,7,July,3,23612,38.5175997867935,Normal
ATM_0011,2022-12-25,Sunday,Night,44441,3259,Supermarket,1,0,85706,Clear,1,40952,2022,12,December,4,41182,51.852845775091595,Normal
ATM_0013,2023-12-03,Sunday,Evening,57819,11608,Bank Branch,0,0,103361,Clear,0,49716,2023,12,December,4,46211,55.93889378005243,Normal
ATM_0048,2022-02-25,Friday,Afternoon,17344,10892,Supermarket,0,1,128577,Snowy,0,19813,2022,2,February,1,6452,13.489193246070446,Normal
ATM_0022,2023-12-12,Tuesday,Morning,27888,16264,Standalone,0,0,91035,Clear,2,14372,2023,12,December,4,11624,30.634371395617073,Normal
ATM_0014,2023-07-05,Wednesday,Afternoon,51551,20210,Bank Branch,0,0,105547,Snowy,4,31127,2023,7,July,3,31341,48.84174822590884,Normal
ATM_0031,2023-09-30,Saturday,Afternoon,49665,5934,Mall,0,0,116465,Clear,2,44517,2023,9,September,3,43731,42.64371270338728,Normal
ATM_0011,2022-03-03,Thursday,Evening,35369,16517,Bank Branch,0,0,113294,Snowy,0,17975,2022,3,March,1,18852,31.218775928116226,Normal
ATM_0030,2023-11-02,Thursday,Morning,41706,6089,Mall,0,0,84805,Snowy,5,30888,2023,11,November,4,35617,49.178704085844,Normal
ATM_0043,2023-01-04,Wednesday,Morning,23433,12357,Mall,0,0,63377,Cloudy,1,15184,2023,1,January,1,11076,36.97398109724348,Normal
ATM_0025,2023-06-05,Monday,Morning,31573,0,Standalone,0,0,98278,Clear,1,26607,2023,6,June,2,31573,32.12621339465598,Normal
ATM_0013,2023-05-28,Sunday,Night,47745,8366,Supermarket,0,1,79148,Clear,0,40874,2023,5,May,2,39379,60.323697377065756,Normal
ATM_0016,2023-06-27,Tuesday,Evening,32416,11581,Standalone,0,0,82295,Rainy,0,21339,2023,6,June,2,20835,39.38999939242967,Normal
ATM_0023,2023-12-02,Saturday,Evening,52715,16516,Standalone,0,0,111723,Rainy,4,30421,2023,12,December,4,36199,47.18365958665628,Normal
ATM_0018,2022-03-05,Saturday,Evening,43813,10039,Gas Station,0,0,93487,Clear,4,38823,2022,3,March,1,33774,46.865339565928956,Normal
ATM_0018,2022-08-19,Friday,Afternoon,47534,11060,Standalone,0,0,80132,Rainy,0,37491,2022,8,August,3,36474,59.31962262267258,Normal
ATM_0047,2023-01-27,Friday,Afternoon,34761,3913,Gas Station,0,0,103189,Rainy,3,35135,2023,1,January,1,30848,33.68673017472793,Normal
ATM_0020,2023-09-12,Tuesday,Evening,50520,157,Gas Station,0,0,113099,Rainy,5,53370,2023,9,September,3,50363,44.668829963129646,Normal
ATM_0009,2023-08-18,Friday,Afternoon,62161,5717,Bank Branch,0,0,101953,Rainy,3,55071,2023,8,August,3,56444,60.97025099800889,Normal
ATM_0050,2022-05-29,Sunday,Afternoon,44257,9381,Standalone,0,0,92046,Clear,1,46831,2022,5,May,2,34876,48.08139408556592,Normal
ATM_0021,2022-05-30,Monday,Morning,32239,8000,Standalone,0,0,105385,Cloudy,3,32918,2022,5,May,2,24239,30.591640176495705,Normal
ATM_0020,2023-03-30,Thursday,Evening,39948,15858,Bank Branch,0,0,76476,Clear,1,18924,2023,3,March,1,24090,52.23599560646477,Normal
ATM_0012,2022-01-27,Thursday,Evening,57313,15909,Supermarket,0,0,109618,Rainy,4,36815,2022,1,January,1,41404,52.284296374682995,Normal
ATM_0015,2022-08-25,Thursday,Morning,65541,2885,Standalone,0,0,80597,Cloudy,1,65452,2022,8,August,3,62656,81.31940394803777,High Risk
ATM_0033,2023-09-12,Tuesday,Night,44036,5159,Standalone,0,0,93793,Cloudy,3,35501,2023,9,September,3,38877,46.95019884213107,Normal
ATM_0031,2022-05-21,Saturday,Afternoon,64683,3141,Bank Branch,0,0,132175,Cloudy,0,58260,2022,5,May,2,61542,48.93739360696047,Normal
ATM_0018,2023-02-27,Monday,Afternoon,62423,9250,Bank Branch,0,0,71336,Clear,1,64478,2023,2,February,1,53173,87.50560726701806,High Risk
ATM_0029,2023-09-24,Sunday,Night,69440,4464,Standalone,0,0,92689,Rainy,3,69720,2023,9,September,3,64976,74.91719621530063,Normal
ATM_0026,2022-02-12,Saturday,Night,47730,6380,Standalone,0,0,96092,Clear,4,36853,2022,2,February,1,41350,49.671148482704076,Normal
ATM_0007,2023-04-08,Saturday,Night,49894,8921,Mall,0,0,92562,Rainy,4,53215,2023,4,April,2,40973,53.9033296601197,Normal
ATM_0035,2023-02-10,Friday,Morning,39073,11597,Supermarket,0,0,133072,Clear,1,36071,2023,2,February,1,27476,29.362300108212096,Normal
ATM_0019,2023-03-27,Monday,Night,29146,10788,Standalone,0,0,78052,Snowy,3,24953,2023,3,March,1,18358,37.34177215189873,Normal
ATM_0011,2023-03-09,Thursday,Evening,27846,14750,Supermarket,0,1,104860,Rainy,3,20558,2023,3,March,1,13096,26.55540720961282,Normal
ATM_0042,2023-04-08,Saturday,Morning,27009,9018,Supermarket,0,0,106034,Rainy,3,20133,2023,4,April,2,17991,25.472018409189506,Normal
ATM_0027,2022-11-28,Monday,Night,52633,9679,Mall,0,0,110725,Rainy,3,45861,2022,11,November,4,42954,47.53488372093023,Normal
ATM_0006,2022-09-14,Wednesday,Evening,52145,14248,Bank Branch,0,0,113857,Clear,0,38632,2022,9,September,3,37897,45.798677288177274,Normal
ATM_0008,2023-12-25,Monday,Night,58738,8034,Standalone,1,0,120032,Cloudy,5,62847,2023,12,December,4,50704,48.93528392428686,Normal
ATM_0033,2023-09-19,Tuesday,Afternoon,70901,13552,Gas Station,0,0,108586,Clear,1,60801,2023,9,September,3,57349,65.2947893835301,Normal
ATM_0022,2023-08-03,Thursday,Afternoon,55694,18345,Bank Branch,0,0,81148,Rainy,5,38545,2023,8,August,3,37349,68.63262187607828,Normal
ATM_0004,2023-03-06,Monday,Evening,69881,2965,Standalone,0,0,111718,Cloudy,2,69373,2023,3,March,1,66916,62.551245099267796,Normal
ATM_0041,2022-07-05,Tuesday,Morning,38948,15047,Bank Branch,0,1,83101,Clear,4,36528,2022,7,July,3,23901,46.86826873322824,Normal
ATM_0049,2022-09-17,Saturday,Morning,48688,12741,Gas Station,0,0,118991,Cloudy,4,38299,2022,9,September,3,35947,40.91738030607357,Normal
ATM_0001,2023-09-15,Friday,Night,49108,8267,Bank Branch,0,0,67768,Cloudy,3,36726,2023,9,September,3,40841,72.46488017943572,Normal
ATM_0027,2023-03-29,Wednesday,Morning,64404,12312,Supermarket,0,0,76412,Rainy,4,60429,2023,3,March,1,52092,84.28519080772654,High Risk
ATM_0018,2023-09-27,Wednesday,Afternoon,52583,14437,Mall,0,0,115216,Clear,5,51223,2023,9,September,3,38146,45.638626579641716,Normal
ATM_0023,2022-02-07,Monday,Afternoon,68742,3336,Mall,0,0,93011,Snowy,2,74759,2022,2,February,1,65406,73.90738729827655,Normal
ATM_0006,2022-02-20,Sunday,Morning,38411,7015,Gas Station,0,1,52193,Rainy,5,46158,2022,2,February,1,31396,73.59416013641676,Normal
ATM_0019,2023-09-18,Monday,Afternoon,58064,12140,Gas Station,0,0,94400,Snowy,0,39935,2023,9,September,3,45924,61.50847457627119,Normal
ATM_0006,2022-11-03,Thursday,Evening,30814,20920,Standalone,0,0,111410,Clear,3,14398,2022,11,November,4,9894,27.658199443496994,Normal
ATM_0036,2022-03-08,Tuesday,Evening,48605,8802,Gas Station,0,0,122336,Snowy,2,45533,2022,3,March,1,39803,39.73074156421658,Normal
ATM_0034,2023-02-28,Tuesday,Afternoon,52796,10246,Bank Branch,0,0,115376,Clear,4,42310,2023,2,February,1,42550,45.75995007627236,Normal
ATM_0047,2023-10-07,Saturday,Morning,40876,11815,Gas Station,0,0,106222,Snowy,3,32473,2023,10,October,4,29061,38.481670463745736,Normal
ATM_0039,2022-11-21,Monday,Evening,21655,8014,Supermarket,0,0,77954,Snowy,1,14777,2022,11,November,4,13641,27.779203119788594,Normal
ATM_0040,2023-07-31,Monday,Night,55335,10957,Supermarket,0,0,110124,Cloudy,3,39387,2023,7,July,3,44378,50.247902364607164,Normal
ATM_0012,2023-09-17,Sunday,Afternoon,71709,16812,Standalone,0,1,132812,Clear,0,65566,2023,9,September,3,54897,53.99286209077493,Normal
ATM_0002,2023-04-22,Saturday,Morning,53643,0,Bank Branch,0,0,111062,Cloudy,3,46900,2023,4,April,2,53643,48.300048621490696,Normal
ATM_0003,2022-12-08,Thursday,Evening,41776,19617,Supermarket,0,0,84507,Rainy,0,28212,2022,12,December,4,22159,49.43495805081236,Normal
ATM_0041,2022-07-26,Tuesday,Evening,20367,13755,Standalone,0,0,58698,Snowy,2,15168,2022,7,July,3,6612,34.69794541551671,Normal
ATM_0033,2023-07-18,Tuesday,Evening,50426,0,Mall,0,0,93594,Snowy,2,58908,2023,7,July,3,50426,53.877385302476654,Normal
ATM_0026,2023-08-06,Sunday,Morning,74650,11803,Bank Branch,0,0,82730,Snowy,5,79799,2023,8,August,3,62847,90.23328901245013,High Risk
ATM_0031,2023-05-01,Monday,Morning,49531,3165,Bank Branch,0,0,111851,Cloudy,4,46942,2023,5,May,2,46366,44.28301937398861,Normal
ATM_0022,2023-04-19,Wednesday,Night,42675,13166,Mall,0,0,100452,Snowy,4,40271,2023,4,April,2,29509,42.48297694421216,Normal
ATM_0047,2023-11-26,Sunday,Evening,28916,5075,Supermarket,0,0,103973,Rainy,4,20883,2023,11,November,4,23841,27.811066334529155,Normal
ATM_0044,2022-12-06,Tuesday,Evening,48813,7104,Mall,0,1,90383,Snowy,0,50590,2022,12,December,4,41709,54.006837569011864,Normal
ATM_0022,2023-01-20,Friday,Afternoon,60442,20849,Supermarket,0,0,71526,Rainy,4,48266,2023,1,January,1,39593,84.50353717529289,Normal
ATM_0008,2022-11-12,Saturday,Evening,39820,8408,Mall,0,0,84376,Clear,3,35800,2022,11,November,4,31412,47.193514743528965,Normal
ATM_0016,2023-01-16,Monday,Night,46102,17992,Standalone,0,0,116042,Snowy,1,27470,2023,1,January,1,28110,39.728718912118026,Normal
ATM_0008,2023-01-19,Thursday,Morning,32732,0,Bank Branch,0,1,83812,Cloudy,4,37349,2023,1,January,1,32732,39.05407340237675,Normal
ATM_0002,2023-05-10,Wednesday,Afternoon,64350,9888,Bank Branch,0,0,86222,Cloudy,5,67013,2023,5,May,2,54462,74.6329243116606,High Risk
ATM_0034,2022-11-14,Monday,Evening,25761,11498,Bank Branch,0,0,118648,Clear,4,17662,2022,11,November,4,14263,21.71212325534354,Normal
ATM_0044,2022-05-16,Monday,Afternoon,43773,9478,Mall,0,0,107866,Clear,0,40463,2022,5,May,2,34295,40.58090593885005,Normal
ATM_0020,2022-02-15,Tuesday,Morning,56904,10974,Standalone,0,0,79606,Clear,0,49072,2022,2,February,1,45930,71.482049091777,Normal
ATM_0034,2023-11-06,Monday,Evening,53095,14809,Mall,0,0,95259,Snowy,5,42189,2023,11,November,4,38286,55.737515615322444,Normal
ATM_0014,2022-11-25,Friday,Afternoon,35736,11592,Bank Branch,0,0,80166,Snowy,3,31376,2022,11,November,4,24144,44.57750168400569,Normal
ATM_0043,2022-05-01,Sunday,Evening,40506,4053,Bank Branch,0,0,121079,Clear,0,31827,2022,5,May,2,36453,33.454191065337504,Normal
ATM_0040,2023-07-28,Friday,Morning,26936,9275,Bank Branch,0,0,91081,Snowy,2,18252,2023,7,July,3,17661,29.573676178346748,Normal
ATM_0010,2023-12-23,Saturday,Evening,51697,8058,Supermarket,0,0,93887,Clear,2,38438,2023,12,December,4,43639,55.06300126748113,Normal
ATM_0040,2022-12-13,Tuesday,Night,75180,441,Mall,0,0,126223,Cloudy,5,86525,2022,12,December,4,74739,59.56125270354848,Normal
ATM_0004,2022-04-19,Tuesday,Night,46635,14297,Mall,0,0,101596,Cloudy,1,31466,2022,4,April,2,32338,45.90239773219418,Normal
ATM_0046,2023-09-03,Sunday,Night,33520,17102,Supermarket,0,0,97730,Snowy,1,16726,2023,9,September,3,16418,34.29857771411031,Normal
ATM_0046,2023-11-18,Saturday,Morning,53323,12977,Gas Station,0,0,88202,Clear,5,51508,2023,11,November,4,40346,60.455545225731846,Normal
ATM_0030,2022-04-10,Sunday,Night,27496,6105,Standalone,0,0,127021,Cloudy,3,28534,2022,4,April,2,21391,21.64681430629581,Normal
ATM_0015,2022-08-18,Thursday,Afternoon,63292,8528,Supermarket,0,0,127131,Snowy,3,67613,2022,8,August,3,54764,49.78486757753813,Normal
ATM_0012,2023-12-18,Monday,Evening,67190,6113,Standalone,0,0,131175,Clear,0,60374,2023,12,December,4,61077,51.22165046693349,Normal
ATM_0031,2022-04-26,Tuesday,Evening,27043,8786,Gas Station,0,0,62199,Rainy,2,17500,2022,4,April,2,18257,43.47819096770045,Normal
ATM_0050,2022-12-23,Friday,Afternoon,40885,9313,Supermarket,0,0,119155,Clear,2,27749,2022,12,December,4,31572,34.31245016994671,Normal
ATM_0036,2023-10-28,Saturday,Morning,53114,5596,Standalone,0,0,135974,Cloudy,4,53439,2023,10,October,4,47518,39.061879476958836,Normal
ATM_0027,2022-09-02,Friday,Afternoon,46354,10011,Supermarket,0,0,121407,Cloudy,3,30946,2022,9,September,3,36343,38.180665035788714,Normal
ATM_0005,2022-12-15,Thursday,Afternoon,69078,9720,Supermarket,0,0,106759,Cloudy,4,59849,2022,12,December,4,59358,64.70461506758213,Normal
ATM_0022,2023-07-12,Wednesday,Afternoon,59283,18191,Bank Branch,0,0,107626,Clear,5,44843,2023,7,July,3,41092,55.082415029825505,Normal
ATM_0046,2023-08-11,Friday,Night,54674,11941,Mall,0,0,98103,Cloudy,2,52518,2023,8,August,3,42733,55.731221267443395,Normal
ATM_0036,2022-04-10,Sunday,Night,49093,15638,Bank Branch,0,0,101722,Cloudy,0,32784,2022,4,April,2,33455,48.261929572757126,Normal
ATM_0039,2022-04-22,Friday,Night,38796,12632,Standalone,0,0,90451,Clear,0,33030,2022,4,April,2,26164,42.89173143469945,Normal
ATM_0014,2022-05-23,Monday,Morning,50192,12399,Bank Branch,0,0,94627,Cloudy,4,49286,2022,5,May,2,37793,53.0419436313103,Normal
ATM_0019,2023-02-04,Saturday,Night,22454,8513,Bank Branch,0,0,95072,Snowy,2,13061,2023,2,February,1,13941,23.61788959946146,Normal
ATM_0037,2023-11-27,Monday,Evening,26857,9196,Gas Station,0,0,90316,Snowy,0,25407,2023,11,November,4,17661,29.736702245449308,Normal
ATM_0038,2022-01-09,Sunday,Night,35506,9953,Bank Branch,0,0,106139,Clear,2,21538,2022,1,January,1,25553,33.452359641602044,Normal
ATM_0036,2022-02-24,Thursday,Morning,77201,8285,Supermarket,0,0,105566,Snowy,0,65557,2022,2,February,1,68916,73.13055339787432,Normal
ATM_0019,2022-02-01,Tuesday,Afternoon,42361,7606,Gas Station,0,0,107189,Cloudy,5,35706,2022,2,February,1,34755,39.51991342395208,Normal
ATM_0021,2023-12-30,Saturday,Night,43750,9684,Gas Station,0,0,107915,Rainy,5,35139,2023,12,December,4,34066,40.54116665894454,Normal
ATM_0012,2023-05-02,Tuesday,Afternoon,53953,0,Bank Branch,0,0,90082,Snowy,3,62314,2023,5,May,2,53953,59.89320841011523,Normal
ATM_0010,2022-10-23,Sunday,Afternoon,66459,2171,Bank Branch,0,0,39847,Clear,1,58449,2022,10,October,4,64288,166.78545436293822,High Risk
ATM_0047,2023-05-14,Sunday,Night,58567,11218,Bank Branch,0,0,78195,Cloudy,3,46298,2023,5,May,2,47349,74.89865080887525,Normal
ATM_0045,2023-09-11,Monday,Night,51658,6868,Supermarket,0,0,109881,Cloudy,4,42153,2023,9,September,3,44790,47.012677350952394,Normal
ATM_0029,2023-01-29,Sunday,Evening,7180,8718,Bank Branch,0,0,89239,Clear,4,42,2023,1,January,1,-1538,8.045809567565751,Normal
ATM_0032,2022-08-31,Wednesday,Evening,61967,703,Gas Station,0,1,100909,Snowy,0,56483,2022,8,August,3,61264,61.408794061976636,Normal
ATM_0003,2023-08-05,Saturday,Night,58375,19283,Standalone,0,0,90364,Cloudy,5,44580,2023,8,August,3,39092,64.59984064450445,Normal
ATM_0006,2022-05-26,Thursday,Evening,54866,980,Gas Station,0,0,52160,Clear,1,46636,2022,5,May,2,53886,105.18788343558283,Normal
ATM_0031,2023-10-08,Sunday,Morning,62671,9972,Supermarket,0,0,123570,Snowy,4,59140,2023,10,October,4,52699,50.71700250869953,Normal
ATM_0004,2022-12-18,Sunday,Morning,78032,12098,Gas Station,0,0,105531,Cloudy,4,73214,2022,12,December,4,65934,73.94225393486275,Normal
ATM_0047,2022-12-06,Tuesday,Night,50128,6945,Standalone,0,1,110089,Snowy,2,50135,2022,12,December,4,43183,45.53406789052494,Normal
ATM_0011,2022-02-06,Sunday,Evening,71526,8263,Supermarket,0,0,129065,Cloudy,4,68169,2022,2,February,1,63263,55.4185875334134,Normal
ATM_0011,2023-08-10,Thursday,Morning,48826,7050,Standalone,0,0,113973,Clear,2,38139,2023,8,August,3,41776,42.83997087029384,Normal
ATM_0032,2022-03-26,Saturday,Afternoon,52464,20981,Supermarket,0,0,109859,Snowy,2,34409,2022,3,March,1,31483,47.755759655558485,Normal
ATM_0009,2023-09-23,Saturday,Evening,49137,11047,Standalone,0,0,78167,Clear,5,47625,2023,9,September,3,38090,62.861565622321436,Normal
ATM_0008,2023-09-11,Monday,Afternoon,37459,17122,Supermarket,0,0,98165,Cloudy,2,19894,2023,9,September,3,20337,38.15922171853512,Normal
ATM_0012,2022-09-25,Sunday,Afternoon,36683,13797,Gas Station,0,0,94164,Clear,2,33572,2022,9,September,3,22886,38.95650142304915,Normal
ATM_0006,2022-05-29,Sunday,Afternoon,54363,22,Gas Station,0,0,77575,Cloudy,3,59493,2022,5,May,2,54341,70.07798904286174,High Risk
ATM_0016,2023-11-08,Wednesday,Night,63941,9339,Bank Branch,0,0,89525,Snowy,0,54050,2023,11,November,4,54602,71.42250767941916,Normal
ATM_0042,2022-09-28,Wednesday,Morning,19673,9493,Mall,0,0,88031,Cloudy,3,16712,2022,9,September,3,10180,22.347809294453093,Normal
ATM_0020,2023-05-03,Wednesday,Afternoon,35501,20465,Gas Station,0,0,69762,Cloudy,3,29659,2023,5,May,2,15036,50.88873598807374,Normal
ATM_0017,2022-05-29,Sunday,Night,67390,14865,Mall,0,0,84418,Cloudy,3,64248,2022,5,May,2,52525,79.82894643322514,High Risk
ATM_0044,2022-11-20,Sunday,Morning,53048,17545,Mall,0,1,112112,Snowy,3,37759,2022,11,November,4,35503,47.31696874554017,Normal
ATM_0040,2023-10-30,Monday,Evening,27739,8957,Standalone,0,0,124132,Clear,2,23194,2023,10,October,4,18782,22.34637321560919,Normal
ATM_0042,2023-08-22,Tuesday,Night,27092,5076,Gas Station,0,0,84149,Rainy,5,20406,2023,8,August,3,22016,32.195272671095324,Normal
ATM_0044,2023-08-26,Saturday,Afternoon,35388,13517,Supermarket,0,0,73852,Rainy,2,28921,2023,8,August,3,21871,47.917456534691006,Normal
ATM_0036,2022-01-11,Tuesday,Morning,26031,6849,Mall,0,0,114639,Clear,4,17023,2022,1,January,1,19182,22.70693219584958,Normal
ATM_0007,2023-12-03,Sunday,Night,50665,1271,Standalone,0,0,109894,Snowy,2,56789,2023,12,December,4,49394,46.103517935465085,Normal
ATM_0013,2022-02-04,Friday,Morning,55751,4362,Supermarket,0,0,122558,Rainy,4,42247,2022,2,February,1,51389,45.489482530720146,Normal
ATM_0041,2022-05-05,Thursday,Morning,49701,9463,Mall,0,0,124405,Rainy,3,48823,2022,5,May,2,40238,39.95096660102086,Normal
ATM_0043,2023-10-26,Thursday,Afternoon,33849,7022,Mall,0,0,118010,Snowy,2,27058,2023,10,October,4,26827,28.683162443860688,Normal
ATM_0030,2023-11-08,Wednesday,Morning,60220,4231,Gas Station,0,1,115094,Snowy,3,55236,2023,11,November,4,55989,52.32244947608042,Normal
ATM_0045,2023-11-15,Wednesday,Evening,52991,1694,Standalone,0,0,110065,Clear,2,51319,2023,11,November,4,51297,48.14518693499296,Normal
ATM_0050,2022-03-05,Saturday,Night,64117,10959,Gas Station,0,0,138966,Clear,2,58837,2022,3,March,1,53158,46.13862383604623,Normal
ATM_0017,2022-07-02,Saturday,Night,65376,9763,Mall,0,0,68356,Rainy,4,54644,2022,7,July,3,55613,95.64047047808532,High Risk
ATM_0026,2022-07-02,Saturday,Night,19456,10237,Mall,0,0,95018,Cloudy,1,6734,2022,7,July,3,9219,20.476120314045758,Normal
ATM_0040,2023-10-21,Saturday,Morning,24906,12021,Gas Station,0,0,114317,Clear,0,10309,2023,10,October,4,12885,21.786785867368806,Normal
ATM_0005,2022-03-14,Monday,Evening,58871,13401,Gas Station,0,0,106148,Cloudy,1,56174,2022,3,March,1,45470,55.461242793081354,Normal
ATM_0042,2023-10-18,Wednesday,Morning,37630,7016,Mall,0,0,141958,Snowy,1,34433,2023,10,October,4,30614,26.507840347144928,Normal
ATM_0045,2022-12-04,Sunday,Night,39912,11116,Supermarket,0,0,65155,Cloudy,3,34337,2022,12,December,4,28796,61.25700253242269,Normal
ATM_0028,2023-02-18,Saturday,Morning,41809,14972,Supermarket,0,0,112920,Cloudy,5,27912,2023,2,February,1,26837,37.02532766560397,Normal
ATM_0050,2023-05-09,Tuesday,Morning,14425,20210,Supermarket,0,0,105905,Snowy,2,0,2023,5,May,2,-5785,13.620697795193806,Normal
ATM_0044,2022-11-07,Monday,Night,38352,6665,Mall,0,0,103958,Clear,2,28909,2022,11,November,4,31687,36.89182169722388,Normal
ATM_0035,2022-12-15,Thursday,Morning,40887,7978,Gas Station,0,0,86274,Snowy,5,41708,2022,12,December,4,32909,47.39203004381389,Normal
ATM_0013,2022-06-30,Thursday,Morning,28509,12574,Gas Station,0,0,116398,Snowy,5,13176,2022,6,June,2,15935,24.49268887781577,Normal
ATM_0025,2022-04-20,Wednesday,Evening,62594,3212,Gas Station,0,0,81986,Cloudy,5,71731,2022,4,April,2,59382,76.34718122606299,High Risk
ATM_0013,2022-05-24,Tuesday,Morning,35536,15400,Bank Branch,0,0,118855,Rainy,3,25114,2022,5,May,2,20136,29.89861596062429,Normal
ATM_0025,2022-03-06,Sunday,Evening,57309,15359,Gas Station,0,0,82414,Cloudy,0,45527,2022,3,March,1,41950,69.53794258257092,Normal
ATM_0003,2022-12-14,Wednesday,Morning,55228,9374,Standalone,0,0,116937,Clear,3,38679,2022,12,December,4,45854,47.22884972250015,Normal
ATM_0008,2022-08-05,Friday,Night,58113,14380,Supermarket,0,0,86633,Rainy,0,45851,2022,8,August,3,43733,67.07951935174817,Normal
ATM_0003,2022-05-25,Wednesday,Night,49083,11002,Mall,0,0,112178,Clear,1,36994,2022,5,May,2,38081,43.754568631995575,Normal
ATM_0045,2023-10-27,Friday,Afternoon,44737,0,Mall,0,0,127394,Clear,2,47640,2023,10,October,4,44737,35.11703847904925,Normal
ATM_0007,2023-04-13,Thursday,Afternoon,33709,5497,Supermarket,0,0,77344,Clear,0,24105,2023,4,April,2,28212,43.583212660322715,Normal
ATM_0032,2023-09-02,Saturday,Afternoon,51537,7585,Mall,0,0,64376,Cloudy,2,36479,2023,9,September,3,43952,80.05623213619982,Normal
ATM_0048,2023-11-26,Sunday,Night,16542,7234,Standalone,0,0,113917,Rainy,2,9370,2023,11,November,4,9308,14.521098694663658,Normal
ATM_0014,2022-02-16,Wednesday,Afternoon,44891,12500,Standalone,0,0,72861,Snowy,1,25797,2022,2,February,1,32391,61.61183623612083,Normal
ATM_0049,2023-03-02,Thursday,Afternoon,53347,12759,Standalone,0,0,113604,Cloudy,1,31956,2023,3,March,1,40588,46.95873384739974,Normal
ATM_0038,2022-02-11,Friday,Afternoon,20948,6193,Mall,0,0,82434,Cloudy,1,18198,2022,2,February,1,14755,25.411844627216922,Normal
ATM_0002,2023-05-14,Sunday,Morning,51498,7525,Mall,0,0,90048,Clear,5,41016,2023,5,May,2,43973,57.189498933901916,Normal
ATM_0042,2023-08-31,Thursday,Evening,67245,11482,Gas Station,0,0,125353,Cloudy,5,54836,2023,8,August,3,55763,53.644507909663105,Normal
ATM_0009,2022-07-31,Sunday,Afternoon,54330,2242,Standalone,0,0,113241,Cloudy,1,42097,2022,7,July,3,52088,47.97732270114181,Normal
ATM_0012,2023-09-18,Monday,Morning,67828,19246,Supermarket,0,0,116862,Cloudy,4,46833,2023,9,September,3,48582,58.04110831579128,Normal
ATM_0006,2023-10-05,Thursday,Evening,67442,14250,Standalone,0,0,108353,Rainy,1,68323,2023,10,October,4,53192,62.24285437412901,Normal
ATM_0008,2023-06-27,Tuesday,Morning,54847,16419,Supermarket,0,0,125899,Rainy,3,44246,2023,6,June,2,38428,43.5642856575509,Normal
ATM_0050,2023-10-04,Wednesday,Afternoon,58163,7694,Standalone,0,0,115131,Clear,1,56374,2023,10,October,4,50469,50.51897403826945,Normal
ATM_0044,2023-05-01,Monday,Night,32082,11429,Bank Branch,0,0,83096,Clear,0,20146,2023,5,May,2,20653,38.60835659959565,Normal
ATM_0042,2023-01-08,Sunday,Evening,58300,12103,Bank Branch,0,0,88441,Snowy,4,46745,2023,1,January,1,46197,65.91965264978913,Normal
ATM_0049,2023-04-10,Monday,Morning,55931,5212,Mall,0,0,88213,Rainy,1,55881,2023,4,April,2,50719,63.404486867015066,Normal
ATM_0002,2023-05-12,Friday,Morning,43120,5974,Mall,0,0,121536,Cloudy,4,38024,2023,5,May,2,37146,35.47919957872565,Normal
ATM_0038,2022-11-30,Wednesday,Night,35618,3237,Bank Branch,0,0,68328,Snowy,1,39486,2022,11,November,4,32381,52.1279709635874,Normal
ATM_0050,2022-04-23,Saturday,Evening,56194,13452,Bank Branch,0,0,105312,Cloudy,1,35509,2022,4,April,2,42742,53.359541172895774,Normal
ATM_0025,2022-08-14,Sunday,Morning,59866,9652,Gas Station,0,0,76260,Clear,3,46110,2022,8,August,3,50214,78.50249147652767,Normal
ATM_0010,2022-08-10,Wednesday,Night,65867,9110,Bank Branch,0,0,81743,Rainy,3,68455,2022,8,August,3,56757,80.57815348103202,High Risk
ATM_0047,2022-07-18,Monday,Evening,55225,5510,Standalone,0,0,90245,Rainy,0,54431,2022,7,July,3,49715,61.194526012521465,Normal
ATM_0045,2023-08-06,Sunday,Morning,66114,15900,Standalone,0,0,122885,Cloudy,3,59452,2023,8,August,3,50214,53.80152174797574,Normal
ATM_0027,2022-06-25,Saturday,Evening,49203,7245,Bank Branch,0,0,103360,Rainy,5,48530,2022,6,June,2,41958,47.60352167182663,Normal
ATM_0040,2022-06-24,Friday,Afternoon,64178,12504,Mall,0,0,82430,Cloudy,1,56273,2022,6,June,2,51674,77.85757612519714,High Risk
ATM_0038,2023-04-30,Sunday,Night,61136,6812,Standalone,0,0,104333,Cloudy,5,66457,2023,4,April,2,54324,58.59699232265918,Normal
ATM_0016,2022-09-11,Sunday,Evening,45449,4799,Gas Station,0,0,138903,Rainy,4,41173,2022,9,September,3,40650,32.7199556525057,Normal
ATM_0001,2023-03-04,Saturday,Morning,55553,12921,Mall,0,1,97990,Clear,3,45043,2023,3,March,1,42632,56.69251964486172,Normal
ATM_0034,2023-02-08,Wednesday,Night,49139,16965,Mall,0,0,116786,Rainy,0,29780,2023,2,February,1,32174,42.07610501258712,Normal
ATM_0036,2022-01-13,Thursday,Night,48809,8497,Bank Branch,0,0,79887,Snowy,1,49868,2022,1,January,1,40312,61.09755028978432,Normal
ATM_0042,2022-04-03,Sunday,Morning,55402,4649,Gas Station,0,0,134380,Rainy,5,54956,2022,4,April,2,50753,41.22786128888227,Normal
ATM_0030,2023-08-08,Tuesday,Morning,61877,7146,Gas Station,0,0,117049,Rainy,5,66552,2023,8,August,3,54731,52.864185084878976,Normal
ATM_0026,2022-07-09,Saturday,Evening,31562,17260,Gas Station,0,0,100282,Clear,5,9898,2022,7,July,3,14302,31.4732454478371,Normal
ATM_0005,2023-01-30,Monday,Evening,41053,8504,Supermarket,0,0,116178,Cloudy,2,34426,2023,1,January,1,32549,35.336294307011656,Normal
ATM_0045,2023-09-20,Wednesday,Afternoon,41233,4115,Mall,0,0,136410,Snowy,5,31646,2023,9,September,3,37118,30.2272560662708,Normal
ATM_0004,2023-06-12,Monday,Evening,41504,14158,Mall,0,0,104189,Snowy,3,38026,2023,6,June,2,27346,39.83529931182754,Normal
ATM_0040,2022-02-11,Friday,Evening,35231,9058,Standalone,0,0,123862,Clear,4,30326,2022,2,February,1,26173,28.443751917456524,Normal
ATM_0046,2022-07-29,Friday,Afternoon,43105,4600,Standalone,0,0,87728,Clear,5,37187,2022,7,July,3,38505,49.134825825278135,Normal
ATM_0031,2023-08-18,Friday,Afternoon,52943,9959,Bank Branch,0,0,103161,Snowy,4,52505,2023,8,August,3,42984,51.32075105902424,Normal
ATM_0044,2023-03-10,Friday,Evening,56326,16550,Mall,0,0,95680,Snowy,3,45187,2023,3,March,1,39776,58.86914715719064,Normal
ATM_0032,2023-05-29,Monday,Morning,64062,4539,Gas Station,0,0,94926,Snowy,3,51339,2023,5,May,2,59523,67.48625244927628,Normal
ATM_0040,2023-01-12,Thursday,Morning,44822,12446,Bank Branch,0,0,113727,Cloudy,0,32222,2023,1,January,1,32376,39.41192504858125,Normal
ATM_0006,2023-02-05,Sunday,Afternoon,37416,17209,Standalone,0,1,89752,Clear,0,30407,2023,2,February,1,20207,41.688207505125234,Normal
ATM_0011,2022-10-10,Monday,Morning,50837,8451,Bank Branch,0,0,122920,Rainy,4,34809,2022,10,October,4,42386,41.35779368695086,Normal
ATM_0041,2022-01-24,Monday,Evening,7437,7731,Gas Station,1,1,134524,Rainy,3,15361,2022,1,January,1,-294,5.528381552734085,Normal
ATM_0023,2023-03-07,Tuesday,Night,55343,16307,Mall,0,0,86656,Clear,0,43256,2023,3,March,1,39036,63.86516802067946,Normal
ATM_0015,2023-06-17,Saturday,Evening,39005,2275,Gas Station,0,0,89213,Snowy,3,42832,2023,6,June,2,36730,43.72120655061482,Normal
ATM_0038,2023-11-13,Monday,Night,39811,0,Gas Station,0,0,110464,Rainy,2,37561,2023,11,November,4,39811,36.039795770567785,Normal
ATM_0011,2022-09-24,Saturday,Afternoon,31695,0,Gas Station,0,0,43353,Snowy,0,32529,2022,9,September,3,31695,73.10912739602796,Normal
ATM_0010,2022-12-28,Wednesday,Evening,46615,16945,Gas Station,0,1,112746,Rainy,5,43370,2022,12,December,4,29670,41.34514749968957,Normal
ATM_0035,2022-10-20,Thursday,Afternoon,74244,1916,Bank Branch,0,0,95412,Rainy,1,85284,2022,10,October,4,72328,77.81411143252421,Normal
ATM_0016,2022-04-30,Saturday,Morning,50683,13117,Standalone,0,0,114068,Cloudy,2,34146,2022,4,April,2,37566,44.43226847143809,Normal
ATM_0024,2022-07-08,Friday,Afternoon,82323,11230,Supermarket,0,0,83954,Snowy,2,70590,2022,7,July,3,71093,98.05726945708363,High Risk
ATM_0010,2023-01-17,Tuesday,Night,41516,7643,Supermarket,0,1,114368,Snowy,0,46587,2023,1,January,1,33873,36.30036373810856,Normal
ATM_0002,2023-02-19,Sunday,Night,47633,5719,Bank Branch,0,1,100711,Snowy,1,59100,2023,2,February,1,41914,47.296720318535215,Normal
ATM_0001,2023-07-14,Friday,Evening,59784,1843,Standalone,0,0,109605,Snowy,4,52114,2023,7,July,3,57941,54.5449568906528,Normal
ATM_0043,2022-05-31,Tuesday,Night,34173,13463,Standalone,0,0,122116,Cloudy,0,22998,2022,5,May,2,20710,27.984047954404005,Normal
ATM_0009,2023-11-26,Sunday,Morning,46530,7117,Standalone,0,0,129420,Rainy,3,45654,2023,11,November,4,39413,35.95271210013908,Normal
ATM_0023,2022-04-05,Tuesday,Evening,39507,6019,Mall,0,0,80998,Rainy,4,34387,2022,4,April,2,33488,48.77527840193585,Normal
ATM_0034,2022-08-16,Tuesday,Evening,48759,11215,Bank Branch,0,0,119026,Cloudy,5,35363,2022,8,August,3,37544,40.964999243862685,Normal
ATM_0043,2022-03-31,Thursday,Night,57903,12550,Bank Branch,0,0,125451,Clear,5,37179,2022,3,March,1,45353,46.15586962240237,Normal
ATM_0024,2023-02-12,Sunday,Afternoon,35107,2773,Gas Station,0,0,113325,Snowy,0,31008,2023,2,February,1,32334,30.97904257666005,Normal
ATM_0019,2022-12-20,Tuesday,Evening,58669,17034,Standalone,0,1,90317,Clear,1,49129,2022,12,December,4,41635,64.95897782255831,Normal
ATM_0047,2023-03-31,Friday,Night,40874,12962,Gas Station,0,0,108192,Cloudy,5,24774,2023,3,March,1,27912,37.77913339248743,Normal
ATM_0027,2022-05-23,Monday,Morning,55354,21941,Bank Branch,0,0,123685,Cloudy,4,47411,2022,5,May,2,33413,44.75401220843271,Normal
ATM_0022,2022-03-09,Wednesday,Night,60842,10558,Mall,0,0,120143,Snowy,3,40856,2022,3,March,1,50284,50.64131909474543,Normal
ATM_0012,2023-07-24,Monday,Night,57769,9595,Supermarket,0,0,36591,Rainy,1,39802,2023,7,July,3,48174,157.87762017982564,Normal
ATM_0012,2023-01-26,Thursday,Evening,73890,10096,Supermarket,0,0,76220,Snowy,4,72353,2023,1,January,1,63794,96.94305956441879,High Risk
ATM_0020,2023-05-21,Sunday,Night,49251,11454,Bank Branch,0,0,119156,Clear,1,31259,2023,5,May,2,37797,41.33321024539259,Normal
ATM_0017,2022-11-04,Friday,Night,38136,10170,Mall,0,0,72699,Snowy,3,33525,2022,11,November,4,27966,52.45739281145545,Normal
ATM_0012,2023-05-19,Friday,Afternoon,60522,10008,Mall,0,0,108295,Snowy,3,50657,2023,5,May,2,50514,55.886236668359565,Normal
ATM_0005,2023-09-06,Wednesday,Evening,52079,4569,Supermarket,0,0,82634,Cloudy,2,46136,2023,9,September,3,47510,63.023694847157344,Normal
ATM_0041,2023-12-04,Monday,Night,51467,8820,Mall,0,0,91862,Clear,2,54203,2023,12,December,4,42647,56.026430950773985,Normal
ATM_0011,2023-08-19,Saturday,Morning,41978,11474,Bank Branch,0,0,70054,Rainy,2,39751,2023,8,August,3,30504,59.92234561909384,Normal
ATM_0011,2022-02-24,Thursday,Evening,69214,3650,Standalone,0,0,113376,Snowy,0,71709,2022,2,February,1,65564,61.048193621224954,Normal
ATM_0019,2022-10-26,Wednesday,Morning,35083,11247,Supermarket,0,0,76338,Rainy,0,28003,2022,10,October,4,23836,45.95745238282376,Normal
ATM_0039,2022-06-21,Tuesday,Evening,46208,10075,Standalone,0,0,80503,Snowy,2,42269,2022,6,June,2,36133,57.399103139013455,Normal
ATM_0044,2023-12-16,Saturday,Evening,59683,10096,Mall,0,0,53593,Snowy,1,60459,2023,12,December,4,49587,111.363424327804,High Risk
ATM_0001,2022-05-21,Saturday,Evening,61739,4523,Standalone,0,0,36465,Cloudy,2,66160,2022,5,May,2,57216,169.31029754559165,High Risk
ATM_0011,2022-04-15,Friday,Afternoon,24639,5107,Bank Branch,0,0,155104,Rainy,4,17479,2022,4,April,2,19532,15.88547039405818,Normal
ATM_0040,2023-12-08,Friday,Morning,45415,0,Gas Station,0,0,96594,Clear,0,38272,2023,12,December,4,45415,47.01637782885065,Normal
ATM_0009,2022-01-18,Tuesday,Night,48280,11321,Standalone,0,0,96997,Snowy,1,38694,2022,1,January,1,36959,49.77473530109179,Normal
ATM_0029,2023-09-04,Monday,Evening,31039,12430,Bank Branch,0,0,61012,Clear,5,23250,2023,9,September,3,18609,50.87359863633384,Normal
ATM_0008,2022-08-16,Tuesday,Afternoon,57605,9713,Bank Branch,0,0,72091,Snowy,1,44614,2022,8,August,3,47892,79.90595219930366,Normal
ATM_0014,2022-05-14,Saturday,Morning,39381,6304,Gas Station,0,0,113046,Clear,0,39459,2022,5,May,2,33077,34.83626134493923,Normal
ATM_0002,2023-05-11,Thursday,Night,71409,7902,Mall,0,0,115129,Clear,5,56099,2023,5,May,2,63507,62.02520650748291,Normal
ATM_0033,2023-08-31,Thursday,Morning,21289,11536,Gas Station,0,0,95044,Snowy,0,10096,2023,8,August,3,9753,22.39909936450486,Normal
ATM_0005,2022-11-05,Saturday,Morning,59414,8602,Mall,0,0,96833,Rainy,4,54594,2022,11,November,4,50812,61.35718195243357,Normal
ATM_0013,2022-07-09,Saturday,Evening,47242,9686,Mall,0,0,104824,Snowy,4,47759,2022,7,July,3,37556,45.06792337632603,Normal
ATM_0023,2022-12-27,Tuesday,Afternoon,63852,4746,Supermarket,0,0,117375,Rainy,4,49767,2022,12,December,4,59106,54.400000000000006,Normal
ATM_0037,2022-03-11,Friday,Morning,32204,12939,Supermarket,0,0,112394,Rainy,5,23918,2022,3,March,1,19265,28.652775059166856,Normal
ATM_0013,2022-10-16,Sunday,Afternoon,42972,6206,Supermarket,0,0,127017,Clear,1,40310,2022,10,October,4,36766,33.831691820779895,Normal
ATM_0033,2023-12-26,Tuesday,Night,40194,13427,Standalone,0,0,97167,Rainy,3,30306,2023,12,December,4,26767,41.36589582883077,Normal
ATM_0044,2022-04-20,Wednesday,Afternoon,17326,7352,Standalone,0,1,88763,Cloudy,1,18943,2022,4,April,2,9974,19.51939434223719,Normal
ATM_0033,2022-08-22,Monday,Night,57190,12655,Mall,0,0,102977,Snowy,0,49269,2022,8,August,3,44535,55.53667323771327,Normal
ATM_0030,2022-04-23,Saturday,Afternoon,63061,14744,Gas Station,0,0,102613,Snowy,4,44760,2022,4,April,2,48317,61.45517624472533,Normal
ATM_0047,2022-02-11,Friday,Morning,47877,6564,Standalone,0,0,72988,Cloudy,2,38291,2022,2,February,1,41313,65.59571436400505,Normal
ATM_0030,2023-09-07,Thursday,Evening,52863,9818,Gas Station,0,0,102938,Cloudy,2,34427,2023,9,September,3,43045,51.35421321572209,Normal
ATM_0028,2022-07-13,Wednesday,Morning,42168,25384,Gas Station,0,1,127202,Snowy,1,35346,2022,7,July,3,16784,33.15042216317354,Normal
ATM_0001,2023-11-22,Wednesday,Night,40879,4927,Mall,0,0,73198,Clear,0,29752,2023,11,November,4,35952,55.84715429383317,Normal
ATM_0010,2023-02-09,Thursday,Night,56483,6593,Supermarket,0,1,119356,Rainy,0,51474,2023,2,February,1,49890,47.32313415328932,Normal
ATM_0024,2022-07-23,Saturday,Evening,64906,16869,Bank Branch,0,0,82952,Cloudy,0,42707,2022,7,July,3,48037,78.24525026521361,Normal
ATM_0015,2023-03-11,Saturday,Night,57130,6141,Standalone,0,0,132190,Snowy,5,61661,2023,3,March,1,50989,43.21809516604887,Normal
ATM_0026,2022-12-31,Saturday,Night,37668,3903,Supermarket,1,1,88611,Cloudy,4,47423,2022,12,December,4,33765,42.50939499610658,Normal
ATM_0018,2022-05-31,Tuesday,Night,48139,1557,Mall,0,0,77599,Cloudy,3,51988,2022,5,May,2,46582,62.03559324218095,Normal
ATM_0015,2023-10-06,Friday,Afternoon,44121,4911,Mall,0,0,79451,Clear,0,45196,2023,10,October,4,39210,55.53234068797121,Normal
ATM_0032,2023-11-26,Sunday,Morning,44400,7517,Bank Branch,0,0,76930,Snowy,1,31279,2023,11,November,4,36883,57.71480566748992,Normal
ATM_0020,2023-09-29,Friday,Morning,42226,16626,Mall,0,0,116542,Cloudy,3,33376,2023,9,September,3,25600,36.23243122651061,Normal
ATM_0013,2022-10-28,Friday,Night,52369,15313,Gas Station,0,0,92487,Snowy,4,42751,2022,10,October,4,37056,56.62309297522895,Normal
ATM_0035,2022-01-19,Wednesday,Morning,74955,11526,Gas Station,0,0,111747,Clear,3,54606,2022,1,January,1,63429,67.07562619130715,Normal
ATM_0029,2022-11-19,Saturday,Night,71212,7757,Gas Station,0,0,104771,Clear,1,65627,2022,11,November,4,63455,67.9691899476,Normal
ATM_0036,2023-11-07,Tuesday,Evening,66448,0,Bank Branch,0,0,130689,Rainy,2,75386,2023,11,November,4,66448,50.84437098761181,Normal
ATM_0046,2023-02-03,Friday,Night,66835,10015,Mall,0,0,124599,Cloudy,5,74210,2023,2,February,1,56820,53.64007736819718,Normal
ATM_0036,2023-12-03,Sunday,Night,64740,2999,Gas Station,0,0,111745,Rainy,4,51168,2023,12,December,4,61741,57.93547809745403,Normal
ATM_0004,2023-02-05,Sunday,Evening,46915,18740,Gas Station,0,0,120801,Cloudy,4,29543,2023,2,February,1,28175,38.83659903477621,Normal
ATM_0044,2022-12-28,Wednesday,Evening,44214,12172,Standalone,0,0,104804,Clear,1,38421,2022,12,December,4,32042,42.18732109461471,Normal
ATM_0024,2022-12-24,Saturday,Morning,68796,11634,Standalone,1,0,72214,Cloudy,2,75584,2022,12,December,4,57162,95.26684576397928,High Risk
ATM_0023,2023-02-26,Sunday,Evening,49227,12515,Mall,0,0,93625,Rainy,1,49863,2023,2,February,1,36712,52.57890520694259,Normal
ATM_0042,2022-11-16,Wednesday,Morning,34552,6721,Mall,0,0,95285,Clear,2,33248,2022,11,November,4,27831,36.26174109251194,Normal
ATM_0011,2022-01-21,Friday,Evening,45583,17263,Mall,0,0,130574,Cloudy,4,30981,2022,1,January,1,28320,34.90970637339746,Normal
ATM_0033,2023-03-08,Wednesday,Evening,48784,2639,Mall,0,0,72523,Clear,2,46903,2023,3,March,1,46145,67.26693600650829,Normal
ATM_0025,2023-08-08,Tuesday,Night,55844,0,Standalone,0,0,76040,Cloudy,0,50874,2023,8,August,3,55844,73.44029458179905,Normal
ATM_0045,2023-11-23,Thursday,Afternoon,63306,12824,Standalone,0,0,132715,Snowy,1,60446,2023,11,November,4,50482,47.70071205214181,Normal
ATM_0040,2022-11-03,Thursday,Evening,52888,21960,Gas Station,0,0,58012,Clear,4,30931,2022,11,November,4,30928,91.16734468730607,Normal
ATM_0014,2022-10-22,Saturday,Evening,60248,9425,Mall,0,0,111335,Cloudy,1,54484,2022,10,October,4,50823,54.11415996766515,Normal
ATM_0040,2022-04-05,Tuesday,Morning,60671,25564,Supermarket,0,0,116160,Clear,4,37409,2022,4,April,2,35107,52.23054407713499,Normal
ATM_0034,2023-05-02,Tuesday,Night,37279,1021,Bank Branch,0,0,93398,Clear,5,32673,2023,5,May,2,36258,39.91413092357438,Normal
ATM_0020,2023-06-01,Thursday,Evening,65727,12438,Gas Station,0,0,85315,Snowy,1,47462,2023,6,June,2,53289,77.04037976909102,Normal
ATM_0027,2023-02-16,Thursday,Evening,47877,17991,Supermarket,0,0,114670,Rainy,0,24785,2023,2,February,1,29886,41.75198395395483,Normal
ATM_0041,2023-12-22,Friday,Afternoon,51149,7441,Supermarket,0,0,57905,Cloudy,2,54027,2023,12,December,4,43708,88.33261376392367,High Risk
ATM_0041,2023-06-30,Friday,Night,80632,9710,Supermarket,0,0,85297,Clear,4,65118,2023,6,June,2,70922,94.53087447389709,High Risk
ATM_0013,2023-01-09,Monday,Night,84156,3827,Bank Branch,0,0,79360,Snowy,3,80779,2023,1,January,1,80329,106.04334677419357,High Risk
ATM_0027,2022-11-23,Wednesday,Morning,43396,3819,Bank Branch,0,0,125086,Snowy,2,47304,2022,11,November,4,39577,34.69293126329085,Normal
ATM_0042,2022-06-14,Tuesday,Evening,60965,12692,Supermarket,0,0,114314,Rainy,0,41539,2022,6,June,2,48273,53.33117553405532,Normal
ATM_0010,2022-07-16,Saturday,Morning,85915,20925,Bank Branch,0,0,86265,Snowy,3,69650,2022,7,July,3,64990,99.59427345968817,High Risk
ATM_0032,2023-07-28,Friday,Night,57486,1538,Gas Station,0,0,96592,Clear,1,61936,2023,7,July,3,55948,59.514245486168626,Normal
ATM_0011,2022-10-07,Friday,Afternoon,37807,0,Mall,0,0,99559,Snowy,5,36908,2022,10,October,4,37807,37.974467401239465,Normal
ATM_0036,2022-06-30,Thursday,Morning,60935,11755,Gas Station,0,0,106833,Clear,0,39104,2022,6,June,2,49180,57.03761946215121,Normal
ATM_0021,2023-09-09,Saturday,Evening,45930,3917,Mall,0,1,77569,Cloudy,2,49351,2023,9,September,3,42013,59.21179852776238,Normal
ATM_0043,2023-11-05,Sunday,Morning,47922,7880,Gas Station,0,1,93896,Rainy,1,43541,2023,11,November,4,40042,51.03731788361592,Normal
ATM_0008,2023-08-08,Tuesday,Morning,65703,13718,Supermarket,0,0,95902,Snowy,3,62263,2023,8,August,3,51985,68.5105628662593,Normal
ATM_0006,2022-09-01,Thursday,Morning,49691,11445,Standalone,0,0,76421,Cloudy,5,48476,2022,9,September,3,38246,65.02270318367988,Normal
ATM_0048,2022-08-30,Tuesday,Night,46704,13047,Bank Branch,0,0,68892,Rainy,1,38177,2022,8,August,3,33657,67.7930674098589,Normal
ATM_0018,2023-03-27,Monday,Night,50619,15185,Standalone,0,0,106688,Clear,3,43222,2023,3,March,1,35434,47.44582333533293,Normal
ATM_0035,2023-01-19,Thursday,Morning,72171,10422,Standalone,0,0,78614,Cloudy,5,60177,2023,1,January,1,61749,91.8042587834228,High Risk
ATM_0016,2022-10-12,Wednesday,Afternoon,64344,21623,Standalone,0,0,99659,Snowy,2,36336,2022,10,October,4,42721,64.56416379855307,Normal
ATM_0002,2023-10-23,Monday,Morning,57575,896,Mall,0,0,85884,Rainy,2,66406,2023,10,October,4,56679,67.03809789949234,High Risk
ATM_0036,2023-01-29,Sunday,Evening,29120,18520,Standalone,0,1,97697,Clear,4,17772,2023,1,January,1,10600,29.806442367728792,Normal
ATM_0016,2023-03-30,Thursday,Night,44811,6165,Mall,0,1,101361,Cloudy,2,54146,2023,3,March,1,38646,44.209311273566755,Normal
ATM_0020,2022-04-03,Sunday,Afternoon,65431,12508,Standalone,0,0,104966,Rainy,3,58993,2022,4,April,2,52923,62.33542289884344,Normal
ATM_0041,2022-11-21,Monday,Night,51171,4850,Mall,0,0,100921,Clear,3,49015,2022,11,November,4,46321,50.70401601252465,Normal
ATM_0031,2023-02-27,Monday,Evening,42790,22696,Gas Station,0,0,99202,Clear,1,34799,2023,2,February,1,20094,43.13421100381041,Normal
ATM_0045,2022-09-25,Sunday,Morning,28936,18366,Standalone,0,0,88210,Snowy,3,18209,2022,9,September,3,10570,32.803537013943995,Normal
ATM_0045,2022-01-29,Saturday,Morning,29291,7819,Bank Branch,0,0,94847,Rainy,0,19070,2022,1,January,1,21472,30.882368446023595,Normal
ATM_0026,2022-07-24,Sunday,Evening,48955,8631,Standalone,0,0,99714,Clear,1,33023,2022,7,July,3,40324,49.0954128808392,Normal
ATM_0016,2023-06-13,Tuesday,Afternoon,52243,10489,Supermarket,0,0,108720,Snowy,3,33537,2023,6,June,2,41754,48.0527961736571,Normal
ATM_0031,2022-05-17,Tuesday,Evening,62657,11963,Bank Branch,0,0,109071,Snowy,2,55494,2022,5,May,2,50694,57.44606724060475,Normal
ATM_0013,2022-03-28,Monday,Night,57192,13644,Standalone,0,0,86152,Cloudy,4,55787,2022,3,March,1,43548,66.38499396415638,High Risk
ATM_0015,2022-01-22,Saturday,Morning,40114,15169,Supermarket,0,0,91850,Rainy,0,26567,2022,1,January,1,24945,43.67338051170386,Normal
ATM_0030,2022-07-23,Saturday,Evening,48135,8943,Bank Branch,0,0,114932,Cloudy,4,40178,2022,7,July,3,39192,41.881286325827446,Normal
ATM_0017,2022-06-02,Thursday,Morning,54883,12590,Standalone,0,0,89415,Clear,0,57156,2022,6,June,2,42293,61.3800816417827,Normal
ATM_0046,2023-06-23,Friday,Night,36960,9945,Gas Station,0,0,102747,Cloudy,0,24532,2023,6,June,2,27015,35.97185319279395,Normal
ATM_0015,2024-01-01,Monday,Afternoon,93772,11365,Bank Branch,1,1,58507,Snowy,2,103254,2024,1,January,1,82407,160.27483890816484,High Risk
ATM_0048,2023-05-22,Monday,Night,61919,14868,Bank Branch,0,0,89928,Rainy,4,53698,2023,5,May,2,47051,68.85397206654213,Normal
ATM_0014,2022-10-17,Monday,Afternoon,47740,6169,Gas Station,0,0,77438,Rainy,0,36838,2022,10,October,4,41571,61.64931945556445,Normal
ATM_0019,2022-09-26,Monday,Afternoon,43780,5024,Supermarket,0,0,110993,Rainy,2,38224,2022,9,September,3,38756,39.44392889641689,Normal
ATM_0038,2023-12-02,Saturday,Night,77021,9375,Mall,0,0,100313,Rainy,2,55217,2023,12,December,4,67646,76.78067648260944,Normal
ATM_0045,2023-02-12,Sunday,Afternoon,53279,7768,Gas Station,0,0,95987,Snowy,0,44425,2023,2,February,1,45511,55.50647483513392,Normal
ATM_0007,2023-07-25,Tuesday,Morning,55512,8155,Mall,0,0,104276,Rainy,3,53517,2023,7,July,3,47357,53.235643868195936,Normal
ATM_0023,2023-09-13,Wednesday,Morning,40468,9793,Mall,0,0,111120,Cloudy,2,33349,2023,9,September,3,30675,36.41828653707703,Normal
ATM_0026,2023-11-19,Sunday,Evening,41130,15147,Bank Branch,0,1,93262,Clear,4,42590,2023,11,November,4,25983,44.10156333769381,Normal
ATM_0012,2022-09-24,Saturday,Afternoon,45038,7449,Supermarket,0,0,102989,Snowy,3,39695,2022,9,September,3,37589,43.73088388080281,Normal
ATM_0009,2022-04-02,Saturday,Evening,61561,15799,Supermarket,0,0,89880,Snowy,0,53312,2022,4,April,2,45762,68.49243435692034,Normal
ATM_0021,2022-02-15,Tuesday,Afternoon,51607,4607,Gas Station,0,0,96494,Snowy,5,55171,2022,2,February,1,47000,53.48208178746865,Normal
ATM_0024,2023-03-17,Friday,Evening,55989,11454,Standalone,0,0,89859,Snowy,4,41409,2023,3,March,1,44535,62.30761526391346,Normal
ATM_0021,2023-03-23,Thursday,Afternoon,76771,10067,Standalone,0,0,95502,Cloudy,1,68556,2023,3,March,1,66704,80.38679818223702,Normal
ATM_0036,2023-11-05,Sunday,Night,36068,7855,Mall,0,0,108316,Clear,1,33860,2023,11,November,4,28213,33.29886628014329,Normal
ATM_0012,2022-02-06,Sunday,Night,77114,12530,Standalone,0,0,78879,Cloudy,3,72675,2022,2,February,1,64584,97.76239556789513,High Risk
ATM_0008,2023-05-22,Monday,Morning,46145,3010,Gas Station,0,0,124051,Cloudy,3,51265,2023,5,May,2,43135,37.19841033123473,Normal
ATM_0032,2022-04-26,Tuesday,Afternoon,48470,5787,Mall,0,0,115017,Rainy,2,42882,2022,4,April,2,42683,42.14159645965379,Normal
ATM_0012,2022-06-22,Wednesday,Evening,59816,7000,Supermarket,0,0,68824,Rainy,4,62716,2022,6,June,2,52816,86.9115424851796,High Risk
ATM_0001,2023-06-23,Friday,Afternoon,62290,12119,Gas Station,0,1,80684,Rainy,3,54203,2023,6,June,2,50171,77.20241931485796,High Risk
ATM_0044,2022-04-07,Thursday,Evening,41921,5911,Mall,0,0,77323,Clear,3,31969,2022,4,April,2,36010,54.215433958847946,Normal
ATM_0024,2023-08-28,Monday,Morning,25594,20112,Standalone,0,0,125050,Clear,3,11956,2023,8,August,3,5482,20.46701319472211,Normal
ATM_0046,2023-11-07,Tuesday,Night,38314,15955,Gas Station,0,0,83627,Snowy,4,23963,2023,11,November,4,22359,45.81534671816519,Normal
ATM_0043,2022-01-06,Thursday,Evening,66381,7260,Mall,0,0,73282,Cloudy,2,62304,2022,1,January,1,59121,90.58295352201087,High Risk
ATM_0047,2023-08-06,Sunday,Afternoon,60862,4001,Bank Branch,0,0,113978,Snowy,2,67113,2023,8,August,3,56861,53.39802418010493,Normal
ATM_0004,2022-03-14,Monday,Night,27942,3686,Mall,0,0,84482,Rainy,1,28940,2022,3,March,1,24256,33.07450107715253,Normal
ATM_0050,2023-02-13,Monday,Morning,51184,15134,Mall,0,0,111991,Rainy,3,39277,2023,2,February,1,36050,45.70367261654955,Normal
ATM_0050,2023-02-17,Friday,Evening,31746,16816,Bank Branch,0,0,87896,Cloudy,3,17974,2023,2,February,1,14930,36.11768453627014,Normal
ATM_0048,2022-11-14,Monday,Afternoon,63656,2519,Standalone,0,0,81635,Snowy,4,60331,2022,11,November,4,61137,77.97635817970233,High Risk
ATM_0013,2023-05-17,Wednesday,Night,51193,13794,Gas Station,0,0,113926,Cloudy,0,34474,2023,5,May,2,37399,44.935308884714644,Normal
ATM_0049,2023-03-09,Thursday,Evening,54181,14289,Supermarket,0,0,111071,Cloudy,0,51808,2023,3,March,1,39892,48.78050976402481,Normal
ATM_0003,2023-06-10,Saturday,Evening,48064,5741,Gas Station,0,0,84820,Rainy,3,50211,2023,6,June,2,42323,56.66588068851686,Normal
ATM_0034,2023-10-07,Saturday,Morning,35318,8637,Standalone,0,0,124674,Clear,3,31969,2023,10,October,4,26681,28.32828015464331,Normal
ATM_0020,2022-06-02,Thursday,Afternoon,40149,8698,Standalone,0,0,69799,Cloudy,2,41262,2022,6,June,2,31451,57.5208813879855,Normal
ATM_0037,2022-02-18,Friday,Morning,46691,11116,Mall,0,0,76032,Cloudy,3,49399,2022,2,February,1,35575,61.409669612794616,Normal
ATM_0007,2023-04-21,Friday,Evening,66262,11051,Standalone,0,0,103967,Clear,4,65076,2023,4,April,2,55211,63.73368472688449,Normal
ATM_0002,2022-04-27,Wednesday,Night,49862,12377,Bank Branch,0,0,65062,Cloudy,0,39235,2022,4,April,2,37485,76.63766868525407,Normal
ATM_0006,2023-03-03,Friday,Evening,53842,15966,Standalone,0,0,84565,Cloudy,5,36347,2023,3,March,1,37876,63.66936675929759,Normal
ATM_0029,2023-10-01,Sunday,Evening,42530,8264,Standalone,0,1,115416,Rainy,1,35216,2023,10,October,4,34266,36.849310320926044,Normal
ATM_0012,2022-03-22,Tuesday,Evening,34192,12139,Mall,0,0,65961,Clear,0,28609,2022,3,March,1,22053,51.836691378238655,Normal
ATM_0026,2022-04-30,Saturday,Morning,41579,8625,Bank Branch,0,0,55975,Cloudy,5,35956,2022,4,April,2,32954,74.28137561411344,Normal
ATM_0026,2023-11-05,Sunday,Night,59206,11877,Standalone,0,0,103351,Snowy,5,59182,2023,11,November,4,47329,57.286334916933555,Normal
ATM_0044,2023-12-08,Friday,Night,67433,1839,Standalone,0,0,81901,Rainy,0,65371,2023,12,December,4,65594,82.334770027228,High Risk
ATM_0013,2022-04-25,Monday,Morning,49306,10570,Bank Branch,0,0,101237,Rainy,3,34701,2022,4,April,2,38736,48.70353724428816,Normal
ATM_0042,2022-05-29,Sunday,Afternoon,36086,9048,Gas Station,0,0,70051,Rainy,0,26980,2022,5,May,2,27038,51.51389701788697,Normal
ATM_0020,2023-04-20,Thursday,Afternoon,42666,17944,Gas Station,0,0,75155,Clear,1,37902,2023,4,April,2,24722,56.77067394052292,Normal
ATM_0010,2023-12-21,Thursday,Night,33116,4518,Gas Station,0,0,98642,Cloudy,4,25247,2023,12,December,4,28598,33.57190649013605,Normal
ATM_0016,2022-07-26,Tuesday,Evening,56474,13698,Supermarket,0,0,151439,Cloudy,0,53746,2022,7,July,3,42776,37.29158274948989,Normal
ATM_0022,2022-01-09,Sunday,Morning,16258,13043,Gas Station,0,1,88857,Cloudy,5,13375,2022,1,January,1,3215,18.296813982016047,Normal
ATM_0038,2023-09-03,Sunday,Evening,36368,18422,Mall,0,0,116845,Cloudy,4,31593,2023,9,September,3,17946,31.124994651033422,Normal
ATM_0038,2023-09-19,Tuesday,Night,50347,16755,Bank Branch,0,0,69749,Clear,3,27000,2023,9,September,3,33592,72.18311373639766,Normal
ATM_0037,2022-11-20,Sunday,Morning,30039,0,Standalone,0,0,86011,Cloudy,3,26755,2022,11,November,4,30039,34.92460266710072,Normal
ATM_0008,2023-05-22,Monday,Evening,52425,10514,Gas Station,0,0,102986,Clear,1,35370,2023,5,May,2,41911,50.90497737556561,Normal
ATM_0019,2022-07-16,Saturday,Night,28834,14015,Standalone,0,0,104792,Rainy,4,10519,2022,7,July,3,14819,27.51545919535842,Normal
ATM_0044,2022-12-14,Wednesday,Night,60995,536,Bank Branch,0,0,106229,Cloudy,3,58064,2022,12,December,4,60459,57.41840740287492,Normal
ATM_0044,2023-10-31,Tuesday,Evening,58015,10455,Gas Station,0,0,82969,Rainy,4,53793,2023,10,October,4,47560,69.92370644457569,Normal
ATM_0014,2022-10-17,Monday,Morning,50094,8973,Gas Station,0,0,122370,Rainy,1,38595,2022,10,October,4,41121,40.936504045109096,Normal
ATM_0039,2023-05-19,Friday,Morning,38537,14380,Gas Station,0,1,85811,Cloudy,2,32251,2023,5,May,2,24157,44.90916083019659,Normal
ATM_0016,2022-08-03,Wednesday,Morning,59668,7148,Mall,0,0,76417,Snowy,2,45903,2022,8,August,3,52520,78.08210215004515,Normal
ATM_0044,2022-06-12,Sunday,Afternoon,63889,9544,Supermarket,0,0,96448,Clear,2,54629,2022,6,June,2,54345,66.24191274054412,Normal
ATM_0028,2022-04-27,Wednesday,Afternoon,59838,6143,Mall,0,0,64520,Cloudy,2,49684,2022,4,April,2,53695,92.743335399876,Normal
ATM_0022,2022-12-30,Friday,Morning,51605,8274,Supermarket,0,0,113758,Rainy,5,52724,2022,12,December,4,43331,45.36384254294204,Normal
ATM_0033,2023-09-11,Monday,Morning,40805,11709,Mall,0,1,98799,Cloudy,3,35802,2023,9,September,3,29096,41.301025314021395,Normal
ATM_0049,2022-04-24,Sunday,Morning,37240,7294,Supermarket,0,0,115113,Clear,4,33808,2022,4,April,2,29946,32.35082049811923,Normal
ATM_0003,2023-06-04,Sunday,Morning,46671,11599,Bank Branch,0,0,71861,Rainy,2,42799,2023,6,June,2,35072,64.94621561069287,Normal
ATM_0011,2022-10-27,Thursday,Night,75568,4459,Supermarket,0,0,119520,Clear,1,67706,2022,10,October,4,71109,63.22623828647925,Normal
ATM_0042,2023-01-08,Sunday,Evening,70992,4818,Bank Branch,0,0,95930,Rainy,3,80149,2023,1,January,1,66174,74.00396122172418,Normal
ATM_0027,2022-01-07,Friday,Afternoon,66352,6259,Gas Station,0,0,60653,Rainy,0,68788,2022,1,January,1,60093,109.39607274166158,High Risk
ATM_0018,2023-01-17,Tuesday,Night,49681,8366,Standalone,0,0,102495,Rainy,1,43623,2023,1,January,1,41315,48.47163276257378,Normal
ATM_0049,2023-06-27,Tuesday,Night,44399,7499,Bank Branch,0,0,96602,Cloudy,3,39677,2023,6,June,2,36900,45.96074615432393,Normal
ATM_0027,2023-04-15,Saturday,Evening,74551,7588,Mall,0,0,121979,Clear,5,69402,2023,4,April,2,66963,61.11789734298527,Normal
ATM_0034,2022-03-13,Sunday,Morning,51241,10183,Standalone,0,0,52313,Rainy,3,52179,2022,3,March,1,41058,97.95079616921224,Normal
ATM_0004,2023-02-07,Tuesday,Morning,61177,6442,Bank Branch,0,1,92310,Clear,5,72171,2023,2,February,1,54735,66.2734264976709,Normal
ATM_0046,2023-11-08,Wednesday,Evening,44318,20413,Gas Station,0,0,108617,Snowy,5,22104,2023,11,November,4,23905,40.802084388263346,Normal
ATM_0048,2022-11-18,Friday,Evening,30864,0,Mall,0,0,131989,Rainy,5,33934,2022,11,November,4,30864,23.383766829053936,Normal
ATM_0026,2023-04-02,Sunday,Afternoon,52481,3089,Supermarket,0,0,90327,Cloudy,5,48728,2023,4,April,2,49392,58.10112148084183,Normal
ATM_0023,2023-10-27,Friday,Night,62626,8864,Bank Branch,0,0,97164,Clear,0,66358,2023,10,October,4,53762,64.45391297188259,Normal
ATM_0035,2022-12-09,Friday,Night,59564,11293,Bank Branch,0,0,123910,Snowy,1,41874,2022,12,December,4,48271,48.07037365830038,Normal
ATM_0006,2023-06-08,Thursday,Evening,27215,12522,Supermarket,0,0,112530,Rainy,0,16968,2023,6,June,2,14693,24.184661867946325,Normal
ATM_0002,2023-07-07,Friday,Evening,38810,6692,Bank Branch,0,0,115068,Snowy,5,31402,2023,7,July,3,32118,33.727882643306565,Normal
ATM_0028,2023-06-02,Friday,Morning,40781,15593,Mall,0,0,100260,Snowy,5,28152,2023,6,June,2,25188,40.6752443646519,Normal
ATM_0033,2022-12-29,Thursday,Morning,69380,6254,Mall,0,0,126310,Clear,3,76528,2022,12,December,4,63126,54.92835088274879,Normal
ATM_0020,2023-08-10,Thursday,Morning,53157,9197,Gas Station,0,0,150018,Rainy,5,34252,2023,8,August,3,43960,35.43374795024597,Normal
ATM_0038,2023-08-03,Thursday,Afternoon,34165,8231,Standalone,0,0,75351,Rainy,5,28806,2023,8,August,3,25934,45.341136813048266,Normal
ATM_0025,2023-06-17,Saturday,Afternoon,64286,16119,Mall,0,0,96047,Rainy,2,46567,2023,6,June,2,48167,66.93181463241955,Normal
ATM_0030,2022-04-11,Monday,Afternoon,80538,12344,Gas Station,0,0,90160,Clear,0,78141,2022,4,April,2,68194,89.32786157941437,Normal
ATM_0004,2023-03-12,Sunday,Afternoon,69920,9136,Gas Station,0,0,112773,Clear,2,71678,2023,3,March,1,60784,62.00065618543446,Normal
ATM_0044,2023-06-23,Friday,Night,49046,2745,Supermarket,0,0,101511,Cloudy,2,55442,2023,6,June,2,46301,48.315946055107325,Normal
ATM_0038,2023-05-26,Friday,Night,65732,4772,Gas Station,0,0,99474,Cloudy,5,70714,2023,5,May,2,60960,66.07957858334841,Normal
ATM_0027,2022-06-16,Thursday,Afternoon,50472,13450,Supermarket,0,0,121754,Cloudy,1,32256,2022,6,June,2,37022,41.45407953742793,Normal
ATM_0046,2023-06-10,Saturday,Morning,60374,9986,Bank Branch,0,0,89338,Clear,5,46132,2023,6,June,2,50388,67.57930555866484,Normal
ATM_0011,2023-07-27,Thursday,Evening,35301,213,Mall,0,0,86637,Cloudy,0,35227,2023,7,July,3,35088,40.74587070189411,Normal
ATM_0008,2023-01-14,Saturday,Evening,52900,19501,Mall,0,0,120461,Clear,2,37150,2023,1,January,1,33399,43.91462797087854,Normal
ATM_0020,2023-01-19,Thursday,Evening,67512,6380,Standalone,0,0,87113,Rainy,1,68262,2023,1,January,1,61132,77.49933993778197,Normal
ATM_0038,2023-03-08,Wednesday,Morning,8912,15930,Standalone,0,0,130806,Rainy,1,0,2023,3,March,1,-7018,6.813143127991071,Normal
ATM_0048,2023-05-16,Tuesday,Morning,38692,11913,Mall,0,0,122498,Clear,0,37669,2023,5,May,2,26779,31.585821809335663,Normal
ATM_0027,2023-05-08,Monday,Evening,23858,12047,Supermarket,0,0,94466,Snowy,3,11937,2023,5,May,2,11811,25.255647534562698,Normal
ATM_0031,2023-09-13,Wednesday,Afternoon,51700,12294,Bank Branch,0,0,96235,Cloudy,3,34291,2023,9,September,3,39406,53.722658076583365,Normal
ATM_0043,2023-04-05,Wednesday,Afternoon,48446,8930,Standalone,0,0,119406,Cloudy,3,44150,2023,4,April,2,39516,40.572500544361255,Normal
ATM_0015,2023-02-09,Thursday,Evening,30935,8107,Supermarket,0,0,117973,Cloudy,5,30380,2023,2,February,1,22828,26.222101667330662,Normal
ATM_0018,2023-10-24,Tuesday,Morning,50565,13297,Bank Branch,0,0,135330,Snowy,4,51343,2023,10,October,4,37268,37.3642207936156,Normal
ATM_0042,2022-05-07,Saturday,Morning,65579,10465,Bank Branch,0,1,89780,Clear,4,54623,2022,5,May,2,55114,73.04410781911339,Normal
ATM_0034,2022-07-13,Wednesday,Night,11696,11951,Supermarket,0,0,96921,Clear,5,1949,2022,7,July,3,-255,12.067560177876828,Normal
ATM_0035,2022-07-04,Monday,Morning,35900,12383,Standalone,0,0,134318,Rainy,5,31099,2022,7,July,3,23517,26.727616551765216,Normal
ATM_0038,2023-03-31,Friday,Morning,48537,5945,Supermarket,0,0,107336,Cloudy,4,53825,2023,3,March,1,42592,45.21968398300663,Normal
ATM_0003,2023-05-19,Friday,Morning,38892,14324,Standalone,0,0,103028,Cloudy,0,34109,2023,5,May,2,24568,37.74896144737353,Normal
ATM_0034,2022-11-21,Monday,Night,54476,20423,Standalone,0,0,79841,Clear,4,49085,2022,11,November,4,34053,68.23060833406394,Normal
ATM_0011,2022-10-20,Thursday,Afternoon,61796,7202,Bank Branch,0,0,43339,Clear,1,51516,2022,10,October,4,54594,142.58750778744317,Normal
ATM_0020,2023-02-22,Wednesday,Afternoon,70387,6962,Mall,0,0,131363,Snowy,1,68109,2023,2,February,1,63425,53.582058875025695,Normal
ATM_0002,2024-01-01,Monday,Morning,47358,10414,Standalone,1,0,97381,Snowy,1,41391,2024,1,January,1,36944,48.63166326080036,Normal
ATM_0027,2022-11-28,Monday,Evening,66923,15051,Gas Station,0,1,99112,Clear,0,57498,2022,11,November,4,51872,67.52260069416418,Normal
ATM_0013,2022-09-03,Saturday,Afternoon,49178,5387,Gas Station,0,0,100147,Cloudy,0,40141,2022,9,September,3,43791,49.10581445275445,Normal
ATM_0018,2022-03-04,Friday,Evening,27821,13469,Gas Station,0,0,114331,Clear,3,11849,2022,3,March,1,14352,24.333732758394486,Normal
ATM_0002,2023-02-22,Wednesday,Afternoon,24046,16669,Mall,0,0,149948,Clear,1,12233,2023,2,February,1,7377,16.036225891642435,Normal
ATM_0049,2023-07-23,Sunday,Afternoon,50690,3405,Standalone,0,0,100402,Cloudy,0,54406,2023,7,July,3,47285,50.48704209079501,Normal
ATM_0041,2023-05-28,Sunday,Afternoon,55396,7506,Bank Branch,0,0,80976,Rainy,1,51628,2023,5,May,2,47890,68.41039320292433,Normal
ATM_0035,2023-03-10,Friday,Night,44872,7179,Mall,0,0,70119,Cloudy,4,36332,2023,3,March,1,37693,63.994067228568575,Normal
ATM_0019,2023-10-31,Tuesday,Afternoon,30977,9158,Mall,0,0,101367,Cloudy,2,19228,2023,10,October,4,21819,30.559254984363747,Normal
ATM_0039,2022-09-14,Wednesday,Night,23802,18555,Standalone,0,0,110479,Rainy,4,10228,2022,9,September,3,5247,21.544365897591398,Normal
ATM_0033,2022-10-16,Sunday,Morning,44001,6274,Bank Branch,0,0,97900,Clear,2,30839,2022,10,October,4,37727,44.94484167517875,Normal
ATM_0006,2023-02-09,Thursday,Morning,59191,10291,Bank Branch,0,0,87922,Snowy,3,47786,2023,2,February,1,48900,67.32217192511544,Normal
ATM_0014,2023-09-18,Monday,Evening,64605,11493,Standalone,0,0,84530,Cloudy,2,61909,2023,9,September,3,53112,76.42848692771797,High Risk
ATM_0016,2023-11-10,Friday,Evening,78481,10435,Standalone,0,0,79277,Snowy,0,66253,2023,11,November,4,68046,98.9959256783178,High Risk
ATM_0045,2022-05-17,Tuesday,Morning,62851,11990,Supermarket,0,0,107891,Clear,5,60259,2022,5,May,2,50861,58.254163924701786,Normal
ATM_0012,2023-02-28,Tuesday,Night,43613,12252,Gas Station,0,0,94764,Clear,4,30974,2023,2,February,1,31361,46.022751255751125,Normal
ATM_0002,2023-11-19,Sunday,Night,43491,18610,Mall,0,0,84658,Cloudy,4,37138,2023,11,November,4,24881,51.3725814453448,Normal
ATM_0023,2023-02-01,Wednesday,Afternoon,40942,7760,Mall,0,0,75703,Snowy,1,35436,2023,2,February,1,33182,54.08240096165278,Normal
ATM_0029,2022-01-10,Monday,Afternoon,52037,9737,Mall,0,0,97102,Snowy,1,41455,2022,1,January,1,42300,53.59003934007538,Normal
ATM_0006,2023-09-21,Thursday,Evening,50645,7129,Bank Branch,0,0,94377,Cloudy,2,50154,2023,9,September,3,43516,53.662438941691306,Normal
ATM_0003,2022-10-15,Saturday,Night,40577,10494,Supermarket,0,0,106767,Rainy,5,27942,2022,10,October,4,30083,38.00518886921989,Normal
ATM_0026,2022-04-24,Sunday,Evening,35111,1154,Supermarket,0,0,107334,Rainy,4,40345,2022,4,April,2,33957,32.71190862168558,Normal
ATM_0013,2023-11-07,Tuesday,Afternoon,44241,11011,Mall,0,0,99642,Clear,1,27345,2023,11,November,4,33230,44.39995182754261,Normal
ATM_0017,2023-08-07,Monday,Afternoon,35353,9773,Supermarket,0,0,75337,Snowy,1,25420,2023,8,August,3,25580,46.926477029879074,Normal
ATM_0044,2022-01-24,Monday,Evening,47063,4788,Supermarket,1,0,111408,Clear,3,38832,2022,1,January,1,42275,42.243824500933506,Normal
ATM_0042,2023-11-21,Tuesday,Morning,45028,7406,Standalone,0,0,117064,Cloudy,2,46419,2023,11,November,4,37622,38.464429713660905,Normal
ATM_0008,2023-11-28,Tuesday,Night,50441,12583,Gas Station,0,0,80373,Clear,5,29176,2023,11,November,4,37858,62.758637851019614,Normal
ATM_0015,2022-02-18,Friday,Evening,28927,10536,Gas Station,0,0,93623,Snowy,0,17997,2022,2,February,1,18391,30.897322239193358,Normal
ATM_0026,2022-07-19,Tuesday,Evening,53076,1883,Mall,0,0,137768,Clear,5,42780,2022,7,July,3,51193,38.52563730329249,Normal
ATM_0015,2023-12-08,Friday,Night,47536,13487,Mall,0,1,83278,Rainy,1,38014,2023,12,December,4,34049,57.08110185162948,Normal
ATM_0022,2022-11-15,Tuesday,Morning,56781,8220,Mall,0,0,100583,Cloudy,0,48354,2022,11,November,4,48561,56.451885507491326,Normal
ATM_0038,2023-10-04,Wednesday,Evening,60469,12286,Standalone,0,0,141964,Cloudy,1,62631,2023,10,October,4,48183,42.59460144825449,Normal
ATM_0022,2022-02-25,Friday,Evening,48395,19711,Supermarket,0,0,65055,Clear,4,33027,2022,2,February,1,28684,74.3909000076858,Normal
ATM_0040,2023-03-26,Sunday,Morning,51419,11487,Gas Station,0,0,102789,Clear,0,41922,2023,3,March,1,39932,50.02383523528783,Normal
ATM_0003,2023-01-22,Sunday,Evening,96474,8709,Mall,0,0,110202,Clear,3,106714,2023,1,January,1,87765,87.5428758098764,Normal
ATM_0004,2022-11-05,Saturday,Night,40259,11476,Mall,0,0,95235,Clear,4,35209,2022,11,November,4,28783,42.2733238830262,Normal
ATM_0004,2022-10-29,Saturday,Night,67657,10683,Gas Station,0,0,53915,Cloudy,1,59039,2022,10,October,4,56974,125.48826857089863,High Risk
ATM_0039,2023-11-07,Tuesday,Morning,44584,15516,Gas Station,0,0,128838,Cloudy,4,24996,2023,11,November,4,29068,34.60469737189339,Normal
ATM_0040,2022-04-14,Thursday,Evening,13470,13420,Mall,0,0,83704,Snowy,4,5215,2022,4,April,2,50,16.092420911784384,Normal
ATM_0013,2022-04-21,Thursday,Morning,52642,10168,Mall,0,0,105371,Clear,4,49850,2022,4,April,2,42474,49.95871729413216,Normal
ATM_0013,2023-08-10,Thursday,Afternoon,41046,1627,Supermarket,0,0,97819,Cloudy,3,44889,2023,8,August,3,39419,41.96117318721312,Normal
ATM_0047,2023-09-28,Thursday,Night,50515,8817,Bank Branch,0,0,97607,Clear,0,35341,2023,9,September,3,41698,51.75346030510107,Normal
ATM_0009,2022-11-16,Wednesday,Night,33452,14102,Supermarket,0,1,103686,Snowy,2,31517,2022,11,November,4,19350,32.26279343402195,Normal
ATM_0038,2023-07-09,Sunday,Afternoon,43699,3861,Bank Branch,0,0,88174,Snowy,2,42859,2023,7,July,3,39838,49.55996098623177,Normal
ATM_0024,2022-01-09,Sunday,Afternoon,55375,4017,Mall,0,0,70129,Clear,3,46263,2022,1,January,1,51358,78.96162785723453,Normal
ATM_0023,2022-07-20,Wednesday,Afternoon,18140,24636,Bank Branch,0,0,80112,Snowy,1,2165,2022,7,July,3,-6496,22.643299380866786,Normal
ATM_0043,2023-05-03,Wednesday,Night,53647,7648,Supermarket,0,0,112246,Snowy,4,45880,2023,5,May,2,45999,47.79413074853447,Normal
ATM_0020,2023-03-05,Sunday,Evening,35321,0,Bank Branch,0,0,89638,Clear,3,29678,2023,3,March,1,35321,39.40404739061559,Normal
ATM_0015,2022-01-04,Tuesday,Afternoon,68651,16140,Bank Branch,0,0,93303,Rainy,1,50465,2022,1,January,1,52511,73.5785558878064,Normal
ATM_0031,2022-12-06,Tuesday,Night,23091,6714,Bank Branch,0,0,86045,Clear,2,17270,2022,12,December,4,16377,26.835957928990645,Normal
ATM_0001,2022-03-17,Thursday,Evening,40466,11041,Mall,0,0,107207,Rainy,2,28441,2022,3,March,1,29425,37.74566959247064,Normal
ATM_0029,2022-07-19,Tuesday,Evening,36340,1910,Mall,0,1,107615,Rainy,1,44466,2022,7,July,3,34430,33.7685266923756,Normal
ATM_0019,2022-06-28,Tuesday,Afternoon,13944,16962,Standalone,0,0,113445,Snowy,4,0,2022,6,June,2,-3018,12.291418749173609,Normal
ATM_0016,2022-07-02,Saturday,Afternoon,27492,2606,Mall,0,0,133445,Snowy,0,22832,2022,7,July,3,24886,20.601746037693434,Normal
ATM_0002,2023-11-25,Saturday,Afternoon,16009,8246,Gas Station,0,0,95445,Clear,2,9494,2023,11,November,4,7763,16.773010634396773,Normal
ATM_0014,2022-11-09,Wednesday,Night,60732,12254,Bank Branch,0,0,120134,Snowy,5,55331,2022,11,November,4,48478,50.5535485374665,Normal
ATM_0011,2023-06-24,Saturday,Night,50563,15459,Mall,0,0,98595,Rainy,1,46120,2023,6,June,2,35104,51.2835336477509,Normal
ATM_0013,2023-06-30,Friday,Night,12165,9240,Standalone,0,0,121202,Cloudy,5,6142,2023,6,June,2,2925,10.036963086417716,Normal
ATM_0016,2022-02-17,Thursday,Afternoon,47357,0,Supermarket,0,0,133426,Rainy,2,45858,2022,2,February,1,47357,35.49308230779608,Normal
ATM_0016,2022-02-24,Thursday,Evening,36479,16288,Bank Branch,0,0,108121,Cloudy,1,19399,2022,2,February,1,20191,33.73905161809454,Normal
ATM_0047,2022-03-25,Friday,Night,61967,632,Supermarket,0,0,112917,Cloudy,5,62450,2022,3,March,1,61335,54.87836198269525,Normal
ATM_0049,2023-06-06,Tuesday,Evening,33514,13220,Gas Station,0,0,101639,Rainy,2,23603,2023,6,June,2,20294,32.973563297553106,Normal
ATM_0046,2023-01-18,Wednesday,Night,60085,10833,Gas Station,0,0,123619,Cloudy,5,48211,2023,1,January,1,49252,48.604987906389795,Normal
ATM_0038,2023-10-28,Saturday,Morning,56049,10514,Bank Branch,0,0,53719,Rainy,3,48314,2023,10,October,4,45535,104.33738528267466,Normal
ATM_0016,2023-02-10,Friday,Afternoon,68405,2096,Standalone,0,0,124891,Cloudy,4,70929,2023,2,February,1,66309,54.77176097557069,Normal
ATM_0011,2023-01-19,Thursday,Evening,83472,10005,Supermarket,0,0,69111,Clear,2,86328,2023,1,January,1,73467,120.77961540131092,High Risk
ATM_0029,2023-06-16,Friday,Evening,40983,15829,Bank Branch,0,0,66664,Cloudy,4,27532,2023,6,June,2,25154,61.47695907836314,Normal
ATM_0040,2022-12-11,Sunday,Night,27578,10682,Gas Station,0,0,100507,Cloudy,2,18312,2022,12,December,4,16896,27.43888485379128,Normal
ATM_0032,2022-11-21,Monday,Evening,39251,14047,Gas Station,0,0,110617,Cloudy,1,36352,2022,11,November,4,25204,35.48369599609463,Normal
ATM_0017,2023-10-23,Monday,Morning,62872,7771,Standalone,0,1,141076,Snowy,4,67523,2023,10,October,4,55101,44.56604950523123,Normal
ATM_0033,2023-07-14,Friday,Morning,50523,3122,Standalone,0,1,127361,Clear,0,59685,2023,7,July,3,47401,39.66912948233761,Normal
ATM_0005,2023-01-04,Wednesday,Morning,51888,11689,Supermarket,0,0,88155,Rainy,5,40824,2023,1,January,1,40199,58.859962565935,Normal
ATM_0022,2022-09-14,Wednesday,Evening,60287,0,Standalone,0,0,108939,Rainy,5,48431,2022,9,September,3,60287,55.34014448452804,Normal
ATM_0048,2023-07-11,Tuesday,Evening,40421,18266,Mall,0,0,112461,Snowy,2,31581,2023,7,July,3,22155,35.94223775353234,Normal
ATM_0026,2023-02-20,Monday,Morning,35023,18116,Gas Station,0,0,139827,Rainy,3,18190,2023,2,February,1,16907,25.047379976685473,Normal
ATM_0015,2022-08-21,Sunday,Afternoon,55893,6014,Gas Station,0,0,100818,Cloudy,5,43474,2022,8,August,3,49879,55.43950485032435,Normal
ATM_0030,2022-12-15,Thursday,Morning,58066,11531,Standalone,0,0,80033,Cloudy,5,48951,2022,12,December,4,46535,72.5525720640236,Normal
ATM_0027,2022-08-03,Wednesday,Night,57781,15763,Gas Station,0,0,75651,Clear,2,37761,2022,8,August,3,42018,76.3783690896353,Normal
ATM_0009,2023-08-15,Tuesday,Afternoon,33288,6845,Standalone,0,1,81158,Clear,3,40857,2023,8,August,3,26443,41.01628921363267,Normal
ATM_0043,2022-12-30,Friday,Evening,41780,8394,Bank Branch,0,0,68287,Cloudy,5,31459,2022,12,December,4,33386,61.182948438209316,Normal
ATM_0035,2022-11-03,Thursday,Evening,49119,12232,Supermarket,0,0,103992,Clear,1,32044,2022,11,November,4,36887,47.233441033925686,Normal
ATM_0010,2022-12-05,Monday,Night,66412,20892,Gas Station,0,0,103886,Cloudy,0,61717,2022,12,December,4,45520,63.92776697533835,Normal
ATM_0035,2023-01-31,Tuesday,Afternoon,53741,11996,Gas Station,1,0,149843,Cloudy,5,43094,2023,1,January,1,41745,35.86487189925455,Normal
ATM_0020,2022-04-06,Wednesday,Afternoon,45873,8411,Mall,0,0,102331,Rainy,0,35864,2022,4,April,2,37462,44.828057968748475,Normal
ATM_0045,2023-09-10,Sunday,Night,20516,7064,Mall,0,0,67321,Clear,3,11798,2023,9,September,3,13452,30.474888964810386,Normal
ATM_0019,2022-07-30,Saturday,Afternoon,43627,2865,Standalone,0,0,101386,Clear,3,38198,2022,7,July,3,40762,43.03059594026789,Normal
ATM_0004,2023-01-13,Friday,Morning,62303,14086,Bank Branch,0,0,119081,Cloudy,3,50163,2023,1,January,1,48217,52.319849514196214,Normal
ATM_0011,2022-04-24,Sunday,Afternoon,68277,10547,Supermarket,0,0,91671,Clear,3,67953,2022,4,April,2,57730,74.48047910462414,Normal
ATM_0014,2022-05-14,Saturday,Afternoon,29824,5694,Standalone,0,0,127543,Cloudy,1,30427,2022,5,May,2,24130,23.383486353621915,Normal
ATM_0039,2023-08-12,Saturday,Evening,65300,11706,Supermarket,0,0,130005,Cloudy,2,66357,2023,8,August,3,53594,50.22883735240953,Normal
ATM_0013,2022-01-08,Saturday,Afternoon,89630,12990,Gas Station,0,0,100986,Cloudy,4,84121,2022,1,January,1,76640,88.75487691363159,Normal
ATM_0016,2023-06-23,Friday,Evening,60836,10900,Supermarket,0,0,94541,Cloudy,3,59703,2023,6,June,2,49936,64.3488010492802,Normal
ATM_0037,2022-02-10,Thursday,Morning,63007,7513,Standalone,0,0,111529,Cloudy,2,67691,2022,2,February,1,55494,56.49382671771468,Normal
ATM_0045,2023-12-30,Saturday,Evening,27371,18536,Gas Station,0,0,84583,Rainy,3,13825,2023,12,December,4,8835,32.359930482484664,Normal
ATM_0016,2022-07-03,Sunday,Night,29951,16683,Gas Station,0,0,130972,Rainy,5,15043,2022,7,July,3,13268,22.86824664813853,Normal
ATM_0037,2022-04-08,Friday,Night,54803,9524,Mall,0,0,93339,Rainy,2,42147,2022,4,April,2,45279,58.71393522536131,Normal
ATM_0041,2023-07-05,Wednesday,Evening,53963,9798,Mall,0,0,114907,Rainy,3,34721,2023,7,July,3,44165,46.96232605498359,Normal
ATM_0027,2023-07-21,Friday,Morning,51402,9186,Standalone,0,0,82576,Clear,4,53234,2023,7,July,3,42216,62.24811083123426,Normal
ATM_0050,2022-11-30,Wednesday,Night,32849,10437,Gas Station,0,0,104660,Rainy,4,31989,2022,11,November,4,22412,31.38639403783681,Normal
ATM_0003,2023-04-19,Wednesday,Morning,39229,7060,Mall,0,0,104612,Cloudy,3,36748,2023,4,April,2,32169,37.49952204336023,Normal
ATM_0022,2023-02-13,Monday,Afternoon,36569,15314,Gas Station,0,0,146756,Snowy,0,18424,2023,2,February,1,21255,24.91823162255717,Normal
ATM_0046,2022-05-20,Friday,Evening,37088,15204,Gas Station,0,0,74694,Clear,0,19185,2022,5,May,2,21884,49.65325193455967,Normal
ATM_0036,2023-11-04,Saturday,Afternoon,46895,4844,Gas Station,0,0,116447,Snowy,1,37873,2023,11,November,4,42051,40.27153984215995,Normal
ATM_0011,2022-01-19,Wednesday,Morning,37445,9427,Bank Branch,0,0,102955,Cloudy,1,34023,2022,1,January,1,28018,36.3702588509543,Normal
ATM_0005,2023-11-19,Sunday,Morning,72955,6109,Standalone,0,0,123436,Snowy,1,62399,2023,11,November,4,66846,59.10350302991023,Normal
ATM_0014,2022-02-05,Saturday,Afternoon,72471,11509,Gas Station,0,0,89051,Clear,3,62750,2022,2,February,1,60962,81.38145557040347,Normal
ATM_0045,2022-11-12,Saturday,Night,37967,4264,Mall,0,0,121798,Clear,3,40763,2022,11,November,4,33703,31.172104632259973,Normal
ATM_0050,2022-07-26,Tuesday,Afternoon,41432,7578,Standalone,0,1,99081,Rainy,0,50878,2022,7,July,3,33854,41.81629172091521,Normal
ATM_0002,2023-03-08,Wednesday,Morning,49751,13416,Mall,0,0,111814,Rainy,5,29677,2023,3,March,1,36335,44.49442824691005,Normal
ATM_0043,2022-03-06,Sunday,Afternoon,46698,2611,Mall,0,0,105152,Rainy,5,43212,2022,3,March,1,44087,44.409996956786365,Normal
ATM_0011,2022-02-15,Tuesday,Night,38404,5646,Supermarket,0,0,114491,Snowy,2,31788,2022,2,February,1,32758,33.54324794088618,Normal
ATM_0036,2023-10-04,Wednesday,Afternoon,56727,9207,Supermarket,0,0,81639,Cloudy,3,43619,2023,10,October,4,47520,69.48517252783596,Normal
ATM_0008,2022-08-26,Friday,Afternoon,52151,14357,Mall,0,0,74976,Rainy,0,37910,2022,8,August,3,37794,69.55692488262912,Normal
ATM_0026,2023-11-01,Wednesday,Evening,27012,15679,Mall,0,0,96920,Cloudy,1,21337,2023,11,November,4,11333,27.870408584399502,Normal
ATM_0005,2023-11-05,Sunday,Evening,36740,10662,Supermarket,0,0,92370,Clear,1,22418,2023,11,November,4,26078,39.77481866406842,Normal
ATM_0027,2022-11-05,Saturday,Night,30192,9214,Mall,0,0,75796,Rainy,2,23674,2022,11,November,4,20978,39.8332365824054,Normal
ATM_0007,2023-09-07,Thursday,Evening,64462,8472,Gas Station,0,0,65416,Rainy,2,47098,2023,9,September,3,55990,98.54164118870001,Normal
ATM_0012,2023-10-13,Friday,Evening,79293,12084,Gas Station,0,0,123342,Clear,4,80801,2023,10,October,4,67209,64.28710414943815,Normal
ATM_0038,2023-04-05,Wednesday,Night,66244,4618,Supermarket,0,0,86524,Rainy,4,62847,2023,4,April,2,61626,76.56141648559938,High Risk
ATM_0038,2023-12-23,Saturday,Morning,64363,2845,Bank Branch,0,0,90468,Clear,2,53299,2023,12,December,4,61518,71.14449308042623,Normal
ATM_0016,2023-03-15,Wednesday,Afternoon,41716,4514,Supermarket,0,0,145838,Rainy,2,41151,2023,3,March,1,37202,28.604341803919418,Normal
ATM_0032,2022-10-31,Monday,Afternoon,78011,8002,Bank Branch,0,0,102583,Clear,1,58264,2022,10,October,4,70009,76.04671339305733,Normal
ATM_0047,2023-09-05,Tuesday,Night,64757,10629,Standalone,0,0,90468,Snowy,5,52565,2023,9,September,3,54128,71.58000619003404,Normal
ATM_0049,2022-02-10,Thursday,Night,30431,10061,Standalone,0,0,76066,Rainy,5,26851,2022,2,February,1,20370,40.006047379906924,Normal
ATM_0022,2022-12-17,Saturday,Afternoon,67989,9838,Bank Branch,0,0,98258,Rainy,5,52127,2022,12,December,4,58151,69.19436585316208,Normal
ATM_0045,2022-08-16,Tuesday,Night,78198,2869,Supermarket,0,0,107877,Cloudy,5,68389,2022,8,August,3,75329,72.4881114602742,Normal
ATM_0001,2022-03-08,Tuesday,Night,54368,8182,Mall,0,1,96319,Clear,5,63865,2022,3,March,1,46186,56.445768747599125,Normal
ATM_0010,2022-07-29,Friday,Afternoon,12682,6842,Mall,0,0,101050,Rainy,1,5899,2022,7,July,3,5840,12.55022266204849,Normal
ATM_0033,2022-03-22,Tuesday,Night,38660,11802,Gas Station,0,0,95669,Rainy,1,30843,2022,3,March,1,26858,40.41016421202271,Normal
ATM_0028,2022-06-30,Thursday,Afternoon,35911,6975,Standalone,0,0,109955,Cloudy,5,34363,2022,6,June,2,28936,32.65972443272248,Normal
ATM_0013,2022-10-06,Thursday,Night,24586,15033,Mall,0,1,88606,Snowy,3,19766,2022,10,October,4,9553,27.74755659887592,Normal
ATM_0025,2022-06-21,Tuesday,Night,44632,8068,Gas Station,0,0,55894,Cloudy,1,35575,2022,6,June,2,36564,79.85114681361148,Normal
ATM_0031,2022-01-21,Friday,Night,34948,8343,Gas Station,0,0,128328,Snowy,4,35650,2022,1,January,1,26605,27.233339567358644,Normal
ATM_0035,2022-06-06,Monday,Afternoon,61598,6998,Standalone,0,0,102793,Snowy,3,65947,2022,6,June,2,54600,59.924313912425944,Normal
ATM_0019,2023-01-20,Friday,Night,64507,12469,Mall,0,0,92753,Cloudy,1,45778,2023,1,January,1,52038,69.5470766444212,Normal
ATM_0010,2022-07-14,Thursday,Morning,61127,7983,Mall,0,0,101690,Snowy,3,51500,2022,7,July,3,53144,60.111122037565146,Normal
ATM_0026,2023-03-02,Thursday,Night,63653,9082,Standalone,0,0,75816,Snowy,5,66410,2023,3,March,1,54571,83.95721219795294,High Risk
ATM_0038,2022-03-14,Monday,Night,50851,14599,Mall,0,1,120378,Clear,3,42916,2022,3,March,1,36252,42.24276861220489,Normal
ATM_0037,2022-06-16,Thursday,Afternoon,34397,13494,Gas Station,0,1,128976,Snowy,4,35498,2022,6,June,2,20903,26.66930281602779,Normal
ATM_0046,2023-05-16,Tuesday,Evening,45273,12527,Mall,0,0,108724,Cloudy,5,40381,2023,5,May,2,32746,41.64030020970531,Normal
ATM_0016,2022-09-06,Tuesday,Night,36062,4329,Mall,0,1,93064,Snowy,5,35721,2022,9,September,3,31733,38.74967764119316,Normal
ATM_0046,2023-11-24,Friday,Morning,41213,14794,Bank Branch,0,0,122553,Cloudy,5,20327,2023,11,November,4,26419,33.62871573931279,Normal
ATM_0010,2022-09-18,Sunday,Afternoon,20789,14892,Supermarket,0,0,83789,Rainy,0,14656,2022,9,September,3,5897,24.81113272625285,Normal
ATM_0008,2022-04-05,Tuesday,Night,62854,9074,Gas Station,0,0,124242,Clear,4,60749,2022,4,April,2,53780,50.58997762431384,Normal
ATM_0013,2023-03-10,Friday,Afternoon,66519,13581,Gas Station,0,0,146493,Snowy,4,52495,2023,3,March,1,52938,45.40763039872212,Normal
ATM_0035,2023-11-06,Monday,Night,42065,16167,Supermarket,0,0,99846,Cloudy,5,35733,2023,11,November,4,25898,42.12988001522344,Normal
ATM_0006,2022-04-22,Friday,Evening,42626,2936,Bank Branch,0,0,89663,Rainy,5,40391,2022,4,April,2,39690,47.54023398726342,Normal
ATM_0026,2023-12-17,Sunday,Evening,59285,16590,Mall,0,1,72836,Cloudy,0,51051,2023,12,December,4,42695,81.39518919215773,Normal
ATM_0007,2022-03-13,Sunday,Night,48281,10420,Supermarket,0,0,113818,Snowy,5,35036,2022,3,March,1,37861,42.41947670842925,Normal
ATM_0028,2022-06-24,Friday,Afternoon,43327,5370,Standalone,0,0,97726,Rainy,1,44154,2022,6,June,2,37957,44.335182039580054,Normal
ATM_0032,2022-07-06,Wednesday,Morning,47845,9174,Gas Station,0,0,100635,Rainy,1,47201,2022,7,July,3,38671,47.54310130670244,Normal
ATM_0013,2022-03-02,Wednesday,Afternoon,51135,4152,Bank Branch,0,0,85580,Cloudy,3,47517,2022,3,March,1,46983,59.751110072446835,Normal
ATM_0041,2023-10-02,Monday,Morning,29693,13672,Bank Branch,0,0,58457,Clear,3,18351,2023,10,October,4,16021,50.79460115982688,Normal
ATM_0008,2022-10-11,Tuesday,Morning,46470,90,Standalone,0,0,70016,Rainy,3,50719,2022,10,October,4,46380,66.37054387568556,Normal
ATM_0032,2023-11-20,Monday,Morning,42311,13416,Mall,0,0,127805,Clear,5,30137,2023,11,November,4,28895,33.105903524901215,Normal
ATM_0038,2022-02-12,Saturday,Morning,76810,5895,Bank Branch,0,0,91463,Clear,3,64758,2022,2,February,1,70915,83.97931403955698,Normal
ATM_0039,2023-06-17,Saturday,Evening,66783,16372,Gas Station,0,0,96566,Snowy,4,52900,2023,6,June,2,50411,69.15788165606942,Normal
ATM_0028,2022-12-11,Sunday,Evening,66477,14532,Standalone,0,1,101445,Rainy,2,53735,2022,12,December,4,51945,65.53009019665829,Normal
ATM_0043,2023-02-13,Monday,Night,80867,2807,Supermarket,0,0,89696,Snowy,2,88357,2023,2,February,1,78060,90.15675169461291,Normal
ATM_0007,2022-01-04,Tuesday,Night,48102,9878,Gas Station,0,0,71555,Rainy,0,44020,2022,1,January,1,38224,67.22381384948642,Normal
ATM_0039,2022-05-06,Friday,Evening,20872,9980,Bank Branch,0,0,68197,Cloudy,4,16602,2022,5,May,2,10892,30.605451852720794,Normal
ATM_0027,2023-11-08,Wednesday,Afternoon,40030,10584,Mall,0,1,74288,Snowy,0,35047,2023,11,November,4,29446,53.884880465216455,Normal
ATM_0041,2023-01-04,Wednesday,Morning,54951,5929,Standalone,0,0,92686,Rainy,4,56301,2023,1,January,1,49022,59.287271001014176,Normal
ATM_0032,2023-02-14,Tuesday,Morning,57564,9588,Standalone,0,0,106129,Cloudy,5,56643,2023,2,February,1,47976,54.239651744575,Normal
ATM_0045,2022-04-13,Wednesday,Night,56592,9508,Standalone,0,0,63924,Rainy,4,39897,2022,4,April,2,47084,88.53012952881546,Normal
ATM_0037,2023-06-01,Thursday,Morning,54972,3578,Bank Branch,0,0,129517,Clear,2,63058,2023,6,June,2,51394,42.44384907000626,Normal
ATM_0044,2023-07-16,Sunday,Night,57371,8854,Bank Branch,0,0,77259,Clear,3,50082,2023,7,July,3,48517,74.25801524741455,Normal
ATM_0043,2023-07-08,Saturday,Afternoon,37672,7247,Bank Branch,0,0,110193,Clear,0,35848,2023,7,July,3,30425,34.18728957374788,Normal
ATM_0028,2022-01-30,Sunday,Afternoon,70292,7667,Standalone,0,1,87426,Snowy,1,68588,2022,1,January,1,62625,80.4017111614394,Normal
ATM_0047,2022-09-21,Wednesday,Night,10728,10675,Mall,0,0,93475,Cloudy,0,4077,2022,9,September,3,53,11.476865472051351,Normal
ATM_0045,2022-12-07,Wednesday,Afternoon,57580,12639,Supermarket,0,0,62006,Clear,5,52620,2022,12,December,4,44941,92.86198109860337,Normal
ATM_0022,2023-01-22,Sunday,Night,48076,13920,Supermarket,0,1,82039,Cloudy,1,38616,2023,1,January,1,34156,58.601396896597954,Normal
ATM_0015,2022-09-23,Friday,Morning,38509,7693,Standalone,0,0,54944,Clear,2,38894,2022,9,September,3,30816,70.08772568433314,Normal
ATM_0048,2023-08-30,Wednesday,Afternoon,55039,4507,Mall,0,0,87617,Rainy,2,49381,2023,8,August,3,50532,62.81771802275814,Normal
ATM_0025,2023-08-14,Monday,Morning,32270,14979,Standalone,0,0,86034,Rainy,3,17744,2023,8,August,3,17291,37.50842690099263,Normal
ATM_0028,2022-11-24,Thursday,Evening,51862,9158,Bank Branch,0,0,111982,Rainy,0,49518,2022,11,November,4,42704,46.3128002714722,Normal
ATM_0026,2022-01-10,Monday,Night,37254,7585,Standalone,0,0,110613,Snowy,1,24131,2022,1,January,1,29669,33.67958558216485,Normal
ATM_0032,2023-11-28,Tuesday,Night,40048,10646,Bank Branch,0,0,52385,Rainy,5,34063,2023,11,November,4,29402,76.44936527631955,Normal
ATM_0043,2023-12-21,Thursday,Morning,65557,5447,Supermarket,0,0,95119,Clear,2,49836,2023,12,December,4,60110,68.92103575521189,Normal
ATM_0046,2023-08-11,Friday,Night,54420,13466,Bank Branch,0,0,59446,Cloudy,0,43782,2023,8,August,3,40954,91.545267974296,Normal
ATM_0022,2022-06-06,Monday,Afternoon,60547,22492,Bank Branch,0,0,95439,Clear,1,49852,2022,6,June,2,38055,63.44052221838032,Normal
ATM_0032,2023-02-06,Monday,Evening,28895,10540,Bank Branch,0,1,81867,Cloudy,2,28790,2023,2,February,1,18355,35.2950517302454,Normal
ATM_0028,2023-11-26,Sunday,Night,34608,11907,Standalone,0,0,119945,Cloudy,0,19619,2023,11,November,4,22701,28.853224394514154,Normal
ATM_0034,2022-10-17,Monday,Evening,67728,16136,Bank Branch,0,0,75796,Cloudy,0,47202,2022,10,October,4,51592,89.3556388199905,Normal
ATM_0009,2022-11-28,Monday,Morning,65980,8709,Standalone,0,0,125371,Rainy,4,49889,2022,11,November,4,57271,52.62780068755932,Normal
ATM_0009,2023-03-29,Wednesday,Night,57371,3883,Standalone,0,0,128492,Rainy,1,56636,2023,3,March,1,53488,44.64947234069047,Normal
ATM_0048,2022-07-20,Wednesday,Morning,38576,8469,Standalone,0,0,102908,Clear,5,31517,2022,7,July,3,30107,37.48590974462627,Normal
ATM_0010,2023-01-21,Saturday,Night,39444,0,Bank Branch,0,1,106787,Clear,2,44836,2023,1,January,1,39444,36.937080356223134,Normal
ATM_0031,2022-07-03,Sunday,Morning,44470,14035,Mall,0,1,122393,Snowy,4,43281,2022,7,July,3,30435,36.333777258503346,Normal
ATM_0028,2022-06-02,Thursday,Night,54245,10097,Bank Branch,0,0,83951,Rainy,3,55882,2022,6,June,2,44148,64.61507307834331,High Risk
ATM_0032,2022-11-06,Sunday,Afternoon,58683,12300,Gas Station,0,0,130808,Clear,3,36366,2022,11,November,4,46383,44.86193504984405,Normal
ATM_0042,2023-01-27,Friday,Evening,68830,6571,Gas Station,0,0,116405,Clear,0,70583,2023,1,January,1,62259,59.12976246724797,Normal
ATM_0006,2022-05-05,Thursday,Night,42250,4883,Supermarket,0,0,105600,Cloudy,2,38754,2022,5,May,2,37367,40.009469696969695,Normal
ATM_0045,2022-04-07,Thursday,Afternoon,9881,10412,Gas Station,0,0,92613,Cloudy,2,2708,2022,4,April,2,-531,10.669128524073294,Normal
ATM_0037,2022-05-09,Monday,Morning,55868,12908,Standalone,0,0,99675,Rainy,3,36672,2022,5,May,2,42960,56.050163029847,Normal
ATM_0045,2022-01-21,Friday,Night,67352,8597,Supermarket,0,0,71942,Cloudy,0,47786,2022,1,January,1,58755,93.61986044313475,Normal
ATM_0034,2023-08-22,Tuesday,Morning,48377,15560,Bank Branch,0,1,113705,Clear,1,50102,2023,8,August,3,32817,42.546062178444224,Normal
ATM_0039,2023-12-13,Wednesday,Afternoon,71030,9033,Mall,0,0,129431,Snowy,0,76845,2023,12,December,4,61997,54.87866121717363,Normal
ATM_0003,2022-05-12,Thursday,Afternoon,72126,9032,Bank Branch,0,0,104367,Snowy,0,56259,2022,5,May,2,63094,69.10805139555607,Normal
ATM_0006,2022-05-08,Sunday,Evening,69332,20715,Standalone,0,1,90604,Rainy,3,74616,2022,5,May,2,48617,76.5220078583727,Normal
ATM_0043,2022-01-01,Saturday,Afternoon,52381,15780,Standalone,1,0,87830,Snowy,5,40733,2022,1,January,1,36601,59.639075486735734,Normal
ATM_0035,2023-04-01,Saturday,Afternoon,34881,8560,Supermarket,0,0,104900,Snowy,4,24940,2023,4,April,2,26321,33.25166825548141,Normal
ATM_0023,2023-09-13,Wednesday,Afternoon,73912,10517,Mall,0,0,128623,Clear,1,71557,2023,9,September,3,63395,57.46406163749873,Normal
ATM_0003,2022-07-12,Tuesday,Afternoon,46099,8921,Standalone,0,0,76444,Rainy,1,36420,2022,7,July,3,37178,60.30427502485479,Normal
ATM_0039,2023-07-20,Thursday,Afternoon,22396,16640,Supermarket,0,0,89914,Rainy,5,11229,2023,7,July,3,5756,24.908245656961096,Normal
ATM_0040,2023-03-09,Thursday,Morning,40882,3552,Supermarket,0,0,101168,Cloudy,5,40255,2023,3,March,1,37330,40.41001107069429,Normal
ATM_0011,2023-02-14,Tuesday,Night,49105,1491,Mall,0,1,83805,Cloudy,5,57375,2023,2,February,1,47614,58.59435594534932,High Risk
ATM_0010,2023-07-03,Monday,Afternoon,52817,13408,Mall,0,0,119250,Snowy,5,44992,2023,7,July,3,39409,44.29098532494759,Normal
ATM_0045,2023-10-24,Tuesday,Afternoon,61512,9991,Standalone,0,0,121790,Rainy,3,54351,2023,10,October,4,51521,50.506609738073735,Normal
ATM_0010,2022-11-20,Sunday,Night,85481,0,Gas Station,0,0,103853,Rainy,0,83719,2022,11,November,4,85481,82.30961069973905,Normal
ATM_0018,2022-05-08,Sunday,Morning,40181,0,Supermarket,0,0,107470,Snowy,5,44371,2022,5,May,2,40181,37.38810830929562,Normal
ATM_0006,2023-01-07,Saturday,Evening,71831,2159,Standalone,0,0,109144,Rainy,2,62925,2023,1,January,1,69672,65.81305431356739,Normal
ATM_0001,2022-04-11,Monday,Night,44099,6187,Bank Branch,0,0,84792,Clear,0,33879,2022,4,April,2,37912,52.00844419284838,Normal
ATM_0012,2023-06-24,Saturday,Evening,44095,8014,Supermarket,0,0,99170,Cloudy,0,40911,2023,6,June,2,36081,44.464051628516685,Normal
ATM_0034,2022-12-24,Saturday,Evening,37197,6652,Supermarket,1,0,80433,Clear,0,31812,2022,12,December,4,30545,46.2459438290254,Normal
ATM_0011,2022-11-22,Tuesday,Night,76977,15531,Bank Branch,0,0,104013,Cloudy,3,51332,2022,11,November,4,61446,74.00709526693778,Normal
ATM_0038,2022-05-11,Wednesday,Evening,38758,11688,Mall,0,0,89098,Rainy,5,38985,2022,5,May,2,27070,43.500415273070104,Normal
ATM_0009,2022-05-27,Friday,Night,77251,3653,Supermarket,0,0,130723,Clear,5,88937,2022,5,May,2,73598,59.09518600399317,Normal
ATM_0041,2023-01-15,Sunday,Afternoon,62497,6848,Supermarket,0,0,117284,Cloudy,1,53894,2023,1,January,1,55649,53.28689335288701,Normal
ATM_0029,2022-12-29,Thursday,Night,9386,6400,Supermarket,0,0,81518,Cloudy,4,5426,2022,12,December,4,2986,11.514021443116858,Normal
ATM_0046,2022-08-23,Tuesday,Evening,55786,13513,Mall,0,1,104817,Cloudy,2,52997,2022,8,August,3,42273,53.22228264499079,Normal
ATM_0006,2023-10-12,Thursday,Morning,40014,14680,Mall,0,0,115538,Clear,1,22363,2023,10,October,4,25334,34.632761515691804,Normal
ATM_0037,2022-02-28,Monday,Morning,40205,7251,Standalone,0,0,93694,Cloudy,0,32672,2022,2,February,1,32954,42.91096548338207,Normal
ATM_0028,2023-11-25,Saturday,Afternoon,54020,10080,Gas Station,0,0,102866,Clear,3,40259,2023,11,November,4,43940,52.51492232613303,Normal
ATM_0001,2023-09-24,Sunday,Afternoon,23668,6524,Mall,0,0,109462,Snowy,1,13731,2023,9,September,3,17144,21.622115437320712,Normal
ATM_0048,2023-11-09,Thursday,Morning,39456,8810,Supermarket,0,0,109328,Rainy,5,27217,2023,11,November,4,30646,36.08956534465096,Normal
ATM_0049,2023-06-21,Wednesday,Afternoon,64955,15636,Bank Branch,0,0,77403,Rainy,4,61764,2023,6,June,2,49319,83.91793599731277,High Risk
ATM_0023,2022-02-22,Tuesday,Night,37642,15955,Gas Station,0,0,97062,Snowy,0,25561,2022,2,February,1,21687,38.781397457295334,Normal
ATM_0022,2023-11-27,Monday,Afternoon,46259,4184,Supermarket,0,0,91731,Clear,2,41498,2023,11,November,4,42075,50.42897166715723,Normal
ATM_0020,2023-05-10,Wednesday,Evening,50485,15362,Standalone,0,0,128575,Cloudy,1,50936,2023,5,May,2,35123,39.26502041609955,Normal
ATM_0020,2023-10-21,Saturday,Morning,71514,11423,Gas Station,0,0,60734,Cloudy,0,50327,2023,10,October,4,60091,117.74953074060659,Normal
ATM_0023,2022-01-07,Friday,Night,56912,15241,Standalone,0,0,98378,Clear,0,46108,2022,1,January,1,41671,57.850332391388314,Normal
ATM_0023,2022-07-10,Sunday,Night,58524,15431,Standalone,0,0,106667,Cloudy,3,55019,2022,7,July,3,43093,54.86607854350455,Normal
ATM_0013,2022-03-28,Monday,Afternoon,12607,5962,Gas Station,0,0,95530,Cloudy,0,11445,2022,3,March,1,6645,13.196901496911964,Normal
ATM_0010,2023-11-04,Saturday,Evening,34327,18919,Bank Branch,0,0,133629,Snowy,2,13307,2023,11,November,4,15408,25.68828622529541,Normal
ATM_0024,2023-03-15,Wednesday,Afternoon,36741,13074,Supermarket,0,0,110193,Clear,3,19495,2023,3,March,1,23667,33.34240831994773,Normal
ATM_0043,2023-03-26,Sunday,Afternoon,62175,11659,Bank Branch,0,0,158708,Cloudy,0,61520,2023,3,March,1,50516,39.17571893036268,Normal
ATM_0023,2023-12-28,Thursday,Afternoon,34581,1446,Mall,0,0,92138,Clear,1,32099,2023,12,December,4,33135,37.53174585947166,Normal
ATM_0026,2023-03-08,Wednesday,Evening,34980,5389,Mall,0,0,80907,Rainy,3,29943,2023,3,March,1,29591,43.234825169639215,Normal
ATM_0043,2022-09-30,Friday,Morning,57773,14471,Gas Station,0,0,84673,Cloudy,5,57832,2022,9,September,3,43302,68.23072289868081,High Risk
ATM_0046,2022-05-11,Wednesday,Evening,20876,0,Gas Station,0,0,106922,Cloudy,1,20985,2022,5,May,2,20876,19.524513196535793,Normal
ATM_0008,2022-04-21,Thursday,Morning,57380,14098,Bank Branch,0,0,96090,Clear,5,52020,2022,4,April,2,43282,59.71485066083879,Normal
ATM_0016,2022-02-23,Wednesday,Evening,18140,12068,Gas Station,0,1,142711,Clear,3,14204,2022,2,February,1,6072,12.71100335643363,Normal
ATM_0031,2022-10-24,Monday,Evening,54230,9839,Gas Station,0,0,100670,Cloudy,1,46252,2022,10,October,4,44391,53.86907718287473,Normal
ATM_0040,2022-06-06,Monday,Afternoon,33546,14110,Bank Branch,0,0,117443,Clear,2,18965,2022,6,June,2,19436,28.563643639893392,Normal
ATM_0045,2022-09-11,Sunday,Night,54860,16009,Bank Branch,0,0,100175,Clear,5,31492,2022,9,September,3,38851,54.76416271524831,Normal
ATM_0047,2023-05-30,Tuesday,Afternoon,60266,7894,Bank Branch,0,1,119528,Rainy,1,66644,2023,5,May,2,52372,50.419985275416636,Normal
ATM_0008,2022-05-16,Monday,Night,33017,9557,Mall,0,0,90922,Rainy,1,21588,2022,5,May,2,23460,36.3135434768263,Normal
ATM_0028,2022-01-19,Wednesday,Afternoon,46996,16996,Mall,0,0,130782,Cloudy,3,41036,2022,1,January,1,30000,35.93460873820556,Normal
ATM_0034,2022-11-10,Thursday,Afternoon,73585,5255,Bank Branch,0,0,81861,Cloudy,0,70842,2022,11,November,4,68330,89.89017969484858,High Risk
ATM_0033,2023-03-14,Tuesday,Morning,37040,9367,Standalone,0,0,81793,Snowy,2,25933,2023,3,March,1,27673,45.28504884281051,Normal
ATM_0023,2023-12-30,Saturday,Night,60427,12208,Bank Branch,0,0,71325,Clear,1,48476,2023,12,December,4,48219,84.72064493515597,Normal
ATM_0003,2022-01-01,Saturday,Morning,28640,10892,Standalone,1,0,60709,Cloudy,2,20161,2022,1,January,1,17748,47.17587178177865,Normal
ATM_0039,2022-04-14,Thursday,Night,27782,19960,Bank Branch,0,0,136677,Cloudy,2,18331,2022,4,April,2,7822,20.326755781879907,Normal
ATM_0022,2022-11-08,Tuesday,Morning,61239,7012,Mall,0,0,70089,Rainy,2,45815,2022,11,November,4,54227,87.37319693532508,Normal
ATM_0024,2023-01-06,Friday,Evening,49815,12211,Bank Branch,0,0,84985,Rainy,4,43503,2023,1,January,1,37604,58.61622639289287,Normal
ATM_0025,2022-03-31,Thursday,Morning,55789,4116,Bank Branch,0,0,118561,Clear,0,49438,2022,3,March,1,51673,47.05510243672034,Normal
ATM_0038,2023-11-02,Thursday,Afternoon,23442,6818,Bank Branch,0,0,88698,Clear,0,17113,2023,11,November,4,16624,26.429006291009944,Normal
ATM_0035,2023-09-26,Tuesday,Evening,86618,12185,Standalone,0,0,101841,Rainy,4,76033,2023,9,September,3,74433,85.05218919688534,Normal
ATM_0047,2022-06-07,Tuesday,Morning,57143,4397,Bank Branch,0,0,84902,Snowy,4,48409,2022,6,June,2,52746,67.30465713410756,Normal
ATM_0023,2023-01-10,Tuesday,Night,50335,18467,Mall,0,1,103028,Clear,3,51588,2023,1,January,1,31868,48.85565089101992,Normal
ATM_0027,2023-06-21,Wednesday,Morning,45609,5870,Bank Branch,0,0,136927,Rainy,2,47292,2023,6,June,2,39739,33.308989461537905,Normal
ATM_0003,2023-08-03,Thursday,Morning,79000,11283,Bank Branch,0,0,99769,Cloudy,3,63205,2023,8,August,3,67717,79.18291252793954,Normal
ATM_0044,2023-06-30,Friday,Morning,65459,7367,Bank Branch,0,0,73553,Cloudy,4,68683,2023,6,June,2,58092,88.99569018258943,High Risk
ATM_0050,2023-02-04,Saturday,Night,29751,7724,Supermarket,0,0,73054,Rainy,0,19163,2023,2,February,1,22027,40.72466942261889,Normal
ATM_0011,2023-08-09,Wednesday,Afternoon,36518,8495,Supermarket,0,0,67453,Cloudy,4,26431,2023,8,August,3,28023,54.13843713400441,Normal
ATM_0046,2023-06-22,Thursday,Evening,39065,9054,Standalone,0,0,103605,Snowy,5,34194,2023,6,June,2,30011,37.705709183919694,Normal
ATM_0018,2023-07-20,Thursday,Morning,37776,6833,Bank Branch,0,0,98064,Rainy,2,32885,2023,7,July,3,30943,38.52178169358786,Normal
ATM_0003,2023-10-17,Tuesday,Afternoon,31332,12249,Standalone,0,1,85848,Snowy,0,32711,2023,10,October,4,19083,36.49706457925636,Normal
ATM_0042,2022-09-12,Monday,Afternoon,41918,6398,Supermarket,0,0,77486,Snowy,5,32281,2022,9,September,3,35520,54.0975143896962,Normal
ATM_0039,2023-01-13,Friday,Evening,64202,10275,Mall,0,1,108448,Snowy,5,72908,2023,1,January,1,53927,59.20072292711714,Normal
ATM_0009,2023-02-23,Thursday,Evening,43007,4179,Standalone,0,1,92840,Clear,2,43147,2023,2,February,1,38828,46.32378285221887,Normal
ATM_0015,2022-10-14,Friday,Afternoon,18352,16696,Standalone,0,1,86269,Clear,5,7222,2022,10,October,4,1656,21.272994934449223,Normal
ATM_0048,2023-12-06,Wednesday,Night,67450,15343,Standalone,0,0,74280,Rainy,3,57952,2023,12,December,4,52107,90.8050619278406,High Risk
ATM_0015,2022-11-29,Tuesday,Evening,76263,9842,Bank Branch,0,0,105147,Cloudy,1,83131,2022,11,November,4,66421,72.52988673000657,Normal
ATM_0029,2022-08-26,Friday,Night,40537,12161,Standalone,0,0,85656,Cloudy,0,30985,2022,8,August,3,28376,47.325347903240875,Normal
ATM_0032,2022-07-05,Tuesday,Night,50316,4344,Bank Branch,0,0,98654,Rainy,1,52888,2022,7,July,3,45972,51.00249356336286,Normal
ATM_0037,2023-05-18,Thursday,Afternoon,33880,11237,Standalone,0,0,99806,Rainy,1,26063,2023,5,May,2,22643,33.94585495861972,Normal
ATM_0026,2023-12-05,Tuesday,Afternoon,71698,7700,Mall,0,0,91407,Cloudy,1,76430,2023,12,December,4,63998,78.43819401139956,Normal
ATM_0030,2023-10-23,Monday,Night,30483,16499,Mall,0,0,119206,Rainy,5,20337,2023,10,October,4,13984,25.571699411103467,Normal
ATM_0049,2022-01-13,Thursday,Morning,22422,14490,Gas Station,0,0,92644,Clear,0,14141,2022,1,January,1,7932,24.202322870342385,Normal
ATM_0049,2023-10-22,Sunday,Morning,60537,2675,Bank Branch,0,0,86630,Clear,2,54849,2023,10,October,4,57862,69.87994920928085,Normal
ATM_0010,2023-10-05,Thursday,Morning,51417,19030,Mall,0,1,153338,Clear,4,57076,2023,10,October,4,32387,33.531805553744015,Normal
ATM_0048,2022-12-13,Tuesday,Morning,51457,15583,Bank Branch,0,0,104641,Cloudy,1,31526,2022,12,December,4,35874,49.17479764145985,Normal
ATM_0020,2022-12-06,Tuesday,Night,52926,12687,Bank Branch,0,0,88430,Snowy,5,52493,2022,12,December,4,40239,59.85072939047834,Normal
ATM_0035,2022-05-07,Saturday,Morning,48837,4669,Mall,0,0,98969,Snowy,0,40770,2022,5,May,2,44168,49.34575473127949,Normal
ATM_0033,2023-03-02,Thursday,Afternoon,78680,15820,Mall,0,1,126983,Clear,1,84262,2023,3,March,1,62860,61.9610499043179,Normal
ATM_0028,2023-01-30,Monday,Afternoon,50366,17801,Standalone,0,0,60967,Rainy,5,41351,2023,1,January,1,32565,82.61190480095789,Normal
ATM_0025,2023-12-05,Tuesday,Morning,45846,6641,Gas Station,0,0,74916,Clear,1,42615,2023,12,December,4,39205,61.196540124939936,Normal
ATM_0007,2022-10-16,Sunday,Evening,41674,9887,Mall,0,0,98840,Clear,2,38495,2022,10,October,4,31787,42.16309186564144,Normal
ATM_0006,2022-02-14,Monday,Afternoon,64188,15368,Bank Branch,0,0,87383,Snowy,4,44270,2022,2,February,1,48820,73.45593536500235,Normal
ATM_0012,2023-11-27,Monday,Night,45531,9974,Bank Branch,0,0,107975,Snowy,4,30916,2023,11,November,4,35557,42.16809446631164,Normal
ATM_0019,2022-12-23,Friday,Morning,61777,1111,Standalone,0,1,114294,Snowy,2,74733,2022,12,December,4,60666,54.05095630566784,Normal
ATM_0046,2022-03-20,Sunday,Morning,46494,18039,Bank Branch,0,0,127069,Rainy,2,34370,2022,3,March,1,28455,36.58956944652118,Normal
ATM_0010,2023-02-04,Saturday,Night,54370,10160,Gas Station,0,0,117456,Clear,4,56294,2023,2,February,1,44210,46.289674431276396,Normal
ATM_0028,2022-10-13,Thursday,Afternoon,60981,9824,Mall,0,0,82921,Rainy,1,52339,2022,10,October,4,51157,73.54108127012458,Normal
ATM_0050,2023-01-30,Monday,Evening,80730,1872,Standalone,0,0,88864,Cloudy,5,82739,2023,1,January,1,78858,90.84668707238026,Normal
ATM_0027,2023-09-09,Saturday,Evening,50489,11552,Bank Branch,0,0,77454,Rainy,3,45655,2023,9,September,3,38937,65.18578769334057,Normal
ATM_0027,2023-07-17,Monday,Night,29538,7340,Supermarket,0,0,110018,Rainy,3,24799,2023,7,July,3,22198,26.848333908996707,Normal
ATM_0006,2023-08-18,Friday,Night,35265,2142,Supermarket,0,0,81352,Rainy,5,33245,2023,8,August,3,33123,43.34865768512145,Normal
ATM_0006,2022-08-29,Monday,Evening,61495,7930,Mall,0,0,109215,Clear,2,48716,2022,8,August,3,53565,56.30636817287002,Normal
ATM_0036,2023-05-01,Monday,Afternoon,27164,10060,Mall,0,0,98142,Snowy,2,18763,2023,5,May,2,17104,27.67826211000387,Normal
ATM_0050,2022-05-23,Monday,Evening,64516,11994,Gas Station,0,0,121000,Cloudy,1,49328,2022,5,May,2,52522,53.31900826446281,Normal
ATM_0014,2022-08-18,Thursday,Morning,54869,8648,Bank Branch,0,0,99452,Rainy,3,48931,2022,8,August,3,46221,55.171338937376824,Normal
ATM_0047,2022-01-27,Thursday,Night,73040,12987,Standalone,0,0,85773,Clear,5,51467,2022,1,January,1,60053,85.15500215685589,Normal
ATM_0038,2022-03-17,Thursday,Night,51756,8078,Supermarket,0,0,95884,Clear,1,44020,2022,3,March,1,43678,53.97772308205748,Normal
ATM_0024,2022-05-25,Wednesday,Morning,68087,5316,Bank Branch,0,0,72558,Cloudy,1,70646,2022,5,May,2,62771,93.83803302185838,High Risk
ATM_0049,2022-07-06,Wednesday,Night,67699,14003,Bank Branch,0,0,141196,Snowy,3,42589,2022,7,July,3,53696,47.946825689113005,Normal
ATM_0027,2022-12-12,Monday,Night,58380,9217,Mall,0,0,106858,Rainy,0,47045,2022,12,December,4,49163,54.633251604933655,Normal
ATM_0042,2022-02-02,Wednesday,Afternoon,68652,8455,Supermarket,0,0,57908,Cloudy,3,56647,2022,2,February,1,60197,118.55356772812047,High Risk
ATM_0044,2023-04-11,Tuesday,Evening,50795,14326,Supermarket,0,0,90462,Rainy,3,43834,2023,4,April,2,36469,56.15064889124716,Normal
ATM_0011,2022-10-06,Thursday,Morning,75156,13375,Supermarket,0,0,65679,Rainy,5,64536,2022,10,October,4,61781,114.42926962956197,High Risk
ATM_0014,2023-02-15,Wednesday,Morning,36837,2964,Bank Branch,0,0,95599,Clear,5,28311,2023,2,February,1,33873,38.53282984131633,Normal
ATM_0030,2023-05-04,Thursday,Evening,48088,10513,Gas Station,0,0,94044,Rainy,0,33875,2023,5,May,2,37575,51.133511973118964,Normal
ATM_0024,2023-10-25,Wednesday,Night,20975,9253,Bank Branch,0,0,52650,Clear,0,16358,2023,10,October,4,11722,39.838556505223174,Normal
ATM_0024,2023-09-10,Sunday,Evening,55306,16570,Mall,0,0,81025,Rainy,4,37106,2023,9,September,3,38736,68.25794507867941,Normal
ATM_0007,2022-03-08,Tuesday,Afternoon,76297,8174,Supermarket,0,0,83190,Snowy,1,60091,2022,3,March,1,68123,91.71414833513644,High Risk
ATM_0036,2022-07-26,Tuesday,Morning,60308,7610,Bank Branch,0,0,99107,Clear,4,51849,2022,7,July,3,52698,60.85140302904941,Normal
ATM_0031,2022-02-16,Wednesday,Morning,50346,13124,Standalone,0,0,103868,Snowy,0,32469,2022,2,February,1,37222,48.47113644240767,Normal
ATM_0023,2022-10-17,Monday,Night,69647,12961,Supermarket,0,0,101986,Cloudy,5,71691,2022,10,October,4,56686,68.29074578863765,Normal
ATM_0023,2022-05-13,Friday,Morning,40212,6944,Standalone,0,0,89440,Clear,4,35198,2022,5,May,2,33268,44.95974955277281,Normal
ATM_0050,2022-06-03,Friday,Morning,70296,10171,Supermarket,0,0,66382,Cloudy,4,51338,2022,6,June,2,60125,105.89617667439968,Normal
ATM_0003,2022-10-25,Tuesday,Afternoon,54645,12378,Bank Branch,0,0,111792,Clear,5,41029,2022,10,October,4,42267,48.88095749248605,Normal
ATM_0006,2022-08-26,Friday,Afternoon,10222,13432,Bank Branch,0,0,114821,Rainy,4,3042,2022,8,August,3,-3210,8.902552668936867,Normal
ATM_0034,2023-09-16,Saturday,Evening,44217,0,Gas Station,0,0,123354,Snowy,2,41198,2023,9,September,3,44217,35.84561505909821,Normal
ATM_0024,2023-10-01,Sunday,Night,38374,11361,Mall,0,0,98854,Cloudy,1,25008,2023,10,October,4,27013,38.818864183543404,Normal
ATM_0014,2023-09-18,Monday,Morning,38864,9420,Bank Branch,0,0,137957,Cloudy,0,30251,2023,9,September,3,29444,28.171096791029086,Normal
ATM_0001,2022-05-27,Friday,Evening,48292,7581,Supermarket,0,0,95065,Clear,3,51500,2022,5,May,2,40711,50.79892704991321,Normal
ATM_0007,2023-04-11,Tuesday,Evening,70619,11798,Bank Branch,0,1,123741,Rainy,0,59703,2023,4,April,2,58821,57.07000913197727,Normal
ATM_0018,2023-08-14,Monday,Evening,35528,11572,Standalone,0,0,92820,Rainy,5,21649,2023,8,August,3,23956,38.276233570351216,Normal
ATM_0050,2023-04-17,Monday,Evening,50645,13434,Gas Station,0,1,58693,Cloudy,5,44205,2023,4,April,2,37211,86.28797301211388,Normal
ATM_0009,2022-05-07,Saturday,Night,81824,10790,Mall,0,0,100668,Snowy,3,86105,2022,5,May,2,71034,81.28104263519688,Normal
ATM_0027,2023-09-27,Wednesday,Afternoon,48771,14955,Gas Station,0,0,114948,Snowy,2,32013,2023,9,September,3,33816,42.428750391481366,Normal
ATM_0006,2023-11-30,Thursday,Night,54468,18877,Supermarket,0,0,70416,Clear,4,40628,2023,11,November,4,35591,77.3517382413088,Normal
ATM_0042,2022-02-28,Monday,Afternoon,62199,5780,Supermarket,0,0,65126,Clear,2,64594,2022,2,February,1,56419,95.5056352301692,High Risk
ATM_0025,2022-06-12,Sunday,Night,52352,3648,Mall,0,0,123093,Cloudy,5,49009,2022,6,June,2,48704,42.53044446069232,Normal
ATM_0006,2022-12-24,Saturday,Night,30635,7965,Gas Station,1,0,100280,Cloudy,0,32881,2022,12,December,4,22670,30.54946150777822,Normal
ATM_0006,2022-07-04,Monday,Morning,58456,4427,Gas Station,0,0,65215,Rainy,3,52914,2022,7,July,3,54029,89.63581998006593,Normal
ATM_0022,2022-03-08,Tuesday,Evening,46938,25588,Standalone,0,1,99759,Cloudy,1,33317,2022,3,March,1,21350,47.05139385920067,Normal
ATM_0045,2023-05-03,Wednesday,Morning,33188,10803,Standalone,0,0,113245,Rainy,3,27733,2023,5,May,2,22385,29.306371142213784,Normal
ATM_0010,2023-10-18,Wednesday,Afternoon,53676,13633,Standalone,0,0,87437,Cloudy,0,51143,2023,10,October,4,40043,61.388199503642625,Normal
ATM_0024,2023-03-17,Friday,Night,69295,8714,Bank Branch,0,0,105551,Clear,5,57345,2023,3,March,1,60581,65.65072808405415,Normal
ATM_0028,2022-10-04,Tuesday,Evening,60323,7781,Bank Branch,0,0,82923,Clear,2,46858,2022,10,October,4,52542,72.74580032077952,Normal
ATM_0026,2022-03-25,Friday,Evening,40352,9411,Gas Station,0,0,100300,Rainy,5,32586,2022,3,March,1,30941,40.23130608175474,Normal
ATM_0017,2022-07-08,Friday,Morning,55044,6314,Mall,0,0,121134,Cloudy,2,56917,2022,7,July,3,48730,45.44058645797217,Normal
ATM_0049,2022-11-01,Tuesday,Afternoon,64502,13595,Bank Branch,0,0,136395,Cloudy,3,66191,2022,11,November,4,50907,47.29058983100553,Normal
ATM_0031,2023-07-03,Monday,Afternoon,41233,22261,Gas Station,0,0,139672,Cloudy,0,28427,2023,7,July,3,18972,29.521307062260156,Normal
ATM_0036,2023-09-04,Monday,Afternoon,50178,9264,Mall,0,0,86867,Rainy,2,34455,2023,9,September,3,40914,57.764168211173406,Normal
ATM_0043,2022-11-21,Monday,Morning,63109,10392,Bank Branch,0,0,103659,Rainy,3,57339,2022,11,November,4,52717,60.88135135395866,Normal
ATM_0021,2022-04-27,Wednesday,Night,37485,14524,Standalone,0,0,95483,Clear,3,23132,2022,4,April,2,22961,39.25829728852256,Normal
ATM_0009,2023-10-12,Thursday,Night,34179,9663,Supermarket,0,0,98348,Rainy,5,30779,2023,10,October,4,24516,34.75312156830845,Normal
ATM_0013,2023-03-07,Tuesday,Afternoon,61549,19834,Supermarket,0,0,99217,Snowy,1,40666,2023,3,March,1,41715,62.034731951177726,Normal
ATM_0013,2023-11-27,Monday,Morning,66128,15236,Standalone,0,0,117268,Clear,2,54794,2023,11,November,4,50892,56.390490159293236,Normal
ATM_0020,2023-05-30,Tuesday,Morning,49766,6870,Gas Station,0,0,80434,Cloudy,3,35044,2023,5,May,2,42896,61.87184523957531,Normal
ATM_0027,2022-12-27,Tuesday,Evening,37630,4705,Supermarket,0,0,85689,Snowy,0,30999,2022,12,December,4,32925,43.91462148000327,Normal
ATM_0012,2023-04-15,Saturday,Night,66822,7716,Standalone,0,0,106779,Rainy,4,59772,2023,4,April,2,59106,62.579720731604525,Normal
ATM_0028,2023-01-26,Thursday,Evening,65324,17181,Gas Station,0,0,78996,Clear,0,44999,2023,1,January,1,48143,82.69279457187706,Normal
ATM_0007,2022-04-02,Saturday,Morning,35415,11119,Supermarket,0,1,61069,Clear,3,37055,2022,4,April,2,24296,57.99177979007353,Normal
ATM_0048,2023-10-01,Sunday,Morning,36076,16217,Gas Station,0,0,107106,Clear,5,20447,2023,10,October,4,19859,33.6825201202547,Normal
ATM_0019,2023-03-07,Tuesday,Afternoon,22860,13176,Bank Branch,0,0,97646,Cloudy,0,17716,2023,3,March,1,9684,23.411097228765133,Normal
ATM_0013,2023-04-26,Wednesday,Morning,57119,13537,Standalone,0,1,123565,Cloudy,3,53660,2023,4,April,2,43582,46.22587302229596,Normal
ATM_0042,2023-12-22,Friday,Night,56122,24715,Mall,0,1,114489,Rainy,4,44641,2023,12,December,4,31407,49.019556463939765,Normal
ATM_0019,2022-10-02,Sunday,Evening,53627,11507,Standalone,0,0,99268,Cloudy,5,52400,2022,10,October,4,42120,54.02244429221904,Normal
ATM_0016,2022-01-05,Wednesday,Night,23932,7001,Mall,0,0,108239,Rainy,2,15499,2022,1,January,1,16931,22.11032991805172,Normal
ATM_0034,2023-09-07,Thursday,Evening,43230,4910,Standalone,0,0,83556,Cloudy,1,43474,2023,9,September,3,38320,51.73775671406003,Normal
ATM_0036,2023-02-05,Sunday,Afternoon,30685,5422,Supermarket,0,0,102529,Clear,4,30715,2023,2,February,1,25263,29.92811789835071,Normal
ATM_0028,2022-05-12,Thursday,Night,69667,14320,Bank Branch,0,0,106122,Snowy,4,62676,2022,5,May,2,55347,65.64802774165584,Normal
ATM_0011,2023-03-24,Friday,Afternoon,46534,6201,Mall,0,0,113272,Rainy,4,37902,2023,3,March,1,40333,41.081644183911294,Normal
ATM_0008,2023-10-09,Monday,Night,65570,13821,Standalone,0,0,134559,Rainy,2,54222,2023,10,October,4,51749,48.72955357872755,Normal
ATM_0014,2022-04-06,Wednesday,Morning,42959,11044,Mall,0,0,101164,Rainy,0,31636,2022,4,April,2,31915,42.46471076667589,Normal
ATM_0040,2023-12-26,Tuesday,Morning,57057,19861,Supermarket,0,0,109285,Rainy,3,27130,2023,12,December,4,37196,52.20936084549572,Normal
ATM_0041,2023-10-09,Monday,Evening,59137,12862,Bank Branch,0,0,107940,Rainy,2,50775,2023,10,October,4,46275,54.786918658514,Normal
ATM_0013,2023-07-03,Monday,Afternoon,45309,6020,Gas Station,0,0,95020,Clear,2,32282,2023,7,July,3,39289,47.68364554830562,Normal
ATM_0006,2022-05-28,Saturday,Morning,54711,8419,Supermarket,0,0,106286,Clear,3,55365,2022,5,May,2,46292,51.475264851438574,Normal
ATM_0039,2022-05-06,Friday,Morning,69241,10390,Bank Branch,0,0,73844,Rainy,0,55462,2022,5,May,2,58851,93.76658902551324,High Risk
ATM_0005,2023-05-22,Monday,Evening,44823,16943,Bank Branch,0,0,102847,Cloudy,0,36650,2023,5,May,2,27880,43.582214357249114,Normal
ATM_0027,2022-03-17,Thursday,Night,40547,12870,Mall,0,0,97802,Cloudy,3,34645,2022,3,March,1,27677,41.45825238747674,Normal
ATM_0021,2023-10-11,Wednesday,Night,47238,8122,Bank Branch,0,0,113989,Clear,1,32732,2023,10,October,4,39116,41.44084078288256,Normal
ATM_0043,2023-08-04,Friday,Morning,21874,15899,Mall,0,1,121044,Snowy,3,22419,2023,8,August,3,5975,18.071114636000132,Normal
ATM_0040,2023-09-07,Thursday,Morning,51461,21443,Bank Branch,0,0,64735,Snowy,0,39277,2023,9,September,3,30018,79.49486367498262,Normal
ATM_0013,2023-09-13,Wednesday,Morning,61730,5441,Supermarket,0,0,99601,Rainy,1,58660,2023,9,September,3,56289,61.97728938464473,Normal
ATM_0024,2022-04-28,Thursday,Afternoon,46281,4329,Mall,0,0,120583,Rainy,0,44573,2022,4,April,2,41952,38.38103215212758,Normal
ATM_0047,2023-12-10,Sunday,Afternoon,45101,4145,Standalone,0,0,104047,Rainy,0,36541,2023,12,December,4,40956,43.34675675415917,Normal
ATM_0023,2023-12-27,Wednesday,Evening,26645,12306,Gas Station,0,0,81512,Cloudy,3,22519,2023,12,December,4,14339,32.68843851212092,Normal
ATM_0033,2023-02-14,Tuesday,Afternoon,38411,9710,Standalone,0,0,69723,Snowy,3,31468,2023,2,February,1,28701,55.09085954419633,Normal
ATM_0007,2023-08-21,Monday,Evening,59463,10455,Bank Branch,0,0,115764,Cloudy,3,54109,2023,8,August,3,49008,51.36570954700943,Normal
ATM_0029,2023-03-10,Friday,Evening,61643,7580,Standalone,0,0,124743,Cloudy,3,65098,2023,3,March,1,54063,49.41599929454959,Normal
ATM_0013,2023-08-04,Friday,Evening,46182,4683,Standalone,0,0,120432,Clear,3,39405,2023,8,August,3,41499,38.346950976484656,Normal
ATM_0011,2022-02-04,Friday,Evening,36354,13797,Supermarket,0,0,87664,Snowy,3,28797,2022,2,February,1,22557,41.46970250045629,Normal
ATM_0002,2022-04-28,Thursday,Afternoon,29780,4095,Standalone,0,0,76966,Rainy,2,25837,2022,4,April,2,25685,38.69240963542344,Normal
ATM_0016,2022-03-16,Wednesday,Afternoon,45154,8163,Standalone,0,0,91572,Snowy,0,35352,2022,3,March,1,36991,49.30983269995195,Normal
ATM_0001,2022-11-23,Wednesday,Morning,59320,3817,Standalone,0,0,125488,Snowy,1,61732,2022,11,November,4,55503,47.271452250414384,Normal
ATM_0036,2022-03-09,Wednesday,Night,48569,18651,Standalone,0,0,55088,Rainy,0,32130,2022,3,March,1,29918,88.1662067963985,Normal
ATM_0036,2022-10-12,Wednesday,Morning,52931,8872,Supermarket,0,0,105910,Cloudy,5,53733,2022,10,October,4,44059,49.97733925030686,Normal
ATM_0049,2023-03-22,Wednesday,Evening,41618,8439,Standalone,0,0,93243,Clear,3,35905,2023,3,March,1,33179,44.633913537745464,Normal
ATM_0032,2022-02-17,Thursday,Evening,40588,11253,Gas Station,0,0,116171,Cloudy,1,25887,2022,2,February,1,29335,34.93815151802085,Normal
ATM_0039,2022-12-01,Thursday,Night,46034,6128,Bank Branch,1,0,87947,Snowy,0,44630,2022,12,December,4,39906,52.34288833047176,Normal
ATM_0042,2023-08-13,Sunday,Morning,50026,7419,Gas Station,0,0,142491,Cloudy,0,44636,2023,8,August,3,42607,35.108182271160985,Normal
ATM_0035,2023-06-25,Sunday,Morning,75885,10609,Standalone,0,0,115068,Clear,3,64416,2023,6,June,2,65276,65.94796120554803,Normal
ATM_0007,2023-03-02,Thursday,Evening,51497,11027,Standalone,0,0,84487,Snowy,3,40737,2023,3,March,1,40470,60.952572585131435,Normal
ATM_0006,2023-07-24,Monday,Evening,76172,22024,Gas Station,0,0,104344,Cloudy,2,66849,2023,7,July,3,54148,73.00084336425668,Normal
ATM_0045,2023-04-11,Tuesday,Night,43028,18914,Mall,0,0,95053,Clear,0,30337,2023,4,April,2,24114,45.26737714748614,Normal
ATM_0015,2022-02-18,Friday,Morning,64780,2070,Bank Branch,0,0,103529,Snowy,5,52249,2022,2,February,1,62710,62.571839774362736,Normal
ATM_0047,2023-03-23,Thursday,Afternoon,56768,15079,Bank Branch,0,0,91932,Snowy,4,44051,2023,3,March,1,41689,61.74998912239481,Normal
ATM_0001,2023-12-06,Wednesday,Morning,68912,13083,Standalone,0,0,101759,Clear,0,51472,2023,12,December,4,55829,67.72079128136086,Normal
ATM_0004,2022-11-08,Tuesday,Morning,43395,7842,Standalone,0,0,57598,Cloudy,2,36173,2022,11,November,4,35553,75.34115767908608,Normal
ATM_0045,2022-06-24,Friday,Afternoon,59148,9800,Supermarket,0,0,115898,Rainy,2,53634,2022,6,June,2,49348,51.034530362905315,Normal
ATM_0010,2023-08-22,Tuesday,Night,70237,10059,Gas Station,0,0,80384,Rainy,4,67793,2023,8,August,3,60178,87.37684116242038,High Risk
ATM_0031,2023-11-09,Thursday,Night,55131,19586,Standalone,0,0,69488,Cloudy,1,39277,2023,11,November,4,35545,79.33887865530738,Normal
ATM_0006,2022-09-28,Wednesday,Evening,32687,16568,Mall,0,0,99690,Rainy,5,22275,2022,9,September,3,16119,32.78864479887652,Normal
ATM_0042,2022-07-30,Saturday,Morning,27009,4357,Mall,0,1,119448,Clear,1,26496,2022,7,July,3,22652,22.611512959614224,Normal
ATM_0001,2023-11-18,Saturday,Afternoon,63091,11815,Gas Station,0,0,65578,Rainy,3,47421,2023,11,November,4,51276,96.20756961176005,Normal
ATM_0007,2022-12-15,Thursday,Afternoon,44623,3875,Supermarket,0,0,123530,Snowy,2,42620,2022,12,December,4,40748,36.1232089371003,Normal
ATM_0046,2023-04-10,Monday,Afternoon,41244,6799,Supermarket,0,0,129674,Rainy,1,32656,2023,4,April,2,34445,31.80591329025094,Normal
ATM_0024,2023-01-30,Monday,Night,17706,9846,Supermarket,0,0,88761,Cloudy,1,5574,2023,1,January,1,7860,19.947950113225403,Normal
ATM_0005,2022-10-12,Wednesday,Night,28566,15946,Bank Branch,0,0,113344,Clear,1,20244,2022,10,October,4,12620,25.20292207792208,Normal
ATM_0030,2022-04-20,Wednesday,Morning,59938,5885,Bank Branch,0,0,79215,Cloudy,1,66360,2022,4,April,2,54053,75.66496244398157,High Risk
ATM_0018,2022-01-30,Sunday,Night,62269,11981,Supermarket,0,0,103394,Snowy,0,60674,2022,1,January,1,50288,60.22496469814496,Normal
ATM_0036,2022-03-28,Monday,Evening,38667,9490,Gas Station,0,0,128938,Cloudy,4,30598,2022,3,March,1,29177,29.988831841660335,Normal
ATM_0028,2023-06-05,Monday,Evening,40087,14971,Mall,0,0,105094,Snowy,0,22461,2023,6,June,2,25116,38.14394732334862,Normal
ATM_0004,2023-10-27,Friday,Night,57280,5754,Gas Station,0,0,106113,Rainy,3,48931,2023,10,October,4,51526,53.98019092853844,Normal
ATM_0012,2023-09-01,Friday,Evening,39031,8122,Supermarket,0,0,99023,Cloudy,0,32679,2023,9,September,3,30909,39.416095250598346,Normal
ATM_0044,2022-02-21,Monday,Afternoon,37885,8042,Mall,0,0,130101,Clear,0,36009,2022,2,February,1,29843,29.119683937863662,Normal
ATM_0037,2022-09-30,Friday,Afternoon,33799,3435,Mall,0,0,107879,Snowy,1,28928,2022,9,September,3,30364,31.330472103004293,Normal
ATM_0040,2023-12-18,Monday,Night,37953,6340,Gas Station,0,0,154438,Rainy,5,40917,2023,12,December,4,31613,24.574910319998963,Normal
ATM_0045,2022-10-02,Sunday,Night,62666,15508,Bank Branch,0,0,109839,Rainy,2,54444,2022,10,October,4,47158,57.05259516200986,Normal
ATM_0041,2022-10-22,Saturday,Evening,66093,5733,Mall,0,0,119306,Cloudy,5,60044,2022,10,October,4,60360,55.3978844316296,Normal
ATM_0020,2023-12-06,Wednesday,Afternoon,60565,4511,Bank Branch,0,0,92767,Clear,1,54533,2023,12,December,4,56054,65.28722498302199,Normal
ATM_0012,2022-12-07,Wednesday,Night,18974,10446,Bank Branch,0,1,91148,Cloudy,3,15049,2022,12,December,4,8528,20.8166937288805,Normal
ATM_0022,2022-01-22,Saturday,Afternoon,50115,634,Standalone,0,0,140889,Rainy,5,45404,2022,1,January,1,49481,35.57055554372591,Normal
ATM_0049,2022-01-10,Monday,Evening,66555,8077,Gas Station,0,0,98732,Cloudy,1,56258,2022,1,January,1,58478,67.40975570230523,Normal
ATM_0031,2022-04-23,Saturday,Morning,57241,17599,Mall,0,0,57284,Snowy,1,35738,2022,4,April,2,39642,99.92493540953843,Normal
ATM_0034,2023-05-31,Wednesday,Afternoon,70584,10710,Bank Branch,0,0,86541,Clear,2,67032,2023,5,May,2,59874,81.56134086733455,Normal
ATM_0048,2022-12-10,Saturday,Night,59942,4851,Gas Station,0,0,90319,Snowy,5,44497,2022,12,December,4,55091,66.36698811988619,Normal
ATM_0032,2022-09-17,Saturday,Evening,61246,0,Gas Station,0,0,106686,Snowy,2,55311,2022,9,September,3,61246,57.40771985077705,Normal
ATM_0046,2022-12-08,Thursday,Night,45650,8927,Mall,0,0,27978,Clear,1,34770,2022,12,December,4,36723,163.16391450425334,Normal
ATM_0027,2022-08-14,Sunday,Afternoon,57991,5972,Standalone,0,0,95697,Rainy,4,57773,2022,8,August,3,52019,60.59855585859536,Normal
ATM_0048,2023-12-14,Thursday,Night,73134,7500,Standalone,0,0,110860,Clear,1,59731,2023,12,December,4,65634,65.96969150279632,Normal
ATM_0025,2023-10-17,Tuesday,Morning,56145,7015,Standalone,0,0,129860,Cloudy,4,56047,2023,10,October,4,49130,43.235022331741874,Normal
ATM_0012,2022-09-29,Thursday,Evening,47598,15158,Standalone,0,0,71821,Cloudy,2,30427,2022,9,September,3,32440,66.2730956127038,Normal
ATM_0020,2022-07-15,Friday,Morning,56673,14253,Supermarket,0,0,117837,Snowy,4,53989,2022,7,July,3,42420,48.09440158863515,Normal
ATM_0008,2023-03-20,Monday,Night,33300,6191,Supermarket,0,1,94006,Snowy,2,34717,2023,3,March,1,27109,35.423270855051804,Normal
ATM_0008,2022-01-09,Sunday,Night,39098,5611,Bank Branch,0,0,106654,Rainy,4,42531,2022,1,January,1,33487,36.6587282239766,Normal
ATM_0019,2023-10-01,Sunday,Afternoon,30002,8763,Standalone,0,0,106664,Clear,2,23895,2023,10,October,4,21239,28.127578189454738,Normal
ATM_0001,2023-04-10,Monday,Morning,39289,15892,Bank Branch,0,0,94009,Clear,0,32267,2023,4,April,2,23397,41.792807071663354,Normal
ATM_0032,2022-11-10,Thursday,Morning,31464,10826,Gas Station,0,0,100250,Clear,0,21450,2022,11,November,4,20638,31.385536159600996,Normal
ATM_0017,2022-05-22,Sunday,Evening,30716,1920,Standalone,0,0,107452,Rainy,0,29538,2022,5,May,2,28796,28.585787142165803,Normal
ATM_0046,2022-10-05,Wednesday,Afternoon,52497,7979,Bank Branch,0,0,100035,Clear,2,41253,2022,10,October,4,44518,52.478632478632484,Normal
ATM_0015,2022-02-02,Wednesday,Night,90654,12599,Standalone,0,0,104200,Cloudy,3,75401,2022,2,February,1,78055,87.0,Normal
ATM_0026,2022-04-11,Monday,Evening,59227,6843,Standalone,0,0,111989,Rainy,4,44747,2022,4,April,2,52384,52.8864442043415,Normal
ATM_0028,2023-11-27,Monday,Evening,71285,11466,Supermarket,0,0,114596,Rainy,2,76361,2023,11,November,4,59819,62.20548710251666,Normal
ATM_0009,2023-03-03,Friday,Afternoon,70878,14050,Standalone,0,0,85502,Snowy,4,71917,2023,3,March,1,56828,82.89630651914575,High Risk
ATM_0041,2023-04-18,Tuesday,Afternoon,35659,21588,Gas Station,0,0,71854,Cloudy,0,18700,2023,4,April,2,14071,49.62702146018315,Normal
ATM_0009,2023-06-24,Saturday,Night,30528,4870,Standalone,0,0,112145,Snowy,3,26091,2023,6,June,2,25658,27.221900218467166,Normal
ATM_0023,2023-03-14,Tuesday,Night,88982,1379,Gas Station,0,1,113876,Cloudy,0,91448,2023,3,March,1,87603,78.13937967613896,Normal
ATM_0036,2022-01-28,Friday,Night,67497,8547,Mall,0,0,108882,Snowy,1,65959,2022,1,January,1,58950,61.99096269355816,Normal
ATM_0038,2023-06-09,Friday,Evening,65600,4905,Bank Branch,0,0,95444,Snowy,0,71376,2023,6,June,2,60695,68.73140270734672,Normal
ATM_0049,2023-02-07,Tuesday,Afternoon,35899,10539,Gas Station,0,0,152137,Cloudy,4,27598,2023,2,February,1,25360,23.59649526413693,Normal
ATM_0030,2022-02-25,Friday,Morning,51592,6810,Mall,0,0,98843,Clear,2,37580,2022,2,February,1,44782,52.19590663982275,Normal
ATM_0039,2022-04-10,Sunday,Evening,66916,5374,Supermarket,0,0,90995,Snowy,0,72169,2022,4,April,2,61542,73.53810648936755,Normal
ATM_0008,2023-08-22,Tuesday,Morning,29892,8400,Bank Branch,0,0,102886,Cloudy,1,21981,2023,8,August,3,21492,29.053515541473086,Normal
ATM_0015,2023-11-23,Thursday,Afternoon,22494,6020,Standalone,0,0,103837,Clear,3,14388,2023,11,November,4,16474,21.66279842445371,Normal
ATM_0040,2023-12-06,Wednesday,Afternoon,56419,18615,Mall,0,0,132785,Rainy,4,35361,2023,12,December,4,37804,42.48898595473886,Normal
ATM_0008,2023-06-17,Saturday,Morning,21158,10775,Bank Branch,0,0,92034,Cloudy,0,14751,2023,6,June,2,10383,22.98933003020623,Normal
ATM_0033,2023-03-31,Friday,Night,41315,5518,Mall,0,1,91026,Snowy,3,48726,2023,3,March,1,35797,45.38813086370927,Normal
ATM_0031,2022-07-08,Friday,Afternoon,53513,7529,Supermarket,0,0,105676,Cloudy,5,51850,2022,7,July,3,45984,50.63874484272682,Normal
ATM_0040,2022-05-07,Saturday,Night,49117,8895,Bank Branch,0,0,103822,Rainy,1,51127,2022,5,May,2,40222,47.308855541214776,Normal
ATM_0048,2023-11-05,Sunday,Afternoon,32754,13209,Bank Branch,0,0,94594,Rainy,3,16863,2023,11,November,4,19545,34.62587479121297,Normal
ATM_0031,2022-10-24,Monday,Evening,60552,9610,Mall,0,1,94480,Cloudy,2,49267,2022,10,October,4,50942,64.08975444538527,Normal
ATM_0043,2022-10-09,Sunday,Night,44574,13290,Gas Station,0,0,92094,Clear,3,35719,2022,10,October,4,31284,48.40054726692293,Normal
ATM_0027,2023-03-12,Sunday,Afternoon,36626,10348,Mall,0,0,86986,Clear,4,27549,2023,3,March,1,26278,42.10562619272067,Normal
ATM_0025,2022-01-12,Wednesday,Evening,45100,11801,Mall,0,0,110826,Cloudy,0,46793,2022,1,January,1,33299,40.69442188656092,Normal
ATM_0023,2022-05-23,Monday,Night,34990,5724,Gas Station,0,0,75879,Rainy,2,31028,2022,5,May,2,29266,46.11289025949208,Normal
ATM_0033,2023-05-31,Wednesday,Afternoon,36710,20270,Standalone,0,1,102956,Cloudy,4,29370,2023,5,May,2,16440,35.65600839193442,Normal
ATM_0005,2022-06-28,Tuesday,Afternoon,43116,4912,Standalone,0,0,117203,Snowy,3,42963,2022,6,June,2,38204,36.78745424605172,Normal
ATM_0046,2022-05-24,Tuesday,Evening,62153,17634,Standalone,0,1,138051,Clear,5,55095,2022,5,May,2,44519,45.02176731787528,Normal
ATM_0031,2023-01-21,Saturday,Night,92363,8228,Supermarket,0,0,88150,Snowy,1,96912,2023,1,January,1,84135,104.7793533749291,Normal
ATM_0045,2022-11-28,Monday,Evening,54906,3399,Supermarket,0,0,95224,Cloudy,0,51473,2022,11,November,4,51507,57.659833655381,Normal
ATM_0003,2022-01-31,Monday,Afternoon,52123,12376,Bank Branch,1,0,123413,Clear,3,41385,2022,1,January,1,39747,42.23461061638563,Normal
ATM_0044,2023-05-03,Wednesday,Evening,25171,10833,Bank Branch,0,1,121199,Rainy,0,23401,2023,5,May,2,14338,20.76832317098326,Normal
ATM_0012,2023-01-29,Sunday,Night,20968,7254,Mall,0,0,126608,Snowy,0,11081,2023,1,January,1,13714,16.56135473271831,Normal
ATM_0003,2022-03-16,Wednesday,Night,48191,3299,Standalone,0,0,90286,Clear,1,43556,2022,3,March,1,44892,53.37593868373835,Normal
ATM_0021,2022-04-21,Thursday,Night,55832,4130,Gas Station,0,0,122252,Rainy,1,41988,2022,4,April,2,51702,45.66960049733338,Normal
ATM_0017,2023-05-18,Thursday,Night,48933,13864,Standalone,0,0,115663,Rainy,3,44504,2023,5,May,2,35069,42.30652844902864,Normal
ATM_0034,2022-07-16,Saturday,Morning,46818,12711,Supermarket,0,0,93242,Clear,1,29703,2022,7,July,3,34107,50.21127817936123,Normal
ATM_0003,2022-05-24,Tuesday,Morning,50033,8626,Standalone,0,0,90855,Clear,2,39133,2022,5,May,2,41407,55.069066094326125,Normal
ATM_0012,2023-11-30,Thursday,Night,39663,12338,Bank Branch,0,0,126212,Cloudy,4,19570,2023,11,November,4,27325,31.425696447247486,Normal
ATM_0023,2023-01-01,Sunday,Afternoon,67566,3717,Mall,1,0,125784,Cloudy,0,80804,2023,1,January,1,63849,53.71589391337531,Normal
ATM_0037,2022-03-22,Tuesday,Afternoon,36406,10709,Supermarket,0,0,106274,Clear,3,31581,2022,3,March,1,25697,34.25673259687223,Normal
ATM_0015,2022-02-22,Tuesday,Evening,27730,9126,Mall,0,0,127203,Snowy,2,25775,2022,2,February,1,18604,21.79980031917486,Normal
ATM_0025,2023-12-22,Friday,Evening,16721,22093,Mall,0,0,129909,Rainy,2,2354,2023,12,December,4,-5372,12.87131761463794,Normal
ATM_0005,2023-07-02,Sunday,Afternoon,45730,2780,Supermarket,0,1,108897,Snowy,3,43994,2023,7,July,3,42950,41.993810665123924,Normal
ATM_0040,2022-02-28,Monday,Morning,66814,14027,Supermarket,0,0,119516,Snowy,5,65799,2022,2,February,1,52787,55.903812041902334,Normal
ATM_0002,2022-02-03,Thursday,Evening,50132,2922,Gas Station,0,0,119557,Snowy,0,57954,2022,2,February,1,47210,41.93146365332017,Normal
ATM_0009,2022-07-29,Friday,Evening,45944,3051,Mall,0,0,127040,Clear,4,46523,2022,7,July,3,42893,36.16498740554156,Normal
ATM_0040,2023-12-21,Thursday,Morning,81491,10456,Standalone,0,1,92390,Cloudy,4,88130,2023,12,December,4,71035,88.20326875202944,Normal
ATM_0048,2023-09-20,Wednesday,Morning,38297,13676,Supermarket,0,0,88816,Rainy,2,23706,2023,9,September,3,24621,43.11948297604035,Normal
ATM_0047,2022-02-12,Saturday,Morning,43095,7976,Mall,0,0,122656,Rainy,5,37768,2022,2,February,1,35119,35.13484868249413,Normal
ATM_0023,2023-03-18,Saturday,Night,40178,7446,Standalone,0,0,101598,Rainy,0,42934,2023,3,March,1,32732,39.54605405618221,Normal
ATM_0004,2022-01-27,Thursday,Afternoon,54813,5060,Supermarket,0,0,114460,Cloudy,5,45752,2022,1,January,1,49753,47.88834527345798,Normal
ATM_0044,2022-01-19,Wednesday,Night,36066,7479,Mall,0,0,98542,Cloudy,5,25830,2022,1,January,1,28587,36.599622495991554,Normal
ATM_0009,2023-03-17,Friday,Night,78339,11190,Supermarket,0,0,83184,Cloudy,0,55808,2023,3,March,1,67149,94.17556260819389,High Risk
ATM_0040,2023-01-12,Thursday,Evening,54871,12902,Bank Branch,0,0,124184,Clear,1,46232,2023,1,January,1,41969,44.185241254912064,Normal
ATM_0015,2022-04-05,Tuesday,Morning,49635,6462,Bank Branch,0,0,144197,Clear,0,37213,2022,4,April,2,43173,34.4216592578209,Normal
ATM_0047,2022-09-13,Tuesday,Morning,54904,5824,Mall,0,0,133058,Cloudy,1,40344,2022,9,September,3,49080,41.26320852560538,Normal
ATM_0019,2022-02-14,Monday,Evening,81166,9138,Standalone,0,0,114294,Rainy,2,77089,2022,2,February,1,72028,71.01510140514813,Normal
ATM_0009,2023-09-13,Wednesday,Night,51525,17490,Gas Station,0,0,93743,Clear,0,48690,2023,9,September,3,34035,54.96410398643099,Normal
ATM_0017,2023-07-11,Tuesday,Afternoon,65463,9432,Gas Station,0,0,98882,Snowy,1,66520,2023,7,July,3,56031,66.2031512307599,Normal
ATM_0029,2024-01-01,Monday,Evening,39006,6298,Standalone,1,0,142419,Snowy,5,39223,2024,1,January,1,32708,27.388199608198345,Normal
ATM_0016,2023-06-24,Saturday,Evening,64667,940,Standalone,0,0,80986,Clear,0,63934,2023,6,June,2,63727,79.8496036351962,High Risk
ATM_0023,2023-02-25,Saturday,Night,32870,10299,Standalone,0,0,67497,Rainy,4,23236,2023,2,February,1,22571,48.69846067232618,Normal
ATM_0015,2022-11-09,Wednesday,Afternoon,51243,7925,Mall,0,0,130039,Rainy,0,46993,2022,11,November,4,43318,39.40587054652835,Normal
ATM_0016,2023-12-17,Sunday,Night,45100,19926,Gas Station,0,1,68939,Clear,3,39733,2023,12,December,4,25174,65.42015404923193,Normal
ATM_0003,2022-10-04,Tuesday,Evening,28946,8988,Supermarket,0,0,96335,Clear,0,24608,2022,10,October,4,19958,30.047231016764414,Normal
ATM_0018,2023-09-17,Sunday,Night,64297,13945,Gas Station,0,0,87415,Cloudy,3,56671,2023,9,September,3,50352,73.5537379168335,Normal
ATM_0029,2022-02-15,Tuesday,Afternoon,39399,4597,Bank Branch,0,0,76451,Cloudy,4,31264,2022,2,February,1,34802,51.53497011157473,Normal
ATM_0004,2023-11-08,Wednesday,Evening,41930,12332,Mall,0,0,101580,Snowy,0,41704,2023,11,November,4,29598,41.27781059263634,Normal
ATM_0039,2022-12-11,Sunday,Evening,45677,10915,Supermarket,0,0,80169,Clear,2,43364,2022,12,December,4,34762,56.97588843567962,Normal
ATM_0047,2023-09-29,Friday,Night,27454,14978,Gas Station,0,0,82371,Clear,0,16499,2023,9,September,3,12476,33.32969127484187,Normal
ATM_0036,2023-02-02,Thursday,Evening,51354,10171,Supermarket,0,0,92750,Snowy,1,46496,2023,2,February,1,41183,55.36819407008087,Normal
ATM_0025,2023-04-24,Monday,Afternoon,40724,6025,Bank Branch,0,1,58552,Snowy,5,49156,2023,4,April,2,34699,69.55185134581227,Normal
ATM_0018,2022-03-29,Tuesday,Afternoon,52310,11795,Supermarket,0,0,126684,Cloudy,0,50164,2022,3,March,1,40515,41.291717975434935,Normal
ATM_0040,2022-10-08,Saturday,Evening,42066,13887,Standalone,0,0,70824,Clear,0,32501,2022,10,October,4,28179,59.395120298204,Normal
ATM_0020,2023-08-06,Sunday,Evening,53527,12201,Standalone,0,0,89580,Cloudy,3,57671,2023,8,August,3,41326,59.753293145791474,Normal
ATM_0002,2023-03-27,Monday,Morning,34243,14230,Gas Station,0,0,97930,Snowy,3,33005,2023,3,March,1,20013,34.966813029715105,Normal
ATM_0041,2023-07-24,Monday,Afternoon,42656,10209,Gas Station,0,0,152733,Clear,2,43493,2023,7,July,3,32447,27.928476491655374,Normal
ATM_0040,2023-07-19,Wednesday,Evening,67302,15812,Mall,0,0,108710,Snowy,2,67761,2023,7,July,3,51490,61.90966792383406,Normal
ATM_0017,2023-05-22,Monday,Afternoon,52497,0,Bank Branch,0,0,86420,Rainy,4,48510,2023,5,May,2,52497,60.746355010414256,Normal
ATM_0042,2022-02-20,Sunday,Afternoon,32638,95,Mall,0,0,99233,Rainy,5,34166,2022,2,February,1,32543,32.89026835830822,Normal
ATM_0033,2023-03-27,Monday,Evening,62281,5183,Mall,0,0,61358,Rainy,0,56464,2023,3,March,1,57098,101.50428631963233,High Risk
ATM_0046,2022-09-23,Friday,Evening,36667,9201,Mall,0,0,79716,Snowy,4,32361,2022,9,September,3,27466,45.997039490190176,Normal
ATM_0046,2022-02-15,Tuesday,Afternoon,55084,15701,Standalone,0,0,76395,Cloudy,0,39201,2022,2,February,1,39383,72.10419530073958,Normal
ATM_0033,2022-03-21,Monday,Afternoon,44997,14426,Bank Branch,0,0,117580,Snowy,5,43428,2022,3,March,1,30571,38.26926348018371,Normal
ATM_0027,2022-03-15,Tuesday,Night,35802,8634,Standalone,0,0,111700,Snowy,4,37093,2022,3,March,1,27168,32.05192479856759,Normal
ATM_0024,2022-12-10,Saturday,Night,54217,19162,Standalone,0,0,69394,Snowy,4,47266,2022,12,December,4,35055,78.12923307490561,Normal
ATM_0002,2022-06-14,Tuesday,Evening,48163,1914,Mall,0,0,106926,Rainy,4,55956,2022,6,June,2,46249,45.04330097450573,Normal
ATM_0002,2022-04-19,Tuesday,Afternoon,40549,6329,Standalone,0,0,71070,Snowy,1,34483,2022,4,April,2,34220,57.05501618122978,Normal
ATM_0025,2023-08-20,Sunday,Morning,43023,13138,Bank Branch,0,0,133292,Clear,0,24822,2023,8,August,3,29885,32.277255949344294,Normal
ATM_0015,2023-08-02,Wednesday,Night,57008,7278,Supermarket,0,0,89911,Clear,4,46834,2023,8,August,3,49730,63.404922645727446,Normal
ATM_0031,2023-11-07,Tuesday,Night,27201,10910,Standalone,0,0,79280,Snowy,1,14006,2023,11,November,4,16291,34.31004036326942,Normal
ATM_0022,2022-09-06,Tuesday,Evening,47874,14389,Bank Branch,0,0,115815,Clear,5,37573,2022,9,September,3,33485,41.33661442818288,Normal
ATM_0016,2023-04-01,Saturday,Night,49669,18729,Standalone,0,0,114453,Clear,2,24804,2023,4,April,2,30940,43.39685285663111,Normal
ATM_0042,2023-05-11,Thursday,Afternoon,38701,9432,Gas Station,0,0,89131,Rainy,4,24809,2023,5,May,2,29269,43.420358797724695,Normal
ATM_0009,2023-07-05,Wednesday,Afternoon,68957,7646,Gas Station,0,0,122423,Rainy,4,65617,2023,7,July,3,61311,56.32683400994911,Normal
ATM_0017,2022-10-21,Friday,Evening,61355,8736,Standalone,0,0,35169,Cloudy,3,67041,2022,10,October,4,52619,174.45761892575848,High Risk
ATM_0033,2022-06-01,Wednesday,Night,54457,10269,Bank Branch,0,0,73474,Cloudy,0,52173,2022,6,June,2,44188,74.11737485368974,Normal
ATM_0011,2022-05-04,Wednesday,Night,60235,14732,Standalone,0,0,112081,Cloudy,5,60918,2022,5,May,2,45503,53.74238274105334,Normal
ATM_0007,2022-05-10,Tuesday,Morning,43849,10538,Gas Station,0,0,119964,Rainy,0,38274,2022,5,May,2,33311,36.551798872995235,Normal
ATM_0009,2023-06-12,Monday,Night,83097,10398,Gas Station,0,0,23266,Cloudy,5,65539,2023,6,June,2,72699,357.1606636293303,High Risk
ATM_0036,2022-09-05,Monday,Evening,68552,8007,Mall,0,0,91067,Snowy,4,76904,2022,9,September,3,60545,75.27644481535573,Normal
ATM_0039,2023-09-24,Sunday,Morning,59184,2202,Mall,0,0,78445,Snowy,3,64171,2023,9,September,3,56982,75.44649117215883,High Risk
ATM_0027,2023-10-08,Sunday,Night,55147,6064,Gas Station,0,0,80434,Cloudy,5,59273,2023,10,October,4,49083,68.56180222294054,High Risk
ATM_0009,2022-07-07,Thursday,Morning,42400,11199,Bank Branch,0,0,129709,Snowy,5,28989,2022,7,July,3,31201,32.688556692288124,Normal
ATM_0042,2023-04-10,Monday,Night,19288,1738,Standalone,0,0,119339,Snowy,0,19856,2023,4,April,2,17550,16.162361005203664,Normal
ATM_0015,2022-11-01,Tuesday,Night,63815,7601,Standalone,0,0,91347,Cloudy,2,69046,2022,11,November,4,56214,69.85998445488084,Normal
ATM_0021,2023-01-29,Sunday,Evening,82785,10031,Bank Branch,0,1,63034,Clear,5,81583,2023,1,January,1,72754,131.33388330107562,High Risk
ATM_0047,2022-08-04,Thursday,Night,65841,13941,Supermarket,0,0,118281,Snowy,0,51366,2022,8,August,3,51900,55.66489968803104,Normal
ATM_0023,2022-10-19,Wednesday,Afternoon,35194,11064,Mall,0,0,99792,Cloudy,3,27615,2022,10,October,4,24130,35.26735610068943,Normal
ATM_0015,2022-06-23,Thursday,Evening,47391,16692,Standalone,0,1,85897,Clear,1,32577,2022,6,June,2,30699,55.17189191706346,Normal
ATM_0043,2022-10-13,Thursday,Afternoon,29755,26886,Mall,0,0,113530,Rainy,0,9701,2022,10,October,4,2869,26.2089315599401,Normal
ATM_0039,2022-02-10,Thursday,Afternoon,43859,4719,Mall,0,0,62394,Clear,2,45499,2022,2,February,1,39140,70.29361797608745,Normal
ATM_0014,2022-10-16,Sunday,Night,34621,15608,Gas Station,0,0,104581,Cloudy,2,30021,2022,10,October,4,19013,33.10448360600874,Normal
ATM_0008,2023-12-25,Monday,Morning,42220,18591,Gas Station,1,0,96216,Cloudy,2,34405,2023,12,December,4,23629,43.88043568637233,Normal
ATM_0006,2022-05-21,Saturday,Evening,48704,14182,Mall,0,1,78645,Clear,5,52127,2022,5,May,2,34522,61.928921101150735,Normal
ATM_0015,2022-03-18,Friday,Evening,27850,15289,Bank Branch,0,0,89357,Snowy,3,20181,2022,3,March,1,12561,31.167116174446324,Normal
ATM_0041,2023-06-10,Saturday,Morning,44171,22299,Standalone,0,0,115629,Clear,3,29062,2023,6,June,2,21872,38.20062441083119,Normal
ATM_0007,2023-12-24,Sunday,Evening,37035,15678,Bank Branch,1,0,93666,Clear,5,29479,2023,12,December,4,21357,39.53942732688489,Normal
ATM_0041,2022-01-09,Sunday,Afternoon,70617,4979,Bank Branch,0,0,118887,Rainy,5,56054,2022,1,January,1,65638,59.39842034873452,Normal
ATM_0013,2022-09-29,Thursday,Night,40496,468,Bank Branch,0,0,98232,Rainy,5,42082,2022,9,September,3,40028,41.224855444254416,Normal
ATM_0032,2022-10-17,Monday,Afternoon,83160,14411,Bank Branch,0,0,120549,Clear,4,72199,2022,10,October,4,68749,68.98439638653161,Normal
ATM_0047,2022-08-08,Monday,Morning,47191,15163,Gas Station,0,0,129076,Rainy,5,40629,2022,8,August,3,32028,36.56063094610927,Normal
ATM_0012,2022-02-09,Wednesday,Night,42800,14157,Standalone,0,0,115961,Rainy,5,43095,2022,2,February,1,28643,36.9089607712938,Normal
ATM_0023,2023-05-11,Thursday,Afternoon,28637,19558,Standalone,0,0,87176,Snowy,5,14891,2023,5,May,2,9079,32.84963751491236,Normal
ATM_0032,2023-05-17,Wednesday,Night,46024,11210,Supermarket,0,0,82980,Cloudy,2,40499,2023,5,May,2,34814,55.46396722101711,Normal
ATM_0007,2022-08-13,Saturday,Morning,47184,14203,Standalone,0,0,83494,Cloudy,2,36008,2022,8,August,3,32981,56.511845162526654,Normal
ATM_0016,2023-11-10,Friday,Night,42606,19038,Mall,0,0,132828,Snowy,5,32493,2023,11,November,4,23568,32.07606829885265,Normal
ATM_0008,2022-12-22,Thursday,Night,47598,8782,Bank Branch,0,0,101130,Cloudy,3,47970,2022,12,December,4,38816,47.06615247700979,Normal
ATM_0039,2023-02-26,Sunday,Afternoon,48126,10750,Mall,0,0,114249,Rainy,3,40709,2023,2,February,1,37376,42.123782265052654,Normal
ATM_0004,2023-07-30,Sunday,Evening,35445,3235,Standalone,0,0,102975,Cloudy,3,30946,2023,7,July,3,32210,34.42097596504006,Normal
ATM_0029,2023-03-12,Sunday,Night,47431,22917,Standalone,0,1,73395,Snowy,3,39850,2023,3,March,1,24514,64.6242932079842,Normal
ATM_0047,2022-08-13,Saturday,Evening,44353,11580,Mall,0,0,111677,Cloudy,1,35480,2022,8,August,3,32773,39.71542931848098,Normal
ATM_0037,2022-06-20,Monday,Afternoon,69261,12143,Mall,0,1,115409,Snowy,1,67811,2022,6,June,2,57118,60.01351714337704,Normal
ATM_0039,2023-07-07,Friday,Morning,49148,5547,Mall,0,0,88714,Clear,5,47018,2023,7,July,3,43601,55.40050048470365,Normal
ATM_0022,2022-12-28,Wednesday,Morning,41109,3381,Mall,0,0,91281,Snowy,4,40391,2022,12,December,4,37728,45.03565911854603,Normal
ATM_0013,2022-06-10,Friday,Night,58529,11914,Bank Branch,0,0,132528,Rainy,2,42070,2022,6,June,2,46615,44.16349752505131,Normal
ATM_0022,2023-02-28,Tuesday,Afternoon,53540,11248,Supermarket,0,0,51185,Clear,0,52188,2023,2,February,1,42292,104.60095731171242,Normal
ATM_0002,2023-06-24,Saturday,Morning,47235,8970,Supermarket,0,0,72710,Cloudy,0,40869,2023,6,June,2,38265,64.96355384403796,Normal
ATM_0011,2022-10-17,Monday,Evening,36076,10508,Mall,0,0,106126,Rainy,0,32942,2022,10,October,4,25568,33.993554831049885,Normal
ATM_0018,2022-05-07,Saturday,Night,51851,2708,Gas Station,0,0,132602,Snowy,0,44188,2022,5,May,2,49143,39.102728465634,Normal
ATM_0005,2022-03-17,Thursday,Night,55555,11979,Mall,0,0,97656,Rainy,0,43797,2022,3,March,1,43576,56.88846563447203,Normal
ATM_0048,2023-08-26,Saturday,Night,37439,14478,Bank Branch,0,0,118505,Snowy,2,22986,2023,8,August,3,22961,31.592759799164593,Normal
ATM_0028,2023-06-09,Friday,Morning,52529,11169,Standalone,0,0,123299,Rainy,0,39253,2023,6,June,2,41360,42.60294081866033,Normal
ATM_0017,2023-11-03,Friday,Night,70285,0,Gas Station,0,0,141041,Clear,1,69455,2023,11,November,4,70285,49.8330272757567,Normal
ATM_0027,2023-07-29,Saturday,Evening,24410,9267,Gas Station,0,0,120128,Rainy,3,20000,2023,7,July,3,15143,20.319992008524242,Normal
ATM_0002,2023-05-24,Wednesday,Night,41326,11475,Standalone,0,0,98704,Clear,3,29663,2023,5,May,2,29851,41.868617279948126,Normal
ATM_0015,2023-08-15,Tuesday,Morning,51394,11436,Gas Station,0,0,118874,Cloudy,2,37634,2023,8,August,3,39958,43.23401248380638,Normal
ATM_0031,2023-07-31,Monday,Morning,59201,9837,Standalone,0,0,116609,Clear,0,51383,2023,7,July,3,49364,50.76880858252794,Normal
ATM_0036,2022-06-23,Thursday,Afternoon,36413,6168,Gas Station,0,0,98424,Clear,1,36929,2022,6,June,2,30245,36.99605787206372,Normal
ATM_0026,2023-09-24,Sunday,Night,45677,10752,Supermarket,0,0,103152,Rainy,0,46280,2023,9,September,3,34925,44.28125484721576,Normal
ATM_0050,2023-05-21,Sunday,Evening,52924,6021,Gas Station,0,0,127988,Snowy,1,41897,2023,5,May,2,46903,41.35075163296559,Normal
ATM_0003,2022-11-26,Saturday,Night,52821,5744,Mall,0,0,113306,Rainy,4,53042,2022,11,November,4,47077,46.61800787248689,Normal
ATM_0032,2023-07-13,Thursday,Night,83144,1222,Standalone,0,1,109078,Rainy,2,103706,2023,7,July,3,81922,76.22435321513046,Normal
ATM_0030,2023-12-27,Wednesday,Night,36714,6875,Supermarket,0,0,77974,Clear,0,30356,2023,12,December,4,29839,47.08492574447893,Normal
ATM_0028,2023-12-18,Monday,Morning,60982,5677,Gas Station,0,0,131790,Clear,1,53739,2023,12,December,4,55305,46.27209955231808,Normal
ATM_0034,2022-05-05,Thursday,Afternoon,56875,4476,Bank Branch,0,0,119772,Clear,0,59107,2022,5,May,2,52399,47.486056841331866,Normal
ATM_0028,2023-05-23,Tuesday,Afternoon,44282,3955,Supermarket,0,0,88681,Cloudy,3,46234,2023,5,May,2,40327,49.93403322019373,Normal
ATM_0001,2022-10-31,Monday,Morning,40124,7027,Gas Station,0,1,109562,Snowy,4,37410,2022,10,October,4,33097,36.62218652452493,Normal
ATM_0021,2023-09-22,Friday,Evening,41341,21071,Supermarket,0,0,73045,Rainy,2,27900,2023,9,September,3,20270,56.59661852282839,Normal
ATM_0034,2023-12-03,Sunday,Afternoon,45173,9837,Supermarket,0,1,138253,Snowy,4,45094,2023,12,December,4,35336,32.674155352867565,Normal
ATM_0039,2022-09-15,Thursday,Night,30127,12085,Gas Station,0,0,80307,Snowy,5,15725,2022,9,September,3,18042,37.514787004868815,Normal
ATM_0047,2022-05-19,Thursday,Afternoon,68999,5144,Supermarket,0,0,97736,Cloudy,0,71502,2022,5,May,2,63855,70.59732340181714,Normal
ATM_0021,2023-03-03,Friday,Afternoon,41670,12677,Bank Branch,0,0,124180,Clear,2,34550,2023,3,March,1,28993,33.55612820099855,Normal
ATM_0045,2022-07-12,Tuesday,Afternoon,87581,7741,Mall,0,0,137902,Snowy,0,80604,2022,7,July,3,79840,63.50959376948848,Normal
ATM_0004,2023-10-02,Monday,Night,46052,15241,Supermarket,0,0,83236,Snowy,5,42307,2023,10,October,4,30811,55.32702196165121,Normal
ATM_0036,2022-08-20,Saturday,Evening,50045,12923,Mall,0,1,104756,Snowy,2,54486,2022,8,August,3,37122,47.77291992821414,Normal
ATM_0028,2023-08-22,Tuesday,Evening,57194,5363,Standalone,0,0,125768,Cloudy,2,60161,2023,8,August,3,51831,45.47579670504421,Normal
ATM_0036,2023-07-09,Sunday,Afternoon,46495,11009,Mall,0,0,90100,Clear,5,37369,2023,7,July,3,35486,51.60377358490567,Normal
ATM_0014,2022-10-14,Friday,Afternoon,34760,8380,Standalone,0,0,104237,Rainy,4,24993,2022,10,October,4,26380,33.34708404885022,Normal
ATM_0038,2023-10-23,Monday,Night,36770,2786,Standalone,0,0,109601,Snowy,5,36445,2023,10,October,4,33984,33.54896396930685,Normal
ATM_0040,2023-11-16,Thursday,Night,70747,13192,Bank Branch,0,0,133952,Rainy,1,70560,2023,11,November,4,57555,52.81518752986144,Normal
ATM_0006,2023-09-22,Friday,Afternoon,45188,3189,Bank Branch,0,0,86323,Clear,2,51606,2023,9,September,3,41999,52.347578281570385,Normal
ATM_0005,2022-02-23,Wednesday,Afternoon,49862,10303,Supermarket,0,0,138525,Cloudy,5,30485,2022,2,February,1,39559,35.99494676051254,Normal
ATM_0031,2022-12-01,Thursday,Evening,51219,15894,Supermarket,1,0,91298,Rainy,4,43443,2022,12,December,4,35325,56.100900348309935,Normal
ATM_0026,2023-01-22,Sunday,Night,45324,12634,Gas Station,0,0,100151,Snowy,4,34744,2023,1,January,1,32690,45.255663947439366,Normal
ATM_0006,2023-09-12,Tuesday,Afternoon,44713,20741,Bank Branch,0,1,98121,Snowy,5,44911,2023,9,September,3,23972,45.569246134874284,Normal
ATM_0010,2023-03-24,Friday,Night,67445,14640,Gas Station,0,0,104169,Snowy,5,71544,2023,3,March,1,52805,64.74574969520683,Normal
ATM_0008,2023-07-26,Wednesday,Night,14682,10091,Standalone,0,0,124609,Snowy,3,5538,2023,7,July,3,4591,11.782455520869279,Normal
ATM_0050,2023-11-18,Saturday,Evening,57912,6397,Gas Station,0,0,108227,Rainy,3,60050,2023,11,November,4,51515,53.50975264952369,Normal
ATM_0024,2022-07-03,Sunday,Morning,47826,12029,Bank Branch,0,0,100327,Rainy,0,28056,2022,7,July,3,35797,47.67011871181238,Normal
ATM_0038,2022-11-14,Monday,Evening,35195,0,Mall,0,1,108620,Snowy,4,36082,2022,11,November,4,35195,32.40195175842386,Normal
ATM_0001,2023-09-14,Thursday,Evening,25712,13148,Mall,0,0,94681,Cloudy,3,15046,2023,9,September,3,12564,27.156451664008618,Normal
ATM_0003,2023-12-14,Thursday,Evening,58353,6501,Standalone,0,0,95812,Clear,5,50520,2023,12,December,4,51852,60.903644637414935,Normal
ATM_0031,2023-09-15,Friday,Night,79037,10679,Gas Station,0,0,98079,Clear,0,83363,2023,9,September,3,68358,80.58503859133963,Normal
ATM_0024,2022-01-30,Sunday,Afternoon,47029,7818,Bank Branch,0,0,120962,Rainy,0,44633,2022,1,January,1,39211,38.879152130421126,Normal
ATM_0027,2022-05-03,Tuesday,Morning,44237,6189,Gas Station,0,0,151719,Clear,2,44240,2022,5,May,2,38048,29.157191913998904,Normal
ATM_0007,2023-07-12,Wednesday,Evening,56285,2893,Bank Branch,0,0,135045,Clear,2,53649,2023,7,July,3,53392,41.67869969269503,Normal
ATM_0044,2022-11-21,Monday,Afternoon,43114,12908,Supermarket,0,0,104374,Snowy,4,42356,2022,11,November,4,30206,41.307222105121966,Normal
ATM_0001,2023-11-12,Sunday,Night,47497,9940,Gas Station,0,0,80439,Clear,0,43235,2023,11,November,4,37557,59.04722833451436,Normal
ATM_0013,2023-05-29,Monday,Afternoon,60405,17922,Standalone,0,0,84199,Cloudy,0,55759,2023,5,May,2,42483,71.74075701611659,High Risk
ATM_0018,2023-09-16,Saturday,Afternoon,60392,15109,Supermarket,0,0,104224,Clear,2,58814,2023,9,September,3,45283,57.94442738716611,Normal
ATM_0018,2023-07-29,Saturday,Evening,59703,6577,Mall,0,0,73444,Clear,4,65421,2023,7,July,3,53126,81.29050705299275,High Risk
ATM_0030,2022-04-01,Friday,Morning,45672,17577,Mall,0,0,122929,Clear,1,30619,2022,4,April,2,28095,37.15315344629827,Normal
ATM_0021,2023-08-29,Tuesday,Morning,69120,4321,Bank Branch,0,0,110185,Rainy,5,59137,2023,8,August,3,64799,62.73086173254073,Normal
ATM_0024,2023-04-17,Monday,Morning,40758,18085,Bank Branch,0,0,84591,Rainy,5,24933,2023,4,April,2,22673,48.18243075504486,Normal
ATM_0049,2022-05-16,Monday,Evening,53782,148,Mall,0,0,55941,Snowy,1,62117,2022,5,May,2,53634,96.14057667900109,High Risk
ATM_0018,2022-05-24,Tuesday,Evening,46691,11234,Gas Station,0,0,77496,Rainy,2,42922,2022,5,May,2,35457,60.24956126767833,Normal
ATM_0013,2022-07-01,Friday,Evening,58442,9311,Standalone,0,0,115604,Snowy,0,57314,2022,7,July,3,49131,50.55361406179717,Normal
ATM_0032,2022-12-30,Friday,Evening,32386,10341,Standalone,0,0,102526,Cloudy,5,23726,2022,12,December,4,22045,31.588084973567682,Normal
ATM_0044,2022-06-24,Friday,Morning,61946,18319,Supermarket,0,0,93502,Rainy,5,45869,2022,6,June,2,43627,66.25098928365169,Normal
ATM_0028,2022-12-22,Thursday,Evening,62894,11924,Bank Branch,0,0,115971,Snowy,0,57306,2022,12,December,4,50970,54.23252364815342,Normal
ATM_0033,2022-08-04,Thursday,Evening,48988,15968,Bank Branch,0,0,93153,Clear,0,43787,2022,8,August,3,33020,52.588751838373426,Normal
ATM_0034,2023-11-06,Monday,Afternoon,63531,12117,Gas Station,0,0,67905,Snowy,2,57476,2023,11,November,4,51414,93.558648111332,High Risk
ATM_0037,2023-01-22,Sunday,Morning,24690,14156,Standalone,0,0,117431,Snowy,0,16823,2023,1,January,1,10534,21.02511261932539,Normal
ATM_0011,2023-03-08,Wednesday,Night,54907,20186,Standalone,0,0,102941,Clear,1,52362,2023,3,March,1,34721,53.33832000854859,Normal
ATM_0023,2022-11-10,Thursday,Afternoon,57658,11008,Gas Station,0,0,110607,Clear,3,56599,2022,11,November,4,46650,52.128707947959896,Normal
ATM_0040,2023-04-13,Thursday,Night,48206,9827,Gas Station,0,0,118114,Rainy,2,39744,2023,4,April,2,38379,40.813112755473526,Normal
ATM_0047,2023-01-18,Wednesday,Evening,48442,4097,Gas Station,0,0,131840,Snowy,0,50246,2023,1,January,1,44345,36.7430218446602,Normal
ATM_0015,2023-06-04,Sunday,Morning,41183,2783,Gas Station,0,0,112763,Snowy,4,45699,2023,6,June,2,38400,36.52173141899382,Normal
ATM_0026,2023-08-31,Thursday,Morning,76164,13317,Bank Branch,0,0,104095,Snowy,4,60747,2023,8,August,3,62847,73.16777943224939,Normal
ATM_0045,2023-06-21,Wednesday,Afternoon,56137,9440,Supermarket,0,0,90946,Rainy,5,48526,2023,6,June,2,46697,61.725639390407494,Normal
ATM_0022,2022-02-25,Friday,Morning,66615,12833,Standalone,0,0,112886,Rainy,2,46721,2022,2,February,1,53782,59.01086051414701,Normal
ATM_0030,2023-02-10,Friday,Afternoon,52197,8452,Gas Station,0,0,103840,Rainy,1,52077,2023,2,February,1,43745,50.26675654853621,Normal
ATM_0012,2022-11-05,Saturday,Evening,47924,8112,Mall,0,0,163155,Rainy,3,35716,2022,11,November,4,39812,29.373295332659126,Normal
ATM_0006,2022-09-08,Thursday,Afternoon,63601,7743,Supermarket,0,0,97383,Snowy,0,52591,2022,9,September,3,55858,65.31016707228162,Normal
ATM_0031,2022-06-13,Monday,Evening,26459,6815,Mall,0,0,104142,Cloudy,5,27179,2022,6,June,2,19644,25.406656296210944,Normal
ATM_0014,2023-04-29,Saturday,Night,46410,17390,Gas Station,0,0,70352,Clear,3,38361,2023,4,April,2,29020,65.96827382306117,Normal
ATM_0009,2022-11-22,Tuesday,Afternoon,51966,14424,Gas Station,0,0,141024,Snowy,5,48435,2022,11,November,4,37542,36.84904697072839,Normal
ATM_0047,2023-03-11,Saturday,Night,39592,9503,Supermarket,0,0,94551,Cloudy,5,32879,2023,3,March,1,30089,41.873697792725615,Normal
ATM_0048,2023-08-24,Thursday,Morning,63215,12702,Bank Branch,0,0,112381,Rainy,1,61305,2023,8,August,3,50513,56.25061175821535,Normal
ATM_0024,2023-01-06,Friday,Evening,44367,7513,Supermarket,0,0,105881,Cloudy,0,43745,2023,1,January,1,36854,41.90270209008226,Normal
ATM_0042,2022-08-24,Wednesday,Afternoon,64571,3523,Gas Station,0,0,76248,Rainy,2,49916,2022,8,August,3,61048,84.68549994753961,Normal
ATM_0028,2022-04-06,Wednesday,Evening,58683,15078,Gas Station,0,0,103749,Cloudy,1,57208,2022,4,April,2,43605,56.56247289130497,Normal
ATM_0019,2022-11-15,Tuesday,Night,44373,17842,Gas Station,0,0,84239,Cloudy,1,27505,2022,11,November,4,26531,52.67512672277687,Normal
ATM_0011,2023-02-12,Sunday,Morning,59853,8283,Gas Station,0,0,122844,Snowy,5,50939,2023,2,February,1,51570,48.722770342873886,Normal
ATM_0047,2022-04-14,Thursday,Night,38979,14779,Mall,0,0,123670,Rainy,4,31376,2022,4,April,2,24200,31.518557451281637,Normal
ATM_0033,2023-01-29,Sunday,Night,32530,13146,Mall,0,0,94018,Cloudy,3,21924,2023,1,January,1,19384,34.599757493245974,Normal
ATM_0050,2022-02-25,Friday,Evening,60189,6449,Gas Station,0,0,57706,Clear,4,62935,2022,2,February,1,53740,104.30284545801129,High Risk
ATM_0029,2023-05-30,Tuesday,Evening,43641,10316,Gas Station,0,0,94483,Snowy,0,34031,2023,5,May,2,33325,46.189261560280684,Normal
ATM_0012,2023-03-11,Saturday,Night,42288,14488,Mall,0,0,125123,Snowy,5,28499,2023,3,March,1,27800,33.79714361068709,Normal
ATM_0038,2022-09-22,Thursday,Afternoon,67815,12483,Supermarket,0,0,112702,Cloudy,3,53604,2022,9,September,3,55332,60.171957906691986,Normal
ATM_0004,2023-04-21,Friday,Evening,36996,9851,Mall,0,0,109744,Cloudy,3,35219,2023,4,April,2,27145,33.711182388103225,Normal
ATM_0024,2022-02-21,Monday,Evening,61509,10424,Standalone,0,0,113712,Snowy,0,53670,2022,2,February,1,51085,54.091916420430564,Normal
ATM_0035,2022-10-01,Saturday,Afternoon,45974,10406,Standalone,0,0,109691,Clear,3,43168,2022,10,October,4,35568,41.912280861693304,Normal
ATM_0021,2022-11-01,Tuesday,Morning,54012,11325,Supermarket,0,0,87020,Clear,4,40045,2022,11,November,4,42687,62.068490002298326,Normal
ATM_0048,2023-02-10,Friday,Afternoon,33778,11679,Bank Branch,0,0,110327,Clear,1,21366,2023,2,February,1,22099,30.616258939334884,Normal
ATM_0047,2022-05-29,Sunday,Night,31324,7566,Gas Station,0,0,118871,Snowy,3,23831,2022,5,May,2,23758,26.351254721504823,Normal
ATM_0045,2023-09-25,Monday,Afternoon,41810,3251,Supermarket,0,0,128403,Clear,0,45413,2023,9,September,3,38559,32.561544512199866,Normal
ATM_0021,2023-01-17,Tuesday,Morning,58881,6466,Bank Branch,0,0,114391,Clear,3,43215,2023,1,January,1,52415,51.473455079508,Normal
ATM_0033,2022-03-22,Tuesday,Evening,56528,6292,Standalone,0,0,93124,Clear,1,60210,2022,3,March,1,50236,60.70185988574374,Normal
ATM_0048,2022-09-21,Wednesday,Morning,51821,19345,Gas Station,0,1,84914,Rainy,4,43417,2022,9,September,3,32476,61.02762795298773,Normal
ATM_0017,2022-11-07,Monday,Afternoon,47742,6684,Mall,0,0,104157,Cloudy,1,41332,2022,11,November,4,41058,45.83657363403324,Normal
ATM_0049,2023-03-24,Friday,Evening,51988,11479,Bank Branch,0,0,102708,Clear,4,38878,2023,3,March,1,40509,50.617283950617285,Normal
ATM_0026,2022-07-05,Tuesday,Evening,57070,16359,Standalone,0,0,105559,Rainy,0,37566,2022,7,July,3,40711,54.064551577790624,Normal
ATM_0027,2023-11-04,Saturday,Afternoon,37287,15289,Standalone,0,0,101636,Snowy,0,26946,2023,11,November,4,21998,36.686803888386,Normal
ATM_0015,2022-08-19,Friday,Morning,56949,8334,Standalone,0,0,94482,Snowy,5,42433,2022,8,August,3,48615,60.274973010732204,Normal
ATM_0046,2023-09-16,Saturday,Night,31633,0,Supermarket,0,0,92574,Snowy,4,29875,2023,9,September,3,31633,34.17050143668849,Normal
ATM_0025,2023-05-03,Wednesday,Morning,76069,12144,Standalone,0,0,106775,Snowy,3,53251,2023,5,May,2,63925,71.24233200655584,Normal
ATM_0010,2023-04-19,Wednesday,Night,48074,8488,Bank Branch,0,0,110617,Rainy,5,38182,2023,4,April,2,39586,43.45986602420966,Normal
ATM_0025,2022-09-19,Monday,Night,33152,20228,Mall,0,0,110606,Clear,5,23280,2022,9,September,3,12924,29.97305751948357,Normal
ATM_0032,2023-07-29,Saturday,Evening,54567,9417,Mall,0,0,104283,Snowy,2,41793,2023,7,July,3,45150,52.32588245447485,Normal
ATM_0019,2022-11-19,Saturday,Night,35350,10801,Gas Station,0,0,91523,Rainy,4,23598,2022,11,November,4,24549,38.62417097341652,Normal
ATM_0023,2023-08-02,Wednesday,Night,38515,12823,Gas Station,0,1,113689,Clear,2,33871,2023,8,August,3,25692,33.87750793832297,Normal
ATM_0036,2023-05-18,Thursday,Afternoon,46654,11410,Gas Station,0,1,96942,Rainy,3,42801,2023,5,May,2,35244,48.125683398320646,Normal
ATM_0039,2022-05-07,Saturday,Morning,56503,1424,Gas Station,0,0,116518,Clear,4,56487,2022,5,May,2,55079,48.49293671364081,Normal
ATM_0019,2022-07-02,Saturday,Afternoon,33683,9380,Gas Station,0,0,77629,Snowy,1,27161,2022,7,July,3,24303,43.389712607401876,Normal
ATM_0027,2023-09-06,Wednesday,Evening,59642,4978,Standalone,0,0,102536,Clear,5,45648,2023,9,September,3,54664,58.16688772723726,Normal
ATM_0044,2023-10-11,Wednesday,Evening,44504,10883,Supermarket,0,0,100447,Cloudy,1,33259,2023,10,October,4,33621,44.305952392804166,Normal
ATM_0026,2023-05-22,Monday,Night,35200,5057,Standalone,0,0,144818,Cloudy,1,28251,2023,5,May,2,30143,24.30637075501664,Normal
ATM_0012,2023-02-14,Tuesday,Evening,71228,19209,Mall,0,0,97093,Snowy,3,58886,2023,2,February,1,52019,73.36059242169878,Normal
ATM_0042,2022-06-26,Sunday,Morning,55210,9004,Gas Station,0,0,103696,Cloudy,3,55959,2022,6,June,2,46206,53.242169418299646,Normal
ATM_0027,2022-07-13,Wednesday,Morning,53564,3946,Supermarket,0,0,81230,Clear,4,58490,2022,7,July,3,49618,65.94115474578358,High Risk
ATM_0037,2023-02-23,Thursday,Morning,41803,4185,Standalone,0,0,92851,Rainy,4,35931,2023,2,February,1,37618,45.02159373620101,Normal
ATM_0041,2023-04-29,Saturday,Morning,56906,9302,Standalone,0,0,105135,Cloudy,4,49793,2023,4,April,2,47604,54.12659913444619,Normal
ATM_0033,2022-07-17,Sunday,Afternoon,46572,13335,Gas Station,0,0,69098,Rainy,1,44590,2022,7,July,3,33237,67.39992474456568,Normal
ATM_0031,2023-12-31,Sunday,Afternoon,58005,17464,Standalone,1,0,92179,Clear,0,57023,2023,12,December,4,40541,62.926480000867876,Normal
ATM_0014,2023-08-15,Tuesday,Night,72192,14087,Gas Station,0,0,81730,Cloudy,1,55916,2023,8,August,3,58105,88.32986663403891,High Risk
ATM_0012,2023-04-18,Tuesday,Morning,59383,8883,Supermarket,0,0,93855,Rainy,1,62859,2023,4,April,2,50500,63.271003143146345,Normal
ATM_0030,2022-03-13,Sunday,Morning,70536,8873,Mall,0,0,133333,Cloudy,4,57535,2022,3,March,1,61663,52.902132255330635,Normal
ATM_0031,2023-01-30,Monday,Morning,72867,7775,Gas Station,0,1,132021,Clear,5,67763,2023,1,January,1,65092,55.19349194446338,Normal
ATM_0050,2023-09-14,Thursday,Morning,63377,9903,Gas Station,0,0,102032,Clear,2,45187,2023,9,September,3,53474,62.11482672102869,Normal
ATM_0026,2022-02-10,Thursday,Evening,67508,17942,Gas Station,0,0,86300,Cloudy,3,59484,2022,2,February,1,49566,78.22479721900348,High Risk
ATM_0008,2022-04-17,Sunday,Afternoon,62017,12493,Standalone,0,0,61150,Clear,5,44193,2022,4,April,2,49524,101.41782502044154,Normal
ATM_0011,2023-01-11,Wednesday,Night,46960,14900,Standalone,0,0,106103,Rainy,3,29392,2023,1,January,1,32060,44.25888052175716,Normal
ATM_0014,2022-09-28,Wednesday,Morning,67221,0,Standalone,0,0,102976,Clear,3,56993,2022,9,September,3,67221,65.2783172778123,Normal
ATM_0046,2023-05-19,Friday,Afternoon,24490,6326,Standalone,0,0,96110,Cloudy,2,22175,2023,5,May,2,18164,25.481219436062847,Normal
ATM_0029,2023-12-18,Monday,Evening,59988,4821,Supermarket,0,0,117621,Clear,1,66903,2023,12,December,4,55167,51.00109674292855,Normal
ATM_0010,2023-06-19,Monday,Evening,43452,15358,Mall,0,0,105904,Snowy,4,23567,2023,6,June,2,28094,41.02961172382535,Normal
ATM_0024,2024-01-01,Monday,Evening,39808,12445,Standalone,1,1,76404,Rainy,4,50329,2024,1,January,1,27363,52.101984189309455,Normal
ATM_0041,2022-11-09,Wednesday,Night,50495,16734,Gas Station,0,0,115480,Rainy,5,43429,2022,11,November,4,33761,43.72618635261517,Normal
ATM_0045,2022-05-12,Thursday,Afternoon,49887,12016,Supermarket,0,0,63486,Cloudy,2,35702,2022,5,May,2,37871,78.57952934505246,Normal
ATM_0041,2022-08-22,Monday,Morning,69174,9695,Bank Branch,0,0,96133,Rainy,4,46804,2022,8,August,3,59479,71.95656018224751,Normal
ATM_0001,2022-09-23,Friday,Evening,63451,12111,Supermarket,0,0,77427,Cloudy,3,42919,2022,9,September,3,51340,81.94944915856226,Normal
ATM_0040,2022-06-24,Friday,Evening,23832,6548,Bank Branch,0,0,96329,Snowy,4,20668,2022,6,June,2,17284,24.740213227584633,Normal
ATM_0024,2023-01-23,Monday,Night,48275,9489,Bank Branch,0,0,100751,Cloudy,1,33194,2023,1,January,1,38786,47.915157169655885,Normal
ATM_0031,2023-01-24,Tuesday,Morning,56845,8164,Mall,1,0,82068,Snowy,1,57297,2023,1,January,1,48681,69.26573085733781,High Risk
ATM_0015,2022-06-03,Friday,Evening,58601,14614,Supermarket,0,0,89587,Clear,5,50874,2022,6,June,2,43987,65.4123924230078,Normal
ATM_0013,2023-01-01,Sunday,Night,80817,17714,Gas Station,1,0,93284,Clear,5,68347,2023,1,January,1,63103,86.63543587324729,Normal
ATM_0034,2022-08-22,Monday,Afternoon,32680,9463,Standalone,0,0,132113,Cloudy,5,32314,2022,8,August,3,23217,24.73639990008553,Normal
ATM_0007,2022-12-04,Sunday,Morning,70633,7979,Standalone,0,0,140710,Clear,0,52433,2022,12,December,4,62654,50.197569469120886,Normal
ATM_0029,2023-08-04,Friday,Afternoon,79881,13486,Bank Branch,0,0,93049,Rainy,5,76470,2023,8,August,3,66395,85.8483164784146,Normal
ATM_0042,2022-09-08,Thursday,Afternoon,68246,10777,Gas Station,0,0,74742,Snowy,4,47132,2022,9,September,3,57469,91.30876883144684,Normal
ATM_0018,2022-04-04,Monday,Afternoon,31557,8294,Mall,0,1,120439,Rainy,4,34836,2022,4,April,2,23263,26.201645646343792,Normal
ATM_0020,2022-03-04,Friday,Afternoon,35140,8284,Bank Branch,0,0,115179,Cloudy,3,33536,2022,3,March,1,26856,30.509033764835603,Normal
ATM_0007,2023-07-04,Tuesday,Morning,56721,17661,Standalone,0,0,108410,Clear,1,31652,2023,7,July,3,39060,52.32081911262798,Normal
ATM_0031,2022-04-30,Saturday,Night,77721,12700,Mall,0,0,121243,Clear,4,80785,2022,4,April,2,65021,64.10349463474179,Normal
ATM_0038,2022-08-09,Tuesday,Night,45147,18064,Standalone,0,0,114584,Cloudy,0,41026,2022,8,August,3,27083,39.400788940864345,Normal
ATM_0047,2023-03-30,Thursday,Afternoon,48752,16886,Supermarket,0,0,56160,Cloudy,0,32509,2023,3,March,1,31866,86.8091168091168,Normal
ATM_0017,2023-02-21,Tuesday,Evening,28666,13027,Gas Station,0,0,101288,Snowy,4,13769,2023,2,February,1,15639,28.30147697654214,Normal
ATM_0031,2023-06-11,Sunday,Evening,58557,14972,Standalone,0,0,124411,Rainy,2,53374,2023,6,June,2,43585,47.06738150163571,Normal
ATM_0018,2023-11-26,Sunday,Evening,80203,2384,Gas Station,0,0,89371,Rainy,3,90358,2023,11,November,4,77819,89.741638786631,Normal
ATM_0001,2022-11-23,Wednesday,Night,40834,13981,Gas Station,0,0,99967,Clear,3,22040,2022,11,November,4,26853,40.84747966829054,Normal
ATM_0044,2022-11-08,Tuesday,Morning,47342,7854,Gas Station,0,0,65904,Rainy,1,34469,2022,11,November,4,39488,71.83478999757223,Normal
ATM_0050,2022-04-22,Friday,Afternoon,42260,12084,Bank Branch,0,0,113172,Snowy,2,34357,2022,4,April,2,30176,37.34139186371187,Normal
ATM_0050,2023-06-28,Wednesday,Night,53482,8524,Mall,0,0,90742,Rainy,4,54612,2023,6,June,2,44958,58.93852901633202,Normal
ATM_0044,2022-06-08,Wednesday,Evening,70967,15955,Bank Branch,0,0,89170,Cloudy,1,65649,2022,6,June,2,55012,79.58618369406751,Normal
ATM_0011,2023-09-17,Sunday,Afternoon,48469,14694,Standalone,0,1,98722,Cloudy,5,42783,2023,9,September,3,33775,49.09645266505946,Normal
ATM_0039,2023-03-03,Friday,Evening,54089,11711,Bank Branch,0,1,78026,Cloudy,2,45226,2023,3,March,1,42378,69.32176454002513,Normal
ATM_0024,2022-05-29,Sunday,Evening,50668,15524,Standalone,0,0,92449,Snowy,3,45771,2022,5,May,2,35144,54.80643381756428,Normal
ATM_0020,2023-03-12,Sunday,Night,68864,7332,Gas Station,0,0,79467,Cloudy,0,50930,2023,3,March,1,61532,86.65735462519034,Normal
ATM_0027,2022-12-29,Thursday,Afternoon,43127,8919,Gas Station,0,0,106679,Clear,5,29279,2022,12,December,4,34208,40.42688814105869,Normal
ATM_0013,2022-08-02,Tuesday,Evening,47432,9669,Standalone,0,0,65815,Clear,2,34106,2022,8,August,3,37763,72.06867735318696,Normal
ATM_0028,2023-01-27,Friday,Evening,55875,9553,Supermarket,0,0,132205,Rainy,1,45588,2023,1,January,1,46322,42.26390832419349,Normal
ATM_0040,2023-05-31,Wednesday,Night,59271,11732,Standalone,0,0,79831,Rainy,1,52442,2023,5,May,2,47539,74.24559381693828,Normal
ATM_0021,2023-05-07,Sunday,Night,27053,0,Mall,0,0,90835,Cloudy,5,32314,2023,5,May,2,27053,29.782572796829417,Normal
ATM_0046,2023-05-14,Sunday,Afternoon,74962,7619,Standalone,0,1,90187,Cloudy,0,72192,2023,5,May,2,67343,83.11840952687194,Normal
ATM_0007,2022-02-27,Sunday,Evening,45758,15262,Standalone,0,0,63141,Cloudy,2,28993,2022,2,February,1,30496,72.4695522718994,Normal
ATM_0008,2023-04-29,Saturday,Afternoon,53709,14432,Mall,0,0,70975,Cloudy,1,46985,2023,4,April,2,39277,75.67312433955618,Normal
ATM_0010,2023-08-27,Sunday,Evening,36135,16065,Supermarket,0,0,110657,Clear,3,29320,2023,8,August,3,20070,32.65496082489133,Normal
ATM_0016,2022-12-02,Friday,Evening,68098,11345,Supermarket,0,0,81996,Snowy,5,50015,2022,12,December,4,56753,83.05039270208303,Normal
ATM_0002,2022-05-24,Tuesday,Morning,43798,14694,Standalone,0,1,69404,Snowy,3,42444,2022,5,May,2,29104,63.10587286035387,Normal
ATM_0048,2022-08-08,Monday,Afternoon,42626,6864,Standalone,0,0,64638,Cloudy,2,45233,2022,8,August,3,35762,65.94572851882793,Normal
ATM_0022,2022-07-23,Saturday,Evening,50293,10344,Standalone,0,0,97347,Clear,1,38298,2022,7,July,3,39949,51.663636270249725,Normal
ATM_0008,2023-10-20,Friday,Night,58045,1644,Gas Station,0,0,83232,Cloudy,0,55631,2023,10,October,4,56401,69.73880238369857,High Risk
ATM_0034,2022-03-03,Thursday,Evening,31810,9932,Mall,0,0,77865,Clear,4,20122,2022,3,March,1,21878,40.852757978552624,Normal
ATM_0021,2023-07-06,Thursday,Night,55751,5044,Standalone,0,0,126595,Clear,5,60877,2023,7,July,3,50707,44.038864094158534,Normal
ATM_0005,2023-08-02,Wednesday,Morning,24866,5967,Supermarket,0,0,133544,Rainy,4,17758,2023,8,August,3,18899,18.620080273168394,Normal
ATM_0006,2023-08-11,Friday,Night,53286,7623,Supermarket,0,0,83282,Rainy,0,38102,2023,8,August,3,45663,63.98261328978651,Normal
ATM_0050,2023-12-02,Saturday,Night,33561,23841,Standalone,0,0,94968,Rainy,5,17679,2023,12,December,4,9720,35.33927217589083,Normal
ATM_0022,2022-03-16,Wednesday,Afternoon,59166,6167,Supermarket,0,0,81337,Cloudy,0,50044,2022,3,March,1,52999,72.7418026236522,Normal
ATM_0026,2023-08-12,Saturday,Evening,60102,18936,Mall,0,0,91320,Cloudy,0,47500,2023,8,August,3,41166,65.81471747700394,Normal
ATM_0001,2022-08-19,Friday,Evening,34984,15165,Gas Station,0,0,86971,Rainy,4,17238,2022,8,August,3,19819,40.2249025537248,Normal
ATM_0044,2022-12-01,Thursday,Night,21999,7877,Bank Branch,1,0,107952,Snowy,5,18541,2022,12,December,4,14122,20.378501556247222,Normal
ATM_0037,2022-06-06,Monday,Afternoon,43058,8464,Bank Branch,0,0,122871,Rainy,0,41991,2022,6,June,2,34594,35.04325674894808,Normal
ATM_0002,2023-07-01,Saturday,Morning,51597,10988,Bank Branch,0,0,49567,Clear,2,47895,2023,7,July,3,40609,104.0954667419856,Normal
ATM_0021,2022-08-24,Wednesday,Afternoon,50301,14458,Bank Branch,0,0,86552,Cloudy,2,42587,2022,8,August,3,35843,58.11650799519364,Normal
ATM_0015,2022-08-11,Thursday,Evening,55047,19765,Mall,0,0,80102,Cloudy,0,39297,2022,8,August,3,35282,68.72113055853787,Normal
ATM_0025,2022-01-27,Thursday,Night,38602,6449,Bank Branch,0,0,102599,Cloudy,3,38718,2022,1,January,1,32153,37.62414838351251,Normal
ATM_0026,2022-07-23,Saturday,Afternoon,34054,12671,Gas Station,0,0,64631,Clear,0,26032,2022,7,July,3,21383,52.68988565858489,Normal
ATM_0012,2023-06-03,Saturday,Morning,62452,11864,Bank Branch,0,0,104403,Clear,3,50961,2023,6,June,2,50588,59.81820445772631,Normal
ATM_0048,2023-09-12,Tuesday,Evening,65485,15390,Standalone,0,0,98275,Rainy,0,46918,2023,9,September,3,50095,66.6344441617909,Normal
ATM_0033,2023-01-04,Wednesday,Night,45728,5013,Standalone,0,0,90722,Cloudy,0,38417,2023,1,January,1,40715,50.4045325279425,Normal
ATM_0001,2023-01-25,Wednesday,Night,33527,7755,Gas Station,1,1,91877,Clear,2,36170,2023,1,January,1,25772,36.491178423326836,Normal
ATM_0024,2022-11-14,Monday,Morning,28317,11809,Gas Station,0,1,84051,Snowy,1,30316,2022,11,November,4,16508,33.69025948531249,Normal
ATM_0045,2022-03-28,Monday,Night,66117,17053,Gas Station,0,0,93805,Snowy,5,63521,2022,3,March,1,49064,70.48344970950376,Normal
ATM_0042,2022-11-28,Monday,Morning,57642,9063,Bank Branch,0,0,127829,Rainy,4,55207,2022,11,November,4,48579,45.093054001830566,Normal
ATM_0001,2022-05-12,Thursday,Afternoon,46816,5327,Bank Branch,0,0,101551,Clear,0,43740,2022,5,May,2,41489,46.10097389489025,Normal
ATM_0039,2022-08-03,Wednesday,Evening,50465,9191,Standalone,0,0,106617,Rainy,3,55310,2022,8,August,3,41274,47.33297691737716,Normal
ATM_0012,2022-06-28,Tuesday,Afternoon,61246,13046,Bank Branch,0,0,93362,Clear,1,59108,2022,6,June,2,48200,65.60056554058397,Normal
ATM_0002,2023-05-25,Thursday,Afternoon,34892,10841,Standalone,0,0,56773,Snowy,2,29440,2023,5,May,2,24051,61.45879203142339,Normal
ATM_0040,2022-11-25,Friday,Morning,57238,8024,Mall,0,0,106180,Cloudy,0,43555,2022,11,November,4,49214,53.90657374270107,Normal
ATM_0048,2022-05-28,Saturday,Night,71359,17068,Mall,0,0,99416,Rainy,1,52698,2022,5,May,2,54291,71.77818459805263,Normal
ATM_0007,2022-01-16,Sunday,Evening,52089,8384,Bank Branch,0,0,126711,Clear,0,47118,2022,1,January,1,43705,41.108506759476285,Normal
ATM_0031,2023-04-21,Friday,Night,27412,9750,Supermarket,0,0,88201,Clear,2,18276,2023,4,April,2,17662,31.079012709606467,Normal
ATM_0031,2023-04-26,Wednesday,Evening,54965,0,Bank Branch,0,0,124436,Snowy,4,58805,2023,4,April,2,54965,44.171300909704584,Normal
ATM_0043,2022-04-09,Saturday,Night,49966,4662,Gas Station,0,0,74818,Rainy,1,36893,2022,4,April,2,45304,66.78339437033868,Normal
ATM_0015,2023-06-12,Monday,Afternoon,34920,6384,Bank Branch,0,0,107332,Clear,5,22540,2023,6,June,2,28536,32.53456564677822,Normal
ATM_0007,2023-02-18,Saturday,Evening,38064,18732,Supermarket,0,0,120543,Rainy,2,28484,2023,2,February,1,19332,31.57711356113586,Normal
ATM_0012,2023-11-07,Tuesday,Evening,62125,8909,Standalone,0,0,99374,Cloudy,5,65583,2023,11,November,4,53216,62.516352365809965,Normal
ATM_0038,2023-06-17,Saturday,Evening,59553,7624,Bank Branch,0,0,89340,Snowy,5,42441,2023,6,June,2,51929,66.65883143049027,Normal
ATM_0010,2023-08-17,Thursday,Morning,59598,13576,Gas Station,0,0,92132,Rainy,1,40846,2023,8,August,3,46022,64.6876221074111,Normal
ATM_0001,2022-05-27,Friday,Morning,26192,8963,Bank Branch,0,0,112470,Snowy,0,16555,2022,5,May,2,17229,23.28798790788655,Normal
ATM_0037,2023-05-08,Monday,Night,77081,4010,Standalone,0,0,91468,Cloudy,3,83251,2023,5,May,2,73071,84.27100188043906,Normal
ATM_0014,2023-04-10,Monday,Evening,49475,5463,Supermarket,0,0,111173,Snowy,5,52889,2023,4,April,2,44012,44.5027119894219,Normal
ATM_0050,2023-06-11,Sunday,Evening,43930,3878,Standalone,0,1,82144,Rainy,2,48455,2023,6,June,2,40052,53.479255940786906,Normal
ATM_0022,2023-05-15,Monday,Night,51616,8750,Mall,0,0,105842,Snowy,4,46751,2023,5,May,2,42866,48.767030101472,Normal
ATM_0017,2022-03-06,Sunday,Evening,54203,14343,Gas Station,0,0,100462,Rainy,0,51098,2022,3,March,1,39860,53.95373375007465,Normal
ATM_0015,2023-04-14,Friday,Morning,35330,6937,Mall,0,0,60419,Snowy,1,36853,2023,4,April,2,28393,58.47498303513795,Normal
ATM_0023,2022-11-11,Friday,Night,80402,14313,Gas Station,0,0,83398,Clear,4,57924,2022,11,November,4,66089,96.40758771193553,High Risk
ATM_0012,2023-02-12,Sunday,Afternoon,73138,2900,Bank Branch,0,0,102289,Rainy,0,68823,2023,2,February,1,70238,71.50133445434015,Normal
ATM_0013,2022-12-29,Thursday,Afternoon,48372,1208,Supermarket,0,0,94977,Clear,4,40835,2022,12,December,4,47164,50.93022521241984,Normal
ATM_0024,2023-07-07,Friday,Afternoon,35417,10397,Supermarket,0,0,128683,Rainy,0,26129,2023,7,July,3,25020,27.52267199241547,Normal
ATM_0044,2022-06-19,Sunday,Afternoon,23908,8091,Bank Branch,0,0,114802,Cloudy,1,22774,2022,6,June,2,15817,20.825421159910107,Normal
ATM_0018,2022-02-20,Sunday,Night,40613,11149,Standalone,0,0,115555,Cloudy,3,30331,2022,2,February,1,29464,35.146034355934404,Normal
ATM_0030,2022-11-26,Saturday,Afternoon,39015,15227,Standalone,0,0,95971,Snowy,5,23149,2022,11,November,4,23788,40.65290556522283,Normal
ATM_0036,2023-11-16,Thursday,Evening,48556,11294,Bank Branch,0,1,110736,Clear,0,36884,2023,11,November,4,37262,43.84843230747002,Normal
ATM_0049,2023-02-25,Saturday,Afternoon,31256,17168,Bank Branch,0,0,62806,Rainy,1,18746,2023,2,February,1,14088,49.765945928732926,Normal
ATM_0026,2022-06-13,Monday,Night,39727,9528,Gas Station,0,0,108247,Rainy,2,32661,2022,6,June,2,30199,36.70032425840901,Normal
ATM_0005,2022-08-20,Saturday,Evening,73642,0,Bank Branch,0,0,100632,Clear,5,81212,2022,8,August,3,73642,73.1795055250815,Normal
ATM_0048,2023-08-23,Wednesday,Afternoon,51809,15220,Bank Branch,0,0,111676,Snowy,2,43810,2023,8,August,3,36589,46.39224184247287,Normal
ATM_0001,2023-10-15,Sunday,Morning,43471,2539,Supermarket,0,0,125904,Clear,5,47614,2023,10,October,4,40932,34.5271000127081,Normal
ATM_0039,2023-04-28,Friday,Afternoon,42796,11344,Gas Station,0,0,104186,Clear,4,41497,2023,4,April,2,31452,41.07653619488223,Normal
ATM_0048,2023-09-17,Sunday,Night,49324,5369,Bank Branch,0,0,75811,Snowy,2,47573,2023,9,September,3,43955,65.0617984197544,Normal
ATM_0003,2023-01-26,Thursday,Evening,50988,18325,Mall,0,0,94644,Cloudy,4,28982,2023,1,January,1,32663,53.873462660073535,Normal
ATM_0011,2023-12-28,Thursday,Night,69840,19240,Standalone,0,0,119814,Clear,0,68127,2023,12,December,4,50600,58.290350042565976,Normal
ATM_0047,2023-09-10,Sunday,Evening,43944,14145,Bank Branch,0,0,52178,Cloudy,5,23929,2023,9,September,3,29799,84.21940281344628,Normal
ATM_0028,2023-03-08,Wednesday,Morning,34702,14896,Mall,0,0,95006,Snowy,5,18861,2023,3,March,1,19806,36.52611414015957,Normal
ATM_0047,2022-10-10,Monday,Evening,77718,15952,Supermarket,0,0,95986,Snowy,2,69187,2022,10,October,4,61766,80.9680578417686,Normal
ATM_0006,2022-01-14,Friday,Morning,43929,14768,Gas Station,0,0,143436,Cloudy,1,30751,2022,1,January,1,29161,30.62620262695558,Normal
ATM_0038,2023-03-21,Tuesday,Evening,32165,12208,Mall,0,1,103512,Cloudy,4,32159,2023,3,March,1,19957,31.073691939098847,Normal
ATM_0039,2023-08-03,Thursday,Night,47720,2371,Supermarket,0,0,88060,Cloudy,0,54741,2023,8,August,3,45349,54.190324778560075,Normal
ATM_0039,2022-04-21,Thursday,Morning,62302,7661,Supermarket,0,0,84035,Rainy,2,55928,2022,4,April,2,54641,74.13815672041412,High Risk
ATM_0038,2023-11-20,Monday,Night,65278,11643,Gas Station,0,0,88523,Clear,2,48611,2023,11,November,4,53635,73.74128757498052,Normal
ATM_0042,2023-03-27,Monday,Night,71129,9371,Supermarket,0,0,113425,Clear,3,60020,2023,3,March,1,61758,62.71016089927265,Normal
ATM_0041,2023-03-19,Sunday,Morning,61190,11803,Bank Branch,0,0,101445,Clear,5,45619,2023,3,March,1,49387,60.31839913253487,Normal
ATM_0022,2022-04-12,Tuesday,Evening,43543,20042,Gas Station,0,0,70552,Cloudy,2,28450,2022,4,April,2,23501,61.717598367161806,Normal
ATM_0023,2023-12-01,Friday,Evening,61009,8414,Standalone,1,1,83931,Rainy,2,72658,2023,12,December,4,52595,72.6894711131763,High Risk
ATM_0029,2022-02-18,Friday,Evening,57050,10516,Gas Station,0,0,80271,Snowy,1,47783,2022,2,February,1,46534,71.0717444656227,Normal
ATM_0014,2023-07-26,Wednesday,Evening,57752,8120,Gas Station,0,0,88778,Rainy,3,50085,2023,7,July,3,49632,65.052152560319,Normal
ATM_0006,2022-12-08,Thursday,Evening,56075,5772,Supermarket,0,0,67794,Rainy,2,42056,2022,12,December,4,50303,82.71380948166505,Normal
ATM_0020,2022-04-14,Thursday,Morning,61297,4589,Gas Station,0,0,93226,Cloudy,5,54540,2022,4,April,2,56708,65.75097075923026,Normal
ATM_0012,2023-01-27,Friday,Afternoon,27011,11346,Standalone,0,0,122989,Cloudy,2,20963,2023,1,January,1,15665,21.96212669425721,Normal
ATM_0022,2023-03-25,Saturday,Evening,26384,0,Bank Branch,0,1,115970,Snowy,0,31959,2023,3,March,1,26384,22.75071139087695,Normal
ATM_0008,2022-07-14,Thursday,Evening,68785,15682,Supermarket,0,0,102062,Snowy,4,59695,2022,7,July,3,53103,67.39530873390684,Normal
ATM_0035,2022-07-02,Saturday,Night,43228,12848,Supermarket,0,0,93516,Rainy,0,35012,2022,7,July,3,30380,46.22524487788186,Normal
ATM_0006,2023-12-30,Saturday,Night,52853,8101,Standalone,0,0,117143,Snowy,4,47262,2023,12,December,4,44752,45.11835961175657,Normal
ATM_0023,2023-02-11,Saturday,Afternoon,72869,2866,Gas Station,0,0,109982,Snowy,4,83453,2023,2,February,1,70003,66.25538724518557,Normal
ATM_0037,2022-03-26,Saturday,Evening,42511,633,Bank Branch,0,0,90992,Clear,1,38456,2022,3,March,1,41878,46.719491823457005,Normal
ATM_0036,2022-06-08,Wednesday,Evening,56102,15135,Mall,0,0,87042,Rainy,1,34469,2022,6,June,2,40967,64.45394177523495,Normal
ATM_0015,2023-03-27,Monday,Afternoon,52732,14459,Bank Branch,0,0,75459,Rainy,0,44288,2023,3,March,1,38273,69.88165758888934,Normal
ATM_0040,2023-05-10,Wednesday,Night,39801,5684,Gas Station,0,0,140802,Rainy,3,34878,2023,5,May,2,34117,28.26735415690118,Normal
ATM_0012,2023-06-16,Friday,Night,45527,6539,Supermarket,0,0,98635,Cloudy,5,45856,2023,6,June,2,38988,46.15704364576469,Normal
ATM_0017,2023-12-25,Monday,Evening,28899,6944,Standalone,1,0,95185,Snowy,1,30066,2023,12,December,4,21955,30.36087618847507,Normal
ATM_0021,2023-07-08,Saturday,Evening,53967,10318,Mall,0,1,95663,Rainy,2,50230,2023,7,July,3,43649,56.413660453884994,Normal
ATM_0045,2022-09-10,Saturday,Afternoon,45608,11574,Mall,0,1,104299,Cloudy,4,38046,2022,9,September,3,34034,43.72812778646008,Normal
ATM_0021,2022-04-18,Monday,Afternoon,66851,13384,Standalone,0,0,103857,Rainy,3,64126,2022,4,April,2,53467,64.3683141242285,Normal
ATM_0018,2023-08-12,Saturday,Morning,72776,13034,Gas Station,0,0,63161,Cloudy,4,61868,2023,8,August,3,59742,115.22300153575782,High Risk
ATM_0028,2022-03-08,Tuesday,Afternoon,49220,11406,Mall,0,0,93100,Clear,2,46849,2022,3,March,1,37814,52.867883995703544,Normal
ATM_0031,2023-12-25,Monday,Afternoon,53405,9432,Mall,1,0,92348,Clear,5,55490,2023,12,December,4,43973,57.830164161649414,Normal
ATM_0018,2023-08-07,Monday,Evening,52806,11942,Mall,0,0,79454,Cloudy,3,48330,2023,8,August,3,40864,66.46109698693584,Normal
ATM_0046,2022-05-17,Tuesday,Night,25982,4868,Bank Branch,0,0,131788,Snowy,4,21012,2022,5,May,2,21114,19.714996813063404,Normal
ATM_0045,2023-11-22,Wednesday,Evening,44036,3077,Standalone,0,0,119754,Cloudy,1,46697,2023,11,November,4,40959,36.7720493678708,Normal
ATM_0050,2023-07-07,Friday,Evening,38365,585,Mall,0,1,69528,Clear,5,52429,2023,7,July,3,37780,55.17920837648141,Normal
ATM_0049,2023-01-02,Monday,Morning,57271,8491,Mall,0,0,150607,Cloudy,5,42137,2023,1,January,1,48780,38.02678494359492,Normal
ATM_0011,2022-07-19,Tuesday,Afternoon,46581,10619,Supermarket,0,0,112299,Rainy,1,35052,2022,7,July,3,35962,41.47944327197927,Normal
ATM_0002,2023-10-27,Friday,Night,46310,12233,Mall,0,0,111741,Clear,3,29723,2023,10,October,4,34077,41.44405365980258,Normal
ATM_0037,2023-12-19,Tuesday,Night,50098,17789,Gas Station,0,0,119852,Cloudy,1,35430,2023,12,December,4,32309,41.799886526716286,Normal
ATM_0022,2022-07-07,Thursday,Morning,34296,13389,Standalone,0,0,74305,Cloudy,2,14362,2022,7,July,3,20907,46.155709575398696,Normal
ATM_0032,2022-04-03,Sunday,Afternoon,45034,12273,Standalone,0,0,98676,Rainy,2,28814,2022,4,April,2,32761,45.63825043576959,Normal
ATM_0042,2023-10-11,Wednesday,Morning,58922,6933,Standalone,0,0,93507,Clear,4,64492,2023,10,October,4,51989,63.013464232624294,Normal
ATM_0017,2022-01-21,Friday,Morning,53565,10515,Supermarket,0,0,100479,Snowy,0,51471,2022,1,January,1,43050,53.30964679186696,Normal
ATM_0011,2022-01-02,Sunday,Morning,38740,8502,Mall,0,0,100043,Snowy,0,38394,2022,1,January,1,30238,38.723348959947224,Normal
ATM_0037,2023-07-31,Monday,Evening,29373,3612,Mall,0,1,123131,Rainy,5,31505,2023,7,July,3,25761,23.8550811737093,Normal
ATM_0040,2023-05-26,Friday,Afternoon,70364,9282,Supermarket,0,0,108370,Snowy,0,52557,2023,5,May,2,61082,64.92940850788965,Normal
ATM_0044,2022-06-08,Wednesday,Evening,42550,14615,Supermarket,0,0,108121,Cloudy,5,28642,2022,6,June,2,27935,39.35405702869933,Normal
ATM_0050,2022-07-01,Friday,Afternoon,28095,10939,Gas Station,0,0,111449,Clear,4,16102,2022,7,July,3,17156,25.20883991780994,Normal
ATM_0008,2022-11-16,Wednesday,Evening,59764,6589,Mall,0,0,123046,Rainy,4,59486,2022,11,November,4,53175,48.57045332639826,Normal
ATM_0034,2022-06-21,Tuesday,Morning,33865,11682,Gas Station,0,0,90846,Rainy,4,20153,2022,6,June,2,22183,37.27737049512362,Normal
ATM_0022,2023-04-11,Tuesday,Night,65700,9366,Gas Station,0,1,88977,Clear,2,63266,2023,4,April,2,56334,73.83930678714724,Normal
ATM_0016,2023-01-10,Tuesday,Afternoon,52973,11626,Bank Branch,0,1,102970,Cloudy,1,49501,2023,1,January,1,41347,51.44508109158007,Normal
ATM_0026,2022-02-12,Saturday,Evening,45474,13516,Mall,0,1,64524,Cloudy,5,42421,2022,2,February,1,31958,70.4761019155663,Normal
ATM_0046,2023-08-29,Tuesday,Morning,28628,8937,Supermarket,0,0,93958,Snowy,4,28244,2023,8,August,3,19691,30.46893292747824,Normal
ATM_0037,2023-08-12,Saturday,Night,73811,11999,Supermarket,0,0,103317,Snowy,2,67410,2023,8,August,3,61812,71.44129233330429,Normal
ATM_0009,2023-04-04,Tuesday,Afternoon,43134,15357,Standalone,0,1,77804,Cloudy,3,41299,2023,4,April,2,27777,55.43930903295461,Normal
ATM_0028,2023-01-22,Sunday,Morning,54848,10964,Gas Station,0,0,133529,Clear,2,45944,2023,1,January,1,43884,41.0757213788765,Normal
ATM_0036,2023-05-11,Thursday,Night,62340,11676,Standalone,0,0,103606,Snowy,5,61367,2023,5,May,2,50664,60.17026040962878,Normal
ATM_0045,2022-02-26,Saturday,Morning,35657,9742,Bank Branch,0,1,107507,Snowy,4,30530,2022,2,February,1,25915,33.1671426046676,Normal
ATM_0048,2023-08-08,Tuesday,Afternoon,64007,12516,Standalone,0,0,146112,Clear,0,47750,2023,8,August,3,51491,43.80680573806395,Normal
ATM_0020,2023-01-30,Monday,Afternoon,34766,10786,Standalone,0,1,119530,Clear,5,27775,2023,1,January,1,23980,29.08558520873421,Normal
ATM_0028,2023-06-05,Monday,Afternoon,18917,8975,Supermarket,0,0,88735,Clear,1,14190,2023,6,June,2,9942,21.31853270975376,Normal
ATM_0007,2023-04-14,Friday,Afternoon,39470,9333,Bank Branch,0,0,104109,Clear,5,28793,2023,4,April,2,30137,37.912188187380536,Normal
ATM_0014,2023-05-23,Tuesday,Afternoon,51714,10009,Supermarket,0,0,78213,Clear,0,50592,2023,5,May,2,41705,66.11944305933795,Normal
ATM_0025,2022-07-30,Saturday,Morning,66626,5967,Standalone,0,0,90815,Rainy,5,54951,2022,7,July,3,60659,73.3645322909211,Normal
ATM_0022,2022-07-01,Friday,Night,24679,6996,Bank Branch,0,0,110450,Cloudy,0,23298,2022,7,July,3,17683,22.344047080126757,Normal
ATM_0010,2022-05-26,Thursday,Afternoon,40202,4905,Supermarket,0,0,83706,Cloudy,5,32874,2022,5,May,2,35297,48.02762048120804,Normal
ATM_0037,2023-12-29,Friday,Evening,82482,15273,Bank Branch,0,1,120495,Snowy,3,72471,2023,12,December,4,67209,68.45263288933151,Normal
ATM_0045,2022-01-11,Tuesday,Night,67528,4465,Gas Station,0,0,126690,Rainy,3,56697,2022,1,January,1,63063,53.30176020206804,Normal
ATM_0017,2023-09-07,Thursday,Morning,43535,8806,Gas Station,0,0,105368,Cloudy,1,33966,2023,9,September,3,34729,41.31709817022246,Normal
ATM_0043,2023-12-08,Friday,Afternoon,53764,5859,Mall,0,0,113713,Clear,1,48354,2023,12,December,4,47905,47.28043407525965,Normal
ATM_0032,2022-03-10,Thursday,Afternoon,60301,6790,Supermarket,0,0,88612,Snowy,5,52492,2022,3,March,1,53511,68.05060262718368,Normal
ATM_0046,2023-12-13,Wednesday,Night,58875,12778,Standalone,0,0,141081,Snowy,4,53371,2023,12,December,4,46097,41.73134582261254,Normal
ATM_0017,2022-04-22,Friday,Morning,57962,4634,Gas Station,0,0,102311,Rainy,0,57263,2022,4,April,2,53328,56.65275483574591,Normal
ATM_0036,2023-05-25,Thursday,Afternoon,49553,11898,Bank Branch,0,0,93770,Clear,3,34176,2023,5,May,2,37655,52.845259677935374,Normal
ATM_0031,2022-04-22,Friday,Morning,50879,3860,Bank Branch,0,0,93601,Cloudy,1,46395,2022,4,April,2,47019,54.35732524225168,Normal
ATM_0006,2023-12-12,Tuesday,Morning,70862,19480,Bank Branch,0,0,72783,Snowy,3,40292,2023,12,December,4,51382,97.36064740392673,Normal
ATM_0048,2022-05-27,Friday,Night,33358,18563,Supermarket,0,0,100919,Rainy,1,17562,2022,5,May,2,14795,33.0542316114904,Normal
ATM_0047,2022-11-22,Tuesday,Morning,46361,4003,Supermarket,0,0,108953,Rainy,2,37338,2022,11,November,4,42358,42.55137536368893,Normal
ATM_0017,2022-06-29,Wednesday,Evening,47895,8322,Gas Station,0,0,105119,Clear,3,43832,2022,6,June,2,39573,45.56264804649968,Normal
ATM_0025,2022-06-06,Monday,Evening,33211,8184,Supermarket,0,0,95671,Rainy,5,21778,2022,6,June,2,25027,34.713758610237164,Normal
ATM_0013,2022-12-10,Saturday,Night,43348,8648,Mall,0,0,132257,Clear,1,37778,2022,12,December,4,34700,32.77558087662657,Normal
ATM_0039,2023-06-26,Monday,Evening,64199,4413,Supermarket,0,0,99170,Snowy,0,55122,2023,6,June,2,59786,64.73631138449127,Normal
ATM_0008,2023-12-03,Sunday,Morning,59548,21613,Gas Station,0,0,121236,Clear,4,51491,2023,12,December,4,37935,49.117423867498104,Normal
ATM_0047,2022-06-23,Thursday,Evening,71210,6410,Standalone,0,0,115917,Clear,5,70188,2022,6,June,2,64800,61.431886608521616,Normal
ATM_0015,2022-01-07,Friday,Night,69740,7306,Mall,0,0,96258,Cloudy,4,67885,2022,1,January,1,62434,72.45112094579152,Normal
ATM_0008,2022-08-18,Thursday,Morning,51431,1405,Supermarket,0,0,120939,Clear,5,40779,2022,8,August,3,50026,42.52639760540438,Normal
ATM_0031,2023-08-09,Wednesday,Night,37484,8827,Standalone,0,0,113765,Cloudy,3,27656,2023,8,August,3,28657,32.9486221597152,Normal
ATM_0048,2022-09-01,Thursday,Night,58216,13284,Supermarket,0,0,85553,Cloudy,3,57243,2022,9,September,3,44932,68.04670788867719,High Risk
ATM_0010,2023-04-11,Tuesday,Evening,54680,14291,Bank Branch,0,0,74740,Rainy,3,38021,2023,4,April,2,40389,73.16028900187315,Normal
ATM_0017,2022-06-14,Tuesday,Evening,21332,7162,Mall,0,0,136030,Snowy,1,16199,2022,6,June,2,14170,15.681834889362642,Normal
ATM_0003,2023-04-16,Sunday,Night,47105,1089,Supermarket,0,0,53139,Cloudy,1,52357,2023,4,April,2,46016,88.64487476241555,Normal
ATM_0041,2022-12-28,Wednesday,Afternoon,40789,14339,Gas Station,0,0,104548,Cloudy,3,33210,2022,12,December,4,26450,39.01461529632322,Normal
ATM_0047,2023-04-09,Sunday,Night,36652,5196,Gas Station,0,0,105082,Snowy,2,27569,2023,4,April,2,31456,34.87942749471841,Normal
ATM_0043,2023-02-13,Monday,Afternoon,60455,11959,Supermarket,0,0,79308,Rainy,5,55028,2023,2,February,1,48496,76.22812326625309,High Risk
ATM_0013,2023-08-06,Sunday,Afternoon,33940,6078,Supermarket,0,0,113769,Cloudy,4,29677,2023,8,August,3,27862,29.83237964647663,Normal
ATM_0049,2023-02-23,Thursday,Evening,46482,7566,Standalone,0,0,99795,Rainy,3,32561,2023,2,February,1,38916,46.577483841875846,Normal
ATM_0007,2023-07-10,Monday,Night,36311,13506,Standalone,0,1,116905,Cloudy,0,30237,2023,7,July,3,22805,31.060262606389806,Normal
ATM_0013,2022-08-11,Thursday,Evening,59056,18371,Supermarket,0,0,81981,Cloudy,4,46995,2022,8,August,3,40685,72.03620351056952,Normal
ATM_0028,2022-07-04,Monday,Night,34809,1200,Mall,0,0,91084,Cloudy,4,36351,2022,7,July,3,33609,38.21637170084757,Normal
ATM_0043,2022-06-26,Sunday,Evening,42444,4035,Supermarket,0,0,92145,Cloudy,4,35859,2022,6,June,2,38409,46.06218460035813,Normal
ATM_0013,2022-06-04,Saturday,Night,35285,6145,Standalone,0,0,128672,Rainy,3,27059,2022,6,June,2,29140,27.42243844814723,Normal
ATM_0021,2023-09-18,Monday,Morning,52871,15971,Mall,0,0,126022,Clear,0,40972,2023,9,September,3,36900,41.95378584691562,Normal
ATM_0001,2022-02-24,Thursday,Evening,57436,13221,Mall,0,0,86430,Snowy,1,40364,2022,2,February,1,44215,66.45377762351036,Normal
ATM_0048,2022-06-04,Saturday,Afternoon,45417,7013,Standalone,0,0,102208,Snowy,4,36306,2022,6,June,2,38404,44.43585629304947,Normal
ATM_0021,2023-08-21,Monday,Night,65012,6091,Gas Station,0,0,83047,Rainy,2,65639,2023,8,August,3,58921,78.28338169951955,High Risk
ATM_0020,2022-04-14,Thursday,Afternoon,62278,3421,Bank Branch,0,0,90680,Clear,4,59521,2022,4,April,2,58857,68.67887075430083,Normal
ATM_0040,2023-02-24,Friday,Afternoon,33894,12291,Supermarket,0,0,85703,Cloudy,5,24478,2023,2,February,1,21603,39.54820718061212,Normal
ATM_0018,2023-12-08,Friday,Afternoon,76917,16805,Mall,0,0,101295,Rainy,3,70181,2023,12,December,4,60112,75.93365911446764,Normal
ATM_0007,2022-02-10,Thursday,Afternoon,53682,8724,Gas Station,0,0,65907,Cloudy,1,51637,2022,2,February,1,44958,81.45113569120124,Normal
ATM_0050,2022-01-21,Friday,Evening,48752,12521,Gas Station,0,0,89174,Rainy,3,39597,2022,1,January,1,36231,54.670643909659766,Normal
ATM_0002,2023-05-19,Friday,Evening,45434,8435,Standalone,0,1,112371,Snowy,0,40873,2023,5,May,2,36999,40.432139964937576,Normal
ATM_0012,2022-05-19,Thursday,Evening,79785,10617,Gas Station,0,1,95665,Clear,5,87928,2022,5,May,2,69168,83.40040767260753,Normal
ATM_0013,2023-10-12,Thursday,Evening,37575,10600,Standalone,0,0,109016,Clear,2,32564,2023,10,October,4,26975,34.46741762677038,Normal
ATM_0039,2023-05-22,Monday,Morning,53145,1140,Supermarket,0,0,112737,Cloudy,1,46389,2023,5,May,2,52005,47.14069027914527,Normal
ATM_0024,2022-09-16,Friday,Afternoon,33433,12167,Supermarket,0,0,95548,Clear,3,20198,2022,9,September,3,21266,34.99078996943945,Normal
ATM_0021,2022-06-20,Monday,Morning,24770,10699,Bank Branch,0,0,104769,Snowy,3,17952,2022,6,June,2,14071,23.64248966774523,Normal
ATM_0028,2022-12-12,Monday,Morning,29529,9737,Standalone,0,0,94473,Cloudy,5,16181,2022,12,December,4,19792,31.25654949033057,Normal
ATM_0006,2022-12-07,Wednesday,Morning,56506,7795,Bank Branch,0,0,77670,Clear,5,41412,2022,12,December,4,48711,72.75138406076992,Normal
ATM_0037,2022-01-20,Thursday,Evening,64817,12296,Gas Station,0,0,118355,Cloudy,3,49236,2022,1,January,1,52521,54.76490220100545,Normal
ATM_0025,2022-02-06,Sunday,Evening,45344,11794,Gas Station,0,0,79204,Cloudy,3,34377,2022,2,February,1,33550,57.24963385687592,Normal
ATM_0046,2022-12-17,Saturday,Afternoon,54104,17834,Standalone,0,0,111981,Rainy,3,37635,2022,12,December,4,36270,48.315339209330155,Normal
ATM_0019,2022-10-01,Saturday,Morning,52635,13850,Gas Station,0,1,130122,Clear,5,43337,2022,10,October,4,38785,40.450500299718726,Normal
ATM_0021,2023-06-06,Tuesday,Morning,13127,5096,Mall,0,0,97726,Clear,1,9238,2023,6,June,2,8031,13.432454004052147,Normal
ATM_0005,2022-07-01,Friday,Evening,73986,7999,Mall,0,0,88336,Rainy,0,68054,2022,7,July,3,65987,83.75520738996559,Normal
ATM_0005,2022-01-10,Monday,Morning,18460,6632,Standalone,0,0,82835,Clear,1,14128,2022,1,January,1,11828,22.285265890022334,Normal
ATM_0038,2023-10-04,Wednesday,Night,41806,12814,Standalone,0,0,97851,Clear,4,37731,2023,10,October,4,28992,42.72414180744193,Normal
ATM_0008,2022-02-27,Sunday,Afternoon,39553,19320,Bank Branch,0,1,86573,Clear,1,39487,2022,2,February,1,20233,45.68745451815231,Normal
ATM_0006,2022-04-04,Monday,Morning,51337,12222,Gas Station,0,0,108676,Rainy,1,37849,2022,4,April,2,39115,47.238580735396965,Normal
ATM_0004,2022-03-23,Wednesday,Night,87547,7580,Standalone,0,0,113984,Rainy,3,76465,2022,3,March,1,79967,76.80639387984279,Normal
ATM_0013,2023-12-27,Wednesday,Night,25885,12364,Supermarket,0,0,45550,Cloudy,2,12639,2023,12,December,4,13521,56.827661909989025,Normal
ATM_0047,2023-11-24,Friday,Morning,54865,4818,Gas Station,0,0,82890,Clear,0,48800,2023,11,November,4,50047,66.19013149957776,Normal
ATM_0012,2022-07-22,Friday,Evening,45895,4033,Bank Branch,0,0,63336,Rainy,5,38893,2022,7,July,3,41862,72.46273841101427,Normal
ATM_0008,2023-12-21,Thursday,Morning,47319,13764,Bank Branch,0,0,87701,Snowy,1,43203,2023,12,December,4,33555,53.95491499526801,Normal
ATM_0011,2023-02-09,Thursday,Evening,37622,4153,Supermarket,0,0,96997,Snowy,1,34210,2023,2,February,1,33469,38.7867666010289,Normal
ATM_0028,2022-09-14,Wednesday,Evening,50513,5726,Bank Branch,0,0,90860,Snowy,2,53754,2022,9,September,3,44787,55.59432093330399,Normal
ATM_0049,2022-06-15,Wednesday,Morning,28876,4514,Mall,0,0,87546,Snowy,5,28678,2022,6,June,2,24362,32.98380280081329,Normal
ATM_0004,2023-09-27,Wednesday,Night,27602,9156,Mall,0,0,105662,Cloudy,0,21411,2023,9,September,3,18446,26.122920255153225,Normal
ATM_0048,2023-11-22,Wednesday,Morning,48469,17596,Standalone,0,0,102333,Snowy,5,34998,2023,11,November,4,30873,47.36399792833201,Normal
ATM_0044,2023-09-13,Wednesday,Morning,76548,14549,Supermarket,0,0,112800,Snowy,3,64780,2023,9,September,3,61999,67.86170212765957,Normal
ATM_0023,2023-05-07,Sunday,Evening,55346,9610,Gas Station,0,0,110991,Cloudy,2,50068,2023,5,May,2,45736,49.86530439404997,Normal
ATM_0035,2022-07-14,Thursday,Afternoon,28709,11119,Supermarket,0,0,114735,Snowy,3,21041,2022,7,July,3,17590,25.0220072340611,Normal
ATM_0030,2023-04-18,Tuesday,Evening,59282,3614,Gas Station,0,0,78336,Cloudy,3,66816,2023,4,April,2,55668,75.6765727124183,High Risk
ATM_0010,2022-05-26,Thursday,Night,53503,20584,Gas Station,0,1,83276,Rainy,2,41083,2022,5,May,2,32919,64.24780248811182,Normal
ATM_0025,2023-10-10,Tuesday,Afternoon,46012,8326,Gas Station,0,0,111312,Cloudy,5,29834,2023,10,October,4,37686,41.336064395572805,Normal
ATM_0012,2022-06-04,Saturday,Afternoon,54087,15152,Bank Branch,0,0,125829,Cloudy,3,45961,2022,6,June,2,38935,42.98452661945974,Normal
ATM_0010,2022-10-05,Wednesday,Evening,54605,12445,Bank Branch,0,0,101103,Cloudy,1,58494,2022,10,October,4,42160,54.00927766732936,Normal
ATM_0020,2023-07-17,Monday,Evening,49990,15983,Bank Branch,0,0,130322,Cloudy,3,29072,2023,7,July,3,34007,38.35883427203389,Normal
ATM_0028,2022-06-13,Monday,Night,27386,8445,Mall,0,0,108050,Clear,0,18390,2022,6,June,2,18941,25.345673299398424,Normal
ATM_0021,2023-12-24,Sunday,Night,21299,5174,Supermarket,1,0,117929,Rainy,4,22765,2023,12,December,4,16125,18.060867131918357,Normal
ATM_0032,2022-08-10,Wednesday,Night,8893,16580,Gas Station,0,0,96028,Snowy,5,0,2022,8,August,3,-7687,9.260840588161786,Normal
ATM_0011,2022-12-13,Tuesday,Evening,69119,14623,Supermarket,0,0,86746,Clear,4,50594,2022,12,December,4,54496,79.67975468609504,Normal
ATM_0009,2023-06-27,Tuesday,Evening,51301,14776,Standalone,0,0,76049,Rainy,2,28446,2023,6,June,2,36525,67.45782324553906,Normal
ATM_0037,2023-04-30,Sunday,Morning,36592,4479,Mall,0,0,70195,Cloudy,1,39788,2023,4,April,2,32113,52.129069022010114,Normal
ATM_0014,2022-12-01,Thursday,Afternoon,52196,15807,Standalone,1,0,96302,Cloudy,2,49400,2022,12,December,4,36389,54.200328134410505,Normal
ATM_0036,2022-12-15,Thursday,Evening,75285,6768,Bank Branch,0,1,90428,Snowy,5,64871,2022,12,December,4,68517,83.25408059450614,Normal
ATM_0037,2022-08-23,Tuesday,Afternoon,57734,18109,Bank Branch,0,0,89603,Cloudy,0,49399,2022,8,August,3,39625,64.43311049853241,Normal
ATM_0021,2023-06-08,Thursday,Morning,61986,10030,Gas Station,0,0,88837,Snowy,0,65374,2023,6,June,2,51956,69.77498114524353,Normal
ATM_0034,2023-05-18,Thursday,Night,64915,12640,Supermarket,0,1,84631,Snowy,0,54150,2023,5,May,2,52275,76.70357197717148,High Risk
ATM_0029,2023-02-03,Friday,Afternoon,60288,8688,Standalone,0,0,91285,Snowy,0,63547,2023,2,February,1,51600,66.0437092622008,Normal
ATM_0031,2022-09-10,Saturday,Afternoon,49506,12955,Mall,0,0,96871,Cloudy,4,41228,2022,9,September,3,36551,51.10507788708695,Normal
ATM_0010,2022-10-07,Friday,Evening,43601,9376,Gas Station,0,1,97035,Rainy,5,34138,2022,10,October,4,34225,44.93327149997424,Normal
ATM_0013,2023-09-04,Monday,Morning,57578,8164,Standalone,0,0,92191,Rainy,4,52403,2023,9,September,3,49414,62.45512034797323,Normal
ATM_0033,2022-10-17,Monday,Afternoon,38590,12854,Gas Station,0,0,102367,Clear,2,34049,2022,10,October,4,25736,37.69769554641633,Normal
ATM_0017,2022-07-29,Friday,Afternoon,55873,11728,Standalone,0,0,98758,Cloudy,0,46761,2022,7,July,3,44145,56.575669819153894,Normal
ATM_0024,2023-04-22,Saturday,Afternoon,51822,11570,Gas Station,0,0,98127,Rainy,4,35340,2023,4,April,2,40252,52.81115289369899,Normal
ATM_0029,2022-11-18,Friday,Morning,50138,7066,Standalone,0,0,84976,Rainy,5,41420,2022,11,November,4,43072,59.00254189418188,Normal
ATM_0039,2023-04-10,Monday,Evening,36804,9128,Bank Branch,0,0,102062,Snowy,0,30762,2023,4,April,2,27676,36.060433853931926,Normal
ATM_0008,2022-02-23,Wednesday,Evening,45930,15432,Supermarket,0,0,108915,Rainy,2,31938,2022,2,February,1,30498,42.17049993113896,Normal
ATM_0047,2023-01-20,Friday,Morning,78314,5173,Gas Station,0,0,104774,Cloudy,1,89464,2023,1,January,1,73141,74.7456430030351,Normal
ATM_0021,2023-09-20,Wednesday,Morning,30892,9226,Standalone,0,0,114277,Clear,4,29771,2023,9,September,3,21666,27.032561232794,Normal
ATM_0004,2024-01-01,Monday,Afternoon,51485,7387,Gas Station,1,0,88663,Clear,1,57834,2024,1,January,1,44098,58.0681907898447,Normal
ATM_0010,2022-04-15,Friday,Afternoon,62163,16113,Bank Branch,0,0,66625,Snowy,2,52325,2022,4,April,2,46050,93.30281425891181,Normal
ATM_0022,2022-03-25,Friday,Night,53780,12995,Standalone,0,0,120740,Cloudy,3,36885,2022,3,March,1,40785,44.54199105515985,Normal
ATM_0035,2022-03-05,Saturday,Night,45867,10693,Gas Station,0,0,109962,Clear,1,42841,2022,3,March,1,35174,41.71168221749332,Normal
ATM_0029,2022-06-12,Sunday,Morning,38377,7336,Standalone,0,0,137910,Clear,5,30506,2022,6,June,2,31041,27.827568704227396,Normal
ATM_0044,2023-07-26,Wednesday,Morning,47745,11000,Mall,0,0,98659,Rainy,3,43761,2023,7,July,3,36745,48.393963044425746,Normal
ATM_0003,2022-02-13,Sunday,Afternoon,42084,4363,Bank Branch,0,1,90985,Rainy,4,41276,2022,2,February,1,37721,46.25377809529043,Normal
ATM_0021,2022-11-27,Sunday,Night,19974,13087,Gas Station,0,0,86531,Snowy,3,10974,2022,11,November,4,6887,23.08305693913164,Normal
ATM_0002,2023-11-17,Friday,Night,61717,8923,Supermarket,0,0,102822,Rainy,4,45217,2023,11,November,4,52794,60.02314679737799,Normal
ATM_0003,2022-08-02,Tuesday,Afternoon,27125,13471,Supermarket,0,0,151455,Snowy,5,14901,2022,8,August,3,13654,17.90961011521574,Normal
ATM_0006,2023-08-19,Saturday,Evening,44581,10612,Supermarket,0,0,101747,Rainy,3,32111,2023,8,August,3,33969,43.815542472996746,Normal
ATM_0014,2022-06-05,Sunday,Morning,39037,11226,Supermarket,0,0,75149,Snowy,4,35462,2022,6,June,2,27811,51.946133681086906,Normal
ATM_0025,2022-06-13,Monday,Afternoon,34765,12691,Supermarket,0,0,72610,Rainy,2,24244,2022,6,June,2,22074,47.87908001652665,Normal
ATM_0017,2023-02-07,Tuesday,Morning,76472,6128,Standalone,0,0,95526,Cloudy,4,59321,2023,2,February,1,70344,80.05359797332663,Normal
ATM_0042,2023-11-19,Sunday,Night,52151,12876,Bank Branch,0,0,119212,Clear,3,40474,2023,11,November,4,39275,43.74643492265879,Normal
ATM_0007,2022-07-30,Saturday,Afternoon,61872,9140,Supermarket,0,0,97067,Snowy,5,66928,2022,7,July,3,52732,63.741539349109374,Normal
ATM_0044,2022-08-08,Monday,Evening,85236,14749,Standalone,0,0,81563,Rainy,4,71305,2022,8,August,3,70487,104.50326741292007,High Risk
ATM_0017,2022-08-11,Thursday,Morning,51499,3852,Standalone,0,0,91761,Rainy,2,49508,2022,8,August,3,47647,56.122971632828765,Normal
ATM_0014,2023-05-27,Saturday,Night,12632,16083,Standalone,0,0,121792,Cloudy,4,0,2023,5,May,2,-3451,10.37178139779296,Normal
ATM_0049,2022-06-19,Sunday,Night,44610,7648,Gas Station,0,0,129970,Snowy,5,35369,2022,6,June,2,36962,34.32330537816419,Normal
ATM_0016,2022-03-21,Monday,Morning,49050,9607,Mall,0,0,123967,Clear,0,34567,2022,3,March,1,39443,39.566981535408615,Normal
ATM_0018,2022-01-01,Saturday,Evening,50215,7892,Gas Station,1,0,120901,Rainy,0,40441,2022,1,January,1,42323,41.5339823491948,Normal
ATM_0004,2023-01-12,Thursday,Afternoon,67324,10968,Bank Branch,0,1,100058,Snowy,0,63651,2023,1,January,1,56356,67.2849747146655,Normal
ATM_0018,2023-03-04,Saturday,Morning,52668,10017,Standalone,0,0,96106,Clear,2,44697,2023,3,March,1,42651,54.801989469960255,Normal
ATM_0010,2022-09-27,Tuesday,Night,62823,10046,Bank Branch,0,0,121125,Clear,3,44665,2022,9,September,3,52777,51.866253869969036,Normal
ATM_0012,2022-01-15,Saturday,Morning,55962,5227,Mall,0,0,110138,Cloudy,4,43982,2022,1,January,1,50735,50.81080099511522,Normal
ATM_0045,2023-07-25,Tuesday,Evening,49396,7490,Standalone,0,0,122129,Cloudy,0,51011,2023,7,July,3,41906,40.44575817373433,Normal
ATM_0047,2023-12-10,Sunday,Afternoon,31246,11577,Bank Branch,0,0,99042,Cloudy,0,23812,2023,12,December,4,19669,31.54823206316512,Normal
ATM_0003,2023-05-25,Thursday,Night,27250,8253,Gas Station,0,0,132330,Clear,4,17750,2023,5,May,2,18997,20.5924582483186,Normal
ATM_0003,2023-11-04,Saturday,Morning,40110,9564,Standalone,0,0,88337,Cloudy,1,40463,2023,11,November,4,30546,45.40566240646615,Normal
ATM_0018,2022-01-25,Tuesday,Evening,57301,10986,Bank Branch,1,0,115470,Cloudy,0,62411,2022,1,January,1,46315,49.62414479951502,Normal
ATM_0042,2022-02-15,Tuesday,Night,34235,8298,Supermarket,0,1,95485,Cloudy,1,29356,2022,2,February,1,25937,35.85379902602503,Normal
ATM_0046,2022-02-18,Friday,Evening,63734,15932,Standalone,0,0,80222,Snowy,3,53973,2022,2,February,1,47802,79.44703447931988,High Risk
ATM_0031,2023-07-12,Wednesday,Afternoon,42636,7850,Standalone,0,0,133552,Snowy,5,34807,2023,7,July,3,34786,31.924643584521384,Normal
ATM_0036,2023-07-08,Saturday,Afternoon,39700,5771,Standalone,0,0,94642,Snowy,3,28917,2023,7,July,3,33929,41.947549713657786,Normal
ATM_0012,2023-08-18,Friday,Night,39368,5903,Standalone,0,0,123169,Snowy,2,36949,2023,8,August,3,33465,31.962587988860836,Normal
ATM_0010,2023-11-20,Monday,Night,57859,10463,Supermarket,0,0,90059,Cloudy,0,41901,2023,11,November,4,47396,64.24566117767242,Normal
ATM_0039,2022-09-17,Saturday,Afternoon,35702,5030,Standalone,0,1,123058,Cloudy,3,39013,2022,9,September,3,30672,29.012335646605663,Normal
ATM_0049,2023-07-07,Friday,Afternoon,66596,8770,Mall,0,0,73246,Rainy,4,59547,2023,7,July,3,57826,90.92100592523823,High Risk
ATM_0022,2023-07-08,Saturday,Afternoon,59182,8788,Supermarket,0,0,119244,Rainy,5,48822,2023,7,July,3,50394,49.631008688068164,Normal
ATM_0026,2022-03-25,Friday,Night,34878,10424,Mall,0,1,78242,Clear,4,39449,2022,3,March,1,24454,44.57708136295084,Normal
ATM_0007,2023-08-13,Sunday,Morning,39736,6471,Standalone,0,1,94787,Rainy,5,43076,2023,8,August,3,33265,41.921360524122505,Normal
ATM_0015,2023-12-02,Saturday,Evening,68709,10677,Gas Station,0,0,130826,Snowy,4,59547,2023,12,December,4,58032,52.519376882271104,Normal
ATM_0026,2023-06-20,Tuesday,Night,70009,10112,Bank Branch,0,0,115275,Cloudy,5,57189,2023,6,June,2,59897,60.73216222077641,Normal
ATM_0049,2022-04-19,Tuesday,Afternoon,57380,4344,Gas Station,0,0,80757,Rainy,5,47226,2022,4,April,2,53036,71.05266416533551,Normal
ATM_0001,2023-06-01,Thursday,Morning,50003,10827,Gas Station,0,0,119322,Clear,5,46385,2023,6,June,2,39176,41.90593520054977,Normal
ATM_0020,2022-09-05,Monday,Night,26597,20586,Standalone,0,0,91774,Clear,1,13186,2022,9,September,3,6011,28.980975003813715,Normal
ATM_0002,2022-01-17,Monday,Morning,52184,11142,Standalone,0,0,98276,Rainy,5,38255,2022,1,January,1,41042,53.09943424640807,Normal
ATM_0005,2022-03-10,Thursday,Evening,66957,10154,Gas Station,0,1,130815,Cloudy,2,76850,2022,3,March,1,56803,51.184497190689136,Normal
ATM_0043,2023-02-17,Friday,Morning,42102,1885,Supermarket,0,0,75730,Cloudy,2,46723,2023,2,February,1,40217,55.59487653505876,Normal
ATM_0014,2022-11-08,Tuesday,Night,66462,4140,Supermarket,0,0,63618,Cloudy,5,65045,2022,11,November,4,62322,104.47043289635009,High Risk
ATM_0040,2023-08-31,Thursday,Morning,78027,10345,Gas Station,0,1,43787,Cloudy,2,91026,2023,8,August,3,67682,178.19672505538173,High Risk
ATM_0023,2022-02-01,Tuesday,Evening,55314,14517,Gas Station,0,0,92250,Cloudy,4,39919,2022,2,February,1,40797,59.9609756097561,Normal
ATM_0050,2022-04-11,Monday,Night,60687,3511,Supermarket,0,0,70757,Snowy,5,53429,2022,4,April,2,57176,85.7681925463205,Normal
ATM_0032,2022-01-28,Friday,Night,54110,8670,Mall,0,1,97947,Clear,3,63338,2022,1,January,1,45440,55.24416265939743,Normal
ATM_0017,2023-07-11,Tuesday,Morning,70454,10187,Mall,0,0,96959,Clear,3,61285,2023,7,July,3,60267,72.66370321476087,Normal
ATM_0025,2022-12-12,Monday,Afternoon,69336,13282,Supermarket,0,1,90409,Clear,2,66146,2022,12,December,4,56054,76.69147983054785,Normal
ATM_0020,2023-07-20,Thursday,Night,74439,3957,Bank Branch,0,0,108241,Clear,0,75895,2023,7,July,3,70482,68.77153758742067,Normal
ATM_0044,2022-05-12,Thursday,Morning,47203,7603,Supermarket,0,0,107772,Rainy,3,34327,2022,5,May,2,39600,43.79894592287422,Normal
ATM_0018,2023-12-15,Friday,Night,45970,4556,Supermarket,0,0,156027,Clear,2,35324,2023,12,December,4,41414,29.462849378633187,Normal
ATM_0038,2022-05-01,Sunday,Night,42692,0,Bank Branch,0,1,83158,Snowy,1,52237,2022,5,May,2,42692,51.338416027321486,Normal
ATM_0003,2022-10-25,Tuesday,Evening,30990,11993,Gas Station,0,0,92599,Rainy,0,19013,2022,10,October,4,18997,33.466884091620855,Normal
ATM_0013,2023-05-09,Tuesday,Night,48782,14176,Bank Branch,0,0,106721,Rainy,3,48591,2023,5,May,2,34606,45.70984154946075,Normal
ATM_0003,2022-11-06,Sunday,Afternoon,57501,12497,Bank Branch,0,0,117688,Cloudy,1,54777,2022,11,November,4,45004,48.85884712120182,Normal
ATM_0046,2023-04-01,Saturday,Morning,67832,6674,Mall,0,0,82885,Rainy,5,50736,2023,4,April,2,61158,81.83869216384146,Normal
ATM_0039,2023-07-31,Monday,Morning,32211,10914,Gas Station,0,0,62925,Cloudy,0,20115,2023,7,July,3,21297,51.18951132300358,Normal
ATM_0046,2023-06-22,Thursday,Evening,67019,6640,Supermarket,0,0,95933,Cloudy,0,57950,2023,6,June,2,60379,69.86021494167804,Normal
ATM_0018,2023-03-23,Thursday,Night,66833,10908,Mall,0,0,105888,Snowy,5,49239,2023,3,March,1,55925,63.11668933212451,Normal
ATM_0023,2023-05-02,Tuesday,Night,69220,551,Supermarket,0,1,91577,Rainy,0,83657,2023,5,May,2,68669,75.58666477390611,Normal
ATM_0002,2022-06-15,Wednesday,Morning,56718,15991,Supermarket,0,0,94289,Rainy,3,36918,2022,6,June,2,40727,60.15335829205952,Normal
ATM_0043,2023-07-14,Friday,Evening,69498,6429,Supermarket,0,0,118617,Clear,5,64403,2023,7,July,3,63069,58.59025266192873,Normal
ATM_0012,2023-08-20,Sunday,Night,77157,8341,Mall,0,0,69428,Rainy,1,59867,2023,8,August,3,68816,111.13239615140867,High Risk
ATM_0010,2022-11-04,Friday,Afternoon,38102,4046,Gas Station,0,0,90792,Clear,4,28472,2022,11,November,4,34056,41.966252533262846,Normal
ATM_0001,2022-04-26,Tuesday,Evening,49580,15346,Supermarket,0,0,95835,Snowy,1,45705,2022,4,April,2,34234,51.73475243908802,Normal
ATM_0021,2022-09-07,Wednesday,Night,38184,11131,Bank Branch,0,0,139271,Cloudy,3,26170,2022,9,September,3,27053,27.41705021145824,Normal
ATM_0031,2022-08-08,Monday,Morning,55027,8902,Bank Branch,0,0,104698,Clear,1,43432,2022,8,August,3,46125,52.55783300540603,Normal
ATM_0043,2022-05-11,Wednesday,Afternoon,37241,17272,Mall,0,0,128680,Clear,4,18854,2022,5,May,2,19969,28.94078333851414,Normal
ATM_0011,2022-09-10,Saturday,Night,36700,17021,Standalone,0,1,104904,Snowy,3,27689,2022,9,September,3,19679,34.984366659040646,Normal
ATM_0004,2023-03-19,Sunday,Morning,60164,9961,Standalone,0,0,117038,Clear,1,41528,2023,3,March,1,50203,51.40552641022575,Normal
ATM_0043,2023-01-18,Wednesday,Night,63723,13898,Gas Station,0,0,98796,Rainy,5,48713,2023,1,January,1,49825,64.49957488157415,Normal
ATM_0009,2023-05-06,Saturday,Night,27842,7448,Bank Branch,0,0,122053,Snowy,3,26755,2023,5,May,2,20394,22.811401604221118,Normal
ATM_0050,2022-03-18,Friday,Night,52667,5837,Supermarket,0,0,101907,Clear,4,57316,2022,3,March,1,46830,51.681435033903455,Normal
ATM_0006,2023-12-23,Saturday,Afternoon,26341,5749,Mall,0,0,67235,Cloudy,2,19848,2023,12,December,4,20592,39.17751171264966,Normal
ATM_0030,2023-10-28,Saturday,Evening,46106,7446,Standalone,0,0,117434,Snowy,2,38558,2023,10,October,4,38660,39.261202036888804,Normal
ATM_0031,2023-06-08,Thursday,Night,60270,4615,Gas Station,0,0,127559,Rainy,3,66391,2023,6,June,2,55655,47.248724119819066,Normal
ATM_0022,2022-04-04,Monday,Night,82230,12606,Standalone,0,0,58313,Clear,2,84801,2022,4,April,2,69624,141.0148680397167,High Risk
ATM_0041,2022-10-02,Sunday,Evening,43677,16360,Standalone,0,0,111763,Rainy,2,24138,2022,10,October,4,27317,39.08001753710978,Normal
ATM_0021,2022-09-03,Saturday,Afternoon,39402,9087,Standalone,0,1,88908,Rainy,2,40924,2022,9,September,3,30315,44.31772168983669,Normal
ATM_0034,2023-11-24,Friday,Night,28532,383,Standalone,0,0,95096,Cloudy,5,33350,2023,11,November,4,28149,30.00336502061075,Normal
ATM_0043,2022-07-12,Tuesday,Afternoon,27223,10231,Standalone,0,0,114978,Snowy,5,18525,2022,7,July,3,16992,23.67670336934022,Normal
ATM_0035,2023-07-21,Friday,Evening,47102,108,Bank Branch,0,0,100523,Rainy,0,40517,2023,7,July,3,46994,46.85693821314525,Normal
ATM_0047,2022-10-26,Wednesday,Afternoon,51069,13194,Bank Branch,0,0,85830,Snowy,1,40150,2022,10,October,4,37875,59.500174764068504,Normal
ATM_0042,2023-05-24,Wednesday,Evening,43474,2609,Bank Branch,0,0,54174,Snowy,4,42808,2023,5,May,2,40865,80.24882785099864,Normal
ATM_0030,2023-07-05,Wednesday,Evening,33372,7409,Bank Branch,0,0,89235,Clear,2,27478,2023,7,July,3,25963,37.39788199697428,Normal
ATM_0008,2023-01-21,Saturday,Night,72624,4998,Mall,0,0,91751,Snowy,3,69570,2023,1,January,1,67626,79.15336072631362,Normal
ATM_0030,2023-07-18,Tuesday,Evening,28176,5868,Supermarket,0,0,92155,Rainy,2,22930,2023,7,July,3,22308,30.5745754435462,Normal
ATM_0004,2023-03-14,Tuesday,Night,47273,5293,Supermarket,0,0,62108,Cloudy,3,49558,2023,3,March,1,41980,76.11418818831712,Normal
ATM_0021,2022-05-03,Tuesday,Afternoon,47599,0,Bank Branch,0,0,77498,Clear,0,47546,2022,5,May,2,47599,61.41964953934295,Normal
ATM_0005,2022-10-12,Wednesday,Morning,47824,9391,Supermarket,0,0,108161,Rainy,0,42235,2022,10,October,4,38433,44.21556753358419,Normal
ATM_0048,2023-12-05,Tuesday,Night,36450,8400,Bank Branch,0,0,132018,Clear,0,31004,2023,12,December,4,28050,27.609871381175292,Normal
ATM_0008,2022-12-12,Monday,Evening,4721,17894,Standalone,0,0,115895,Rainy,1,0,2022,12,December,4,-13173,4.073514819448639,Normal
ATM_0040,2023-09-11,Monday,Evening,80096,14393,Supermarket,0,0,126973,Rainy,1,68625,2023,9,September,3,65703,63.08112748379576,Normal
ATM_0002,2023-07-21,Friday,Evening,26416,8462,Bank Branch,0,0,107798,Cloudy,1,19053,2023,7,July,3,17954,24.505092858865655,Normal
ATM_0035,2023-09-24,Sunday,Morning,51123,6294,Bank Branch,0,0,116154,Snowy,3,48038,2023,9,September,3,44829,44.013120512423164,Normal
ATM_0008,2022-04-08,Friday,Afternoon,65861,9595,Gas Station,0,0,65158,Cloudy,4,67362,2022,4,April,2,56266,101.07891586604869,High Risk
ATM_0011,2022-06-27,Monday,Afternoon,43171,8706,Standalone,0,0,90058,Rainy,5,44541,2022,6,June,2,34465,47.936885118479196,Normal
ATM_0020,2023-03-22,Wednesday,Night,62795,8609,Gas Station,0,0,61924,Clear,0,65916,2023,3,March,1,54186,101.40656288353465,High Risk
ATM_0027,2023-12-31,Sunday,Night,42756,10218,Gas Station,1,0,124456,Cloudy,4,46680,2023,12,December,4,32538,34.354309956932575,Normal
ATM_0049,2023-01-25,Wednesday,Morning,54351,10219,Supermarket,1,0,118610,Rainy,5,53831,2023,1,January,1,44132,45.82328640080938,Normal
ATM_0032,2023-03-24,Friday,Evening,40087,6799,Standalone,0,0,110160,Cloudy,3,38504,2023,3,March,1,33288,36.3897966594045,Normal
ATM_0039,2022-07-30,Saturday,Evening,48497,11074,Bank Branch,0,0,90805,Cloudy,1,47670,2022,7,July,3,37423,53.40785199052915,Normal
ATM_0026,2022-08-01,Monday,Afternoon,44913,9978,Standalone,0,0,134107,Snowy,1,38921,2022,8,August,3,34935,33.49042182734682,Normal
ATM_0046,2022-10-25,Tuesday,Afternoon,26395,11860,Gas Station,0,0,77695,Cloudy,0,22753,2022,10,October,4,14535,33.97258510843684,Normal
ATM_0044,2023-07-31,Monday,Afternoon,45825,7236,Mall,0,0,88093,Clear,3,40402,2023,7,July,3,38589,52.01888912853462,Normal
ATM_0037,2022-12-20,Tuesday,Evening,41584,8745,Gas Station,0,0,132907,Cloudy,5,31620,2022,12,December,4,32839,31.28804351915249,Normal
ATM_0029,2023-03-11,Saturday,Morning,46472,7254,Gas Station,0,0,88110,Rainy,2,38721,2023,3,March,1,39218,52.7431619566451,Normal
ATM_0024,2022-09-24,Saturday,Night,37560,12957,Bank Branch,0,0,92375,Rainy,0,29201,2022,9,September,3,24603,40.66035182679296,Normal
ATM_0025,2023-01-09,Monday,Morning,46892,8589,Bank Branch,0,0,87382,Rainy,0,48927,2023,1,January,1,38303,53.66322583598453,Normal
ATM_0040,2023-12-14,Thursday,Morning,37033,13463,Standalone,0,0,95905,Snowy,3,25003,2023,12,December,4,23570,38.61425368854596,Normal
ATM_0010,2022-10-28,Friday,Afternoon,44202,11600,Gas Station,0,0,73691,Rainy,1,30604,2022,10,October,4,32602,59.982901575497685,Normal
ATM_0027,2022-11-16,Wednesday,Afternoon,47755,3315,Supermarket,0,0,99752,Clear,4,35992,2022,11,November,4,44440,47.873726842569575,Normal
ATM_0004,2023-08-10,Thursday,Afternoon,45075,9749,Standalone,0,0,129434,Cloudy,1,29858,2023,8,August,3,35326,34.82469830183723,Normal
ATM_0016,2022-01-18,Tuesday,Afternoon,39330,12975,Supermarket,0,0,125973,Clear,0,31853,2022,1,January,1,26355,31.22097592341216,Normal
ATM_0018,2022-07-03,Sunday,Morning,54228,17095,Gas Station,0,0,61008,Snowy,5,46026,2022,7,July,3,37133,88.88670338316287,Normal
ATM_0012,2022-06-06,Monday,Afternoon,29919,5571,Bank Branch,0,0,82984,Snowy,1,29400,2022,6,June,2,24348,36.05393810855105,Normal
ATM_0050,2022-10-06,Thursday,Morning,39068,14328,Supermarket,0,0,121626,Clear,3,26198,2022,10,October,4,24740,32.12142140660714,Normal
ATM_0009,2022-06-21,Tuesday,Morning,69737,13233,Gas Station,0,0,101657,Rainy,1,69170,2022,6,June,2,56504,68.60029314262668,Normal
ATM_0039,2023-01-12,Thursday,Evening,57100,9850,Gas Station,0,0,110491,Rainy,5,58359,2023,1,January,1,47250,51.678417246653574,Normal
ATM_0008,2024-01-01,Monday,Afternoon,27341,6561,Bank Branch,1,0,86459,Clear,0,32374,2024,1,January,1,20780,31.623081460576692,Normal
ATM_0025,2022-05-20,Friday,Morning,44384,5367,Standalone,0,0,89329,Cloudy,5,42598,2022,5,May,2,39017,49.68599223096643,Normal
ATM_0049,2023-02-09,Thursday,Night,48762,1473,Supermarket,0,0,83303,Snowy,4,41514,2023,2,February,1,47289,58.535706997347035,Normal
ATM_0037,2023-02-19,Sunday,Evening,55049,9627,Supermarket,0,1,106871,Rainy,4,58252,2023,2,February,1,45422,51.50976410813036,Normal
ATM_0032,2022-05-10,Tuesday,Morning,37995,9910,Bank Branch,0,0,99291,Snowy,2,30821,2022,5,May,2,28085,38.26630812460344,Normal
ATM_0008,2023-09-11,Monday,Night,42094,18126,Gas Station,0,0,72766,Snowy,0,33290,2023,9,September,3,23968,57.848445702663334,Normal
ATM_0021,2023-05-14,Sunday,Afternoon,75384,8701,Mall,0,0,100707,Rainy,3,63670,2023,5,May,2,66683,74.85477672852929,Normal
ATM_0038,2022-05-24,Tuesday,Evening,33699,4771,Gas Station,0,0,95821,Clear,1,32907,2022,5,May,2,28928,35.16869997182246,Normal
ATM_0029,2022-09-16,Friday,Night,32510,10513,Gas Station,0,0,104956,Cloudy,2,33054,2022,9,September,3,21997,30.97488471359427,Normal
ATM_0014,2023-04-20,Thursday,Afternoon,33945,13434,Gas Station,0,1,92033,Rainy,1,22536,2023,4,April,2,20511,36.883509176056414,Normal
ATM_0041,2022-04-14,Thursday,Evening,12614,13299,Standalone,0,0,77661,Cloudy,3,0,2022,4,April,2,-685,16.24238678358507,Normal
ATM_0042,2023-03-20,Monday,Morning,34283,14588,Supermarket,0,0,124203,Cloudy,0,29210,2023,3,March,1,19695,27.602392856855307,Normal
ATM_0031,2022-03-11,Friday,Evening,38668,21165,Standalone,0,0,86140,Rainy,0,20964,2022,3,March,1,17503,44.88971441838867,Normal
ATM_0007,2022-05-30,Monday,Evening,65391,6647,Mall,0,0,96972,Rainy,5,61337,2022,5,May,2,58744,67.43286721940353,Normal
ATM_0034,2023-01-16,Monday,Morning,55244,10667,Gas Station,0,0,40533,Cloudy,2,52774,2023,1,January,1,44577,136.29388399575654,Normal
ATM_0040,2022-12-01,Thursday,Evening,31015,11446,Standalone,1,0,96595,Clear,3,32323,2022,12,December,4,19569,32.108287178425385,Normal
ATM_0049,2023-05-15,Monday,Night,59528,4868,Supermarket,0,0,112204,Clear,1,49879,2023,5,May,2,54660,53.05336708138747,Normal
ATM_0025,2022-12-05,Monday,Night,57121,19153,Standalone,0,0,109863,Rainy,0,48579,2022,12,December,4,37968,51.9929366574734,Normal
ATM_0040,2023-01-29,Sunday,Evening,61287,7059,Gas Station,0,0,121785,Clear,2,56812,2023,1,January,1,54228,50.32393151865994,Normal
ATM_0001,2022-05-17,Tuesday,Afternoon,55730,7969,Gas Station,0,0,110743,Cloudy,1,58964,2022,5,May,2,47761,50.32372249261804,Normal
ATM_0028,2023-07-15,Saturday,Evening,64163,10975,Bank Branch,0,0,133305,Clear,1,62453,2023,7,July,3,53188,48.132478151607216,Normal
ATM_0003,2022-09-29,Thursday,Night,47319,9513,Mall,0,0,115575,Rainy,5,36148,2022,9,September,3,37806,40.94224529526282,Normal
ATM_0032,2022-04-27,Wednesday,Morning,41079,7887,Gas Station,0,0,73750,Snowy,4,29417,2022,4,April,2,33192,55.70033898305085,Normal
ATM_0047,2023-01-17,Tuesday,Night,53621,11626,Standalone,0,0,123585,Snowy,5,39566,2023,1,January,1,41995,43.38795161225068,Normal
ATM_0043,2022-12-01,Thursday,Afternoon,32327,12164,Supermarket,1,0,122215,Snowy,4,25090,2022,12,December,4,20163,26.450926645665422,Normal
ATM_0050,2022-09-09,Friday,Afternoon,61327,7666,Mall,0,0,85261,Snowy,2,46713,2022,9,September,3,53661,71.92854880895135,Normal
ATM_0033,2022-11-04,Friday,Night,53100,9353,Gas Station,0,0,97327,Snowy,2,44908,2022,11,November,4,43747,54.558344549816596,Normal
ATM_0007,2022-06-01,Wednesday,Afternoon,38349,9127,Bank Branch,0,0,85051,Rainy,3,34433,2022,6,June,2,29222,45.08941693807245,Normal
ATM_0010,2022-04-11,Monday,Evening,58319,1880,Gas Station,0,0,115262,Cloudy,4,67327,2022,4,April,2,56439,50.59690097343443,Normal
ATM_0022,2022-11-03,Thursday,Morning,63837,10621,Bank Branch,0,0,131962,Cloudy,5,48079,2022,11,November,4,53216,48.37528985617072,Normal
ATM_0005,2022-11-18,Friday,Morning,55477,11224,Gas Station,0,0,87934,Cloudy,1,50212,2022,11,November,4,44253,63.089362476402755,Normal
ATM_0027,2023-04-30,Sunday,Morning,58603,5609,Standalone,0,1,80301,Clear,2,72516,2023,4,April,2,52994,72.9791658883451,High Risk
ATM_0016,2023-05-14,Sunday,Night,52458,6286,Gas Station,0,0,89878,Cloudy,3,55577,2023,5,May,2,46172,58.365784730412344,Normal
ATM_0016,2022-10-21,Friday,Afternoon,33004,9978,Supermarket,0,0,117188,Snowy,1,22935,2022,10,October,4,23026,28.163293169949142,Normal
ATM_0039,2022-12-01,Thursday,Night,47201,20855,Mall,1,0,128886,Clear,5,31550,2022,12,December,4,26346,36.62228636159086,Normal
ATM_0001,2022-06-03,Friday,Night,24913,14132,Gas Station,0,0,85100,Rainy,0,14034,2022,6,June,2,10781,29.274970622796708,Normal
ATM_0001,2023-04-28,Friday,Afternoon,41421,14076,Mall,0,0,76375,Snowy,5,33349,2023,4,April,2,27345,54.233715220949264,Normal
ATM_0044,2023-12-18,Monday,Evening,40660,16355,Supermarket,0,0,93458,Rainy,2,36793,2023,12,December,4,24305,43.506173896295664,Normal
ATM_0022,2022-04-13,Wednesday,Morning,72117,12043,Supermarket,0,0,86049,Clear,4,65974,2022,4,April,2,60074,83.80922497646691,High Risk
ATM_0001,2022-07-16,Saturday,Afternoon,25717,6723,Gas Station,0,0,103899,Cloudy,0,18027,2022,7,July,3,18994,24.751922540159192,Normal
ATM_0018,2023-08-31,Thursday,Evening,32344,17811,Supermarket,0,0,117779,Clear,4,12316,2023,8,August,3,14533,27.461601813566084,Normal
ATM_0019,2022-05-22,Sunday,Morning,75957,16616,Gas Station,0,0,99338,Snowy,1,56612,2022,5,May,2,59341,76.46318629326139,Normal
ATM_0042,2023-12-18,Monday,Morning,5796,18023,Gas Station,0,0,109820,Snowy,0,0,2023,12,December,4,-12227,5.2777271899471865,Normal
ATM_0026,2022-12-13,Tuesday,Afternoon,54947,7013,Gas Station,0,0,112331,Snowy,4,51811,2022,12,December,4,47934,48.915259367405255,Normal
ATM_0020,2022-10-28,Friday,Night,58423,9006,Gas Station,0,0,107417,Rainy,2,55548,2022,10,October,4,49417,54.38897008853347,Normal
ATM_0043,2022-12-01,Thursday,Afternoon,35129,13392,Bank Branch,1,0,62502,Rainy,0,23676,2022,12,December,4,21737,56.20460145275351,Normal
ATM_0006,2022-03-02,Wednesday,Morning,47107,3302,Bank Branch,0,0,82967,Cloudy,1,35515,2022,3,March,1,43805,56.777996070726914,Normal
ATM_0010,2022-03-17,Thursday,Evening,64491,9417,Standalone,0,0,109784,Rainy,5,53160,2022,3,March,1,55074,58.74353275522844,Normal
ATM_0031,2023-03-22,Wednesday,Night,66394,14852,Mall,0,1,108267,Snowy,5,64337,2023,3,March,1,51542,61.324318582762984,Normal
ATM_0014,2023-04-30,Sunday,Morning,50819,15304,Standalone,0,0,117991,Rainy,2,36584,2023,4,April,2,35515,43.07023417040283,Normal
ATM_0005,2022-02-20,Sunday,Morning,39481,14880,Standalone,0,0,68473,Cloudy,3,36224,2022,2,February,1,24601,57.65922334350766,Normal
ATM_0043,2023-02-12,Sunday,Evening,55921,11812,Gas Station,0,0,123252,Snowy,5,39810,2023,2,February,1,44109,45.37127186577094,Normal
ATM_0046,2023-03-09,Thursday,Evening,35609,4090,Supermarket,0,0,89241,Rainy,0,40421,2023,3,March,1,31519,39.90206295312693,Normal
ATM_0011,2022-09-14,Wednesday,Night,47256,4172,Mall,0,0,129413,Snowy,1,47186,2022,9,September,3,43084,36.515651441508965,Normal
ATM_0003,2022-05-24,Tuesday,Afternoon,67777,14491,Supermarket,0,0,86124,Snowy,1,62756,2022,5,May,2,53286,78.69699503042126,High Risk
ATM_0047,2022-07-04,Monday,Night,55136,9630,Mall,0,0,91813,Snowy,5,46605,2022,7,July,3,45506,60.05249801226405,Normal
ATM_0022,2023-09-22,Friday,Evening,34421,15563,Standalone,0,0,91943,Cloudy,4,24793,2023,9,September,3,18858,37.43732529937026,Normal
ATM_0013,2022-08-05,Friday,Afternoon,47460,16625,Standalone,0,0,80553,Snowy,4,35956,2022,8,August,3,30835,58.91773118319615,Normal
ATM_0026,2023-06-26,Monday,Afternoon,84034,10942,Gas Station,0,0,74590,Clear,3,65630,2023,6,June,2,73092,112.66121464003218,High Risk
ATM_0047,2023-08-29,Tuesday,Evening,64448,14472,Supermarket,0,1,106687,Cloudy,0,60652,2023,8,August,3,49976,60.40848463261691,Normal
ATM_0019,2022-12-07,Wednesday,Morning,59917,12551,Gas Station,0,0,105240,Clear,3,62190,2022,12,December,4,47366,56.93367540858989,Normal
ATM_0027,2023-04-20,Thursday,Afternoon,64001,8191,Standalone,0,0,103573,Rainy,3,57876,2023,4,April,2,55810,61.79313141455785,Normal
ATM_0017,2022-11-04,Friday,Morning,61458,8048,Bank Branch,0,0,90675,Snowy,3,64051,2022,11,November,4,53410,67.77832919768404,Normal
ATM_0017,2022-01-05,Wednesday,Afternoon,34378,15016,Mall,0,0,110969,Cloudy,1,26234,2022,1,January,1,19362,30.979823193864952,Normal
ATM_0026,2022-01-03,Monday,Night,62381,1368,Mall,0,1,96790,Snowy,4,58356,2022,1,January,1,61013,64.44983985948963,Normal
ATM_0035,2023-03-03,Friday,Morning,45798,8269,Supermarket,0,0,116992,Snowy,4,41005,2023,3,March,1,37529,39.146266411378555,Normal
ATM_0043,2022-02-22,Tuesday,Night,57257,9788,Supermarket,0,0,118136,Snowy,0,50232,2022,2,February,1,47469,48.467021060472675,Normal
ATM_0016,2023-02-03,Friday,Evening,28222,16827,Bank Branch,0,0,99070,Rainy,0,14693,2023,2,February,1,11395,28.486928434440294,Normal
ATM_0044,2023-03-16,Thursday,Morning,56750,7052,Standalone,0,0,109736,Cloudy,0,49370,2023,3,March,1,49698,51.715025151272144,Normal
ATM_0007,2022-05-13,Friday,Evening,75158,13377,Bank Branch,0,0,111550,Snowy,3,73588,2022,5,May,2,61781,67.37606454504707,Normal
ATM_0011,2023-03-13,Monday,Afternoon,66567,9364,Bank Branch,0,0,112837,Snowy,2,58366,2023,3,March,1,57203,58.99394702092399,Normal
ATM_0035,2023-12-10,Sunday,Morning,44253,9618,Mall,0,1,66768,Clear,0,45267,2023,12,December,4,34635,66.27875629043854,Normal
ATM_0016,2022-03-09,Wednesday,Evening,62904,0,Bank Branch,0,0,154296,Cloudy,2,63350,2022,3,March,1,62904,40.768393218229896,Normal
ATM_0008,2023-05-28,Sunday,Night,72528,11514,Supermarket,0,0,88216,Snowy,0,53059,2023,5,May,2,61014,82.21637798131857,Normal
ATM_0023,2022-04-05,Tuesday,Evening,48585,10907,Bank Branch,0,0,73729,Rainy,4,44237,2022,4,April,2,37678,65.89672991631515,Normal
ATM_0017,2022-01-19,Wednesday,Morning,50593,8920,Mall,0,0,122757,Snowy,1,50932,2022,1,January,1,41673,41.213942993067604,Normal
ATM_0034,2023-12-08,Friday,Afternoon,69459,9603,Gas Station,0,1,104289,Snowy,0,61585,2023,12,December,4,59856,66.60242211546759,Normal
ATM_0022,2023-02-03,Friday,Night,48554,16186,Mall,0,0,94845,Cloudy,1,33233,2023,2,February,1,32368,51.19299910380094,Normal
ATM_0011,2022-07-14,Thursday,Night,37108,13396,Supermarket,0,0,93906,Clear,5,27583,2022,7,July,3,23712,39.51611185653739,Normal
ATM_0015,2023-11-04,Saturday,Night,59307,7701,Supermarket,0,0,78734,Cloudy,2,47386,2023,11,November,4,51606,75.32578047603322,Normal
ATM_0042,2023-01-13,Friday,Afternoon,49280,3163,Mall,0,0,106325,Rainy,0,54442,2023,1,January,1,46117,46.34845991065131,Normal
ATM_0037,2022-12-30,Friday,Morning,70493,15472,Standalone,0,0,124729,Cloudy,5,55999,2022,12,December,4,55021,56.51692870142468,Normal
ATM_0001,2022-11-19,Saturday,Night,39222,13917,Mall,0,0,114165,Clear,4,37152,2022,11,November,4,25305,34.35553803705164,Normal
ATM_0034,2023-07-29,Saturday,Morning,61635,19446,Supermarket,0,0,100227,Cloudy,4,37098,2023,7,July,3,42189,61.49540542967464,Normal
ATM_0036,2022-12-15,Thursday,Morning,82029,8317,Supermarket,0,0,93835,Snowy,1,67180,2022,12,December,4,73712,87.41834070442799,Normal
ATM_0020,2023-07-04,Tuesday,Night,44798,7381,Standalone,0,0,72684,Clear,0,42246,2023,7,July,3,37417,61.6339221836993,Normal
ATM_0020,2023-11-12,Sunday,Afternoon,61034,14629,Standalone,0,0,123544,Rainy,2,59119,2023,11,November,4,46405,49.40264197370977,Normal
ATM_0022,2023-02-26,Sunday,Morning,77512,1142,Supermarket,0,0,75402,Cloudy,2,70555,2023,2,February,1,76370,102.79833426169067,High Risk
ATM_0048,2022-11-04,Friday,Night,45491,7765,Mall,0,0,104386,Snowy,2,37511,2022,11,November,4,37726,43.57959879677351,Normal
ATM_0012,2023-12-30,Saturday,Morning,50529,5035,Bank Branch,0,1,89015,Clear,2,45420,2023,12,December,4,45494,56.76459023760041,Normal
ATM_0008,2022-04-08,Friday,Evening,46293,4351,Standalone,0,0,90183,Clear,1,36256,2022,4,April,2,41942,51.33229100828316,Normal
ATM_0037,2022-08-06,Saturday,Morning,33035,5755,Bank Branch,0,0,73826,Snowy,4,23564,2022,8,August,3,27280,44.74710806490938,Normal
ATM_0049,2023-07-09,Sunday,Morning,63601,12029,Supermarket,0,1,98602,Snowy,4,72404,2023,7,July,3,51572,64.50274842295288,Normal
ATM_0043,2022-11-01,Tuesday,Morning,38037,11902,Gas Station,0,0,113814,Clear,2,32936,2022,11,November,4,26135,33.420317359903,Normal
ATM_0027,2022-04-06,Wednesday,Evening,56894,14568,Standalone,0,0,102671,Rainy,0,43929,2022,4,April,2,42326,55.413894868073754,Normal
ATM_0007,2023-08-26,Saturday,Morning,60134,11746,Mall,0,0,106841,Clear,3,58037,2023,8,August,3,48388,56.28363643170693,Normal
ATM_0024,2023-02-20,Monday,Morning,28625,5127,Standalone,0,0,104591,Rainy,0,24757,2023,2,February,1,23498,27.368511631019878,Normal
ATM_0022,2022-06-22,Wednesday,Afternoon,39134,9608,Supermarket,0,0,89690,Clear,5,23699,2022,6,June,2,29526,43.63251198572862,Normal
ATM_0002,2023-04-27,Thursday,Afternoon,42797,10150,Bank Branch,0,0,102239,Rainy,3,40740,2023,4,April,2,32647,41.859759974178154,Normal
ATM_0001,2023-11-29,Wednesday,Evening,43149,16922,Supermarket,0,0,105040,Rainy,3,34693,2023,11,November,4,26227,41.07863670982483,Normal
ATM_0036,2022-09-01,Thursday,Morning,73314,16848,Gas Station,0,0,114688,Cloudy,1,76988,2022,9,September,3,56466,63.92473493303571,Normal
ATM_0034,2022-10-27,Thursday,Evening,71336,10266,Bank Branch,0,0,112562,Cloudy,4,70599,2022,10,October,4,61070,63.37485119312024,Normal
ATM_0019,2022-10-03,Monday,Afternoon,69943,7052,Supermarket,0,0,82771,Clear,5,77125,2022,10,October,4,62891,84.50181826968382,High Risk
ATM_0027,2022-09-19,Monday,Night,51462,8866,Mall,0,1,112982,Cloudy,4,56587,2022,9,September,3,42596,45.548848489139864,Normal
ATM_0013,2022-09-17,Saturday,Afternoon,30654,16268,Supermarket,0,0,84703,Clear,5,11413,2022,9,September,3,14386,36.18998146464706,Normal
ATM_0016,2022-05-16,Monday,Morning,23060,4451,Bank Branch,0,1,66372,Clear,5,30364,2022,5,May,2,18609,34.74356656421382,Normal
ATM_0005,2023-12-02,Saturday,Night,58774,10283,Bank Branch,0,1,109576,Snowy,0,55721,2023,12,December,4,48491,53.63765788128787,Normal
ATM_0037,2022-01-03,Monday,Afternoon,49591,8984,Mall,0,0,96786,Clear,3,46406,2022,1,January,1,40607,51.23778232388981,Normal
ATM_0007,2022-12-16,Friday,Afternoon,59076,8598,Gas Station,0,0,72386,Clear,2,59701,2022,12,December,4,50478,81.61246649904677,High Risk
ATM_0021,2023-02-25,Saturday,Night,56181,12625,Supermarket,0,0,52229,Cloudy,5,53045,2023,2,February,1,43556,107.56667751632234,Normal
ATM_0013,2023-10-13,Friday,Afternoon,37484,6544,Bank Branch,0,0,102367,Rainy,5,25571,2023,10,October,4,30940,36.617269237156506,Normal
ATM_0043,2022-09-06,Tuesday,Night,37949,9204,Gas Station,0,1,85672,Cloudy,0,29519,2022,9,September,3,28745,44.295685871696705,Normal
ATM_0017,2022-01-04,Tuesday,Night,40415,4598,Gas Station,0,0,107601,Clear,5,33408,2022,1,January,1,35817,37.56005985074488,Normal
ATM_0030,2023-06-21,Wednesday,Evening,58566,6146,Bank Branch,0,0,130412,Snowy,1,60357,2023,6,June,2,52420,44.9084440082201,Normal
ATM_0019,2022-10-14,Friday,Afternoon,40368,0,Gas Station,0,0,108043,Cloudy,4,33098,2022,10,October,4,40368,37.36290180761364,Normal
ATM_0005,2023-08-24,Thursday,Night,53728,9827,Standalone,0,0,89774,Rainy,3,55318,2023,8,August,3,43901,59.848062913538435,Normal
ATM_0013,2023-12-06,Wednesday,Evening,52763,13049,Gas Station,0,1,95362,Snowy,1,49895,2023,12,December,4,39714,55.32916675405297,Normal
ATM_0031,2022-08-14,Sunday,Night,44869,0,Bank Branch,0,0,88195,Rainy,5,53057,2022,8,August,3,44869,50.8747661432054,Normal
ATM_0032,2023-01-29,Sunday,Afternoon,45969,11738,Supermarket,0,0,56404,Rainy,0,36141,2023,1,January,1,34231,81.49953903978441,Normal
ATM_0018,2023-01-15,Sunday,Evening,49147,9064,Mall,0,0,125525,Snowy,5,40628,2023,1,January,1,40083,39.153156741684924,Normal
ATM_0026,2022-01-21,Friday,Morning,49707,6431,Supermarket,0,1,89120,Clear,1,54939,2022,1,January,1,43276,55.775359066427285,Normal
ATM_0019,2022-09-16,Friday,Afternoon,56410,8057,Supermarket,0,0,116511,Rainy,5,46114,2022,9,September,3,48353,48.41602938778313,Normal
ATM_0032,2023-06-26,Monday,Morning,41276,5722,Bank Branch,0,1,63745,Snowy,5,44110,2023,6,June,2,35554,64.75174523492039,Normal
ATM_0050,2023-07-22,Saturday,Night,34512,19586,Supermarket,0,0,116581,Cloudy,1,20826,2023,7,July,3,14926,29.603451677374533,Normal
ATM_0012,2022-04-22,Friday,Evening,58826,12187,Gas Station,0,0,88453,Snowy,4,49449,2022,4,April,2,46639,66.50537573626671,Normal
ATM_0013,2023-10-06,Friday,Night,27350,8371,Supermarket,0,0,102266,Snowy,0,25328,2023,10,October,4,18979,26.74398138188645,Normal
ATM_0025,2023-04-29,Saturday,Afternoon,69304,9377,Bank Branch,0,0,76745,Snowy,2,73891,2023,4,April,2,59927,90.30425434881751,High Risk
ATM_0031,2022-09-04,Sunday,Evening,47575,7677,Gas Station,0,0,128477,Clear,5,34106,2022,9,September,3,39898,37.0299742366338,Normal
ATM_0005,2022-04-16,Saturday,Afternoon,67566,10537,Bank Branch,0,0,74425,Clear,1,72670,2022,4,April,2,57029,90.78401074907624,High Risk
ATM_0030,2023-02-27,Monday,Morning,31611,8126,Mall,0,0,90396,Cloudy,5,27147,2023,2,February,1,23485,34.969467675560864,Normal
ATM_0009,2022-08-15,Monday,Afternoon,14258,4493,Bank Branch,0,0,87458,Clear,2,14357,2022,8,August,3,9765,16.302682430423747,Normal
ATM_0001,2023-08-25,Friday,Night,68112,5930,Mall,0,1,103609,Cloudy,1,75569,2023,8,August,3,62182,65.73946278798174,Normal
ATM_0006,2022-12-15,Thursday,Afternoon,53398,16489,Supermarket,0,0,125251,Snowy,4,46310,2022,12,December,4,36909,42.63279335095129,Normal
ATM_0035,2023-10-07,Saturday,Afternoon,49137,7622,Mall,0,0,86723,Snowy,4,36212,2023,10,October,4,41515,56.65970965026579,Normal
ATM_0011,2023-11-05,Sunday,Morning,58304,12101,Gas Station,0,0,111836,Rainy,3,48291,2023,11,November,4,46203,52.13348116885439,Normal
ATM_0022,2022-04-13,Wednesday,Morning,68889,15497,Supermarket,0,0,92966,Snowy,0,60616,2022,4,April,2,53392,74.10128434051158,Normal
ATM_0028,2023-12-15,Friday,Evening,65126,10470,Standalone,0,0,86632,Rainy,0,64544,2023,12,December,4,54656,75.17545479730353,Normal
ATM_0048,2022-04-10,Sunday,Morning,29082,8450,Standalone,0,0,115702,Rainy,1,19582,2022,4,April,2,20632,25.135261274653853,Normal
ATM_0048,2022-02-16,Wednesday,Afternoon,69745,0,Bank Branch,0,0,75544,Rainy,1,74095,2022,2,February,1,69745,92.32367891559886,High Risk
ATM_0019,2023-04-17,Monday,Morning,36265,11450,Gas Station,0,0,107879,Rainy,0,22080,2023,4,April,2,24815,33.616366484672646,Normal
ATM_0008,2022-07-29,Friday,Evening,31727,11981,Standalone,0,0,87395,Cloudy,1,24438,2022,7,July,3,19746,36.302992162023,Normal
ATM_0045,2022-03-06,Sunday,Afternoon,26442,17785,Gas Station,0,0,103740,Rainy,2,14783,2022,3,March,1,8657,25.48872180451128,Normal
ATM_0003,2023-06-30,Friday,Afternoon,40378,15553,Gas Station,0,0,105507,Rainy,1,33559,2023,6,June,2,24825,38.27044651065806,Normal
ATM_0005,2022-06-07,Tuesday,Night,63705,11117,Mall,0,0,70320,Rainy,2,50985,2022,6,June,2,52588,90.59300341296928,Normal
ATM_0046,2023-06-17,Saturday,Evening,68795,9548,Gas Station,0,0,123520,Rainy,3,51538,2023,6,June,2,59247,55.695433937823836,Normal
ATM_0028,2022-06-26,Sunday,Night,67021,12150,Standalone,0,0,110170,Rainy,5,53140,2022,6,June,2,54871,60.83416538077516,Normal
ATM_0050,2022-01-21,Friday,Afternoon,51774,4419,Gas Station,0,0,103423,Cloudy,0,51782,2022,1,January,1,47355,50.0604314320799,Normal
ATM_0038,2022-04-29,Friday,Afternoon,32855,15347,Mall,0,0,99917,Clear,4,13961,2022,4,April,2,17508,32.88229230261116,Normal
ATM_0031,2023-02-09,Thursday,Afternoon,58548,6619,Mall,0,0,119874,Rainy,1,55743,2023,2,February,1,51929,48.84128334751489,Normal
ATM_0016,2022-02-21,Monday,Morning,46203,7044,Bank Branch,0,0,106573,Clear,2,47437,2022,2,February,1,39159,43.353382188734486,Normal
ATM_0034,2023-07-05,Wednesday,Morning,68240,6403,Standalone,0,0,97388,Rainy,1,73418,2023,7,July,3,61837,70.07023452581427,Normal
ATM_0003,2023-03-14,Tuesday,Night,56919,12776,Bank Branch,0,0,121665,Rainy,5,41603,2023,3,March,1,44143,46.783380594254716,Normal
ATM_0041,2022-04-02,Saturday,Afternoon,45386,5161,Supermarket,0,0,111289,Cloudy,5,51751,2022,4,April,2,40225,40.78210784533961,Normal
ATM_0041,2023-07-14,Friday,Morning,32573,21665,Standalone,0,0,125918,Snowy,2,21656,2023,7,July,3,10908,25.868422306580474,Normal
ATM_0002,2022-02-03,Thursday,Morning,25447,22616,Mall,0,0,88195,Clear,5,11178,2022,2,February,1,2831,28.853109586711266,Normal
ATM_0002,2022-03-27,Sunday,Evening,48192,4468,Bank Branch,0,0,102033,Clear,0,52299,2022,3,March,1,43724,47.23177795419129,Normal
ATM_0045,2022-07-14,Thursday,Night,41835,4611,Mall,0,0,83912,Snowy,0,36516,2022,7,July,3,37224,49.855801315664024,Normal
ATM_0041,2023-09-12,Tuesday,Morning,53386,13316,Bank Branch,0,1,152049,Snowy,3,56717,2023,9,September,3,40070,35.111049727390515,Normal
ATM_0044,2022-04-28,Thursday,Evening,57163,5413,Standalone,0,0,92657,Clear,4,42037,2022,4,April,2,51750,61.69312626137259,Normal
ATM_0010,2023-09-07,Thursday,Night,50473,8252,Standalone,0,0,118061,Clear,1,51792,2023,9,September,3,42221,42.751628395490464,Normal
ATM_0012,2022-10-23,Sunday,Morning,45283,16627,Standalone,0,0,96670,Clear,4,31615,2022,10,October,4,28656,46.84286748732802,Normal
ATM_0028,2023-04-24,Monday,Morning,35432,6306,Mall,0,0,87459,Clear,5,30965,2023,4,April,2,29126,40.512697378200066,Normal
ATM_0017,2022-09-09,Friday,Night,72408,8346,Standalone,0,0,148523,Clear,2,74610,2022,9,September,3,64062,48.752045137790105,Normal
ATM_0047,2023-06-13,Tuesday,Evening,55525,14886,Supermarket,0,0,103593,Cloudy,4,34347,2023,6,June,2,40639,53.599181411871456,Normal
ATM_0008,2022-08-30,Tuesday,Night,46855,13042,Bank Branch,0,0,107343,Rainy,2,34273,2022,8,August,3,33813,43.649795515310736,Normal
ATM_0024,2023-11-09,Thursday,Morning,49527,17547,Standalone,0,0,40664,Rainy,4,40926,2023,11,November,4,31980,121.79569152075547,Normal
ATM_0025,2022-02-12,Saturday,Morning,67204,9675,Gas Station,0,0,104158,Rainy,1,57129,2022,2,February,1,57529,64.52120816451928,Normal
ATM_0027,2023-09-09,Saturday,Night,64789,11334,Supermarket,0,0,133571,Clear,4,43179,2023,9,September,3,53455,48.50528932178392,Normal
ATM_0050,2023-10-14,Saturday,Afternoon,18139,6549,Bank Branch,0,0,129316,Snowy,0,10024,2023,10,October,4,11590,14.026879891119428,Normal
ATM_0008,2023-02-06,Monday,Evening,66388,5590,Supermarket,0,0,88175,Clear,2,59065,2023,2,February,1,60798,75.2911823079104,Normal
ATM_0041,2022-09-22,Thursday,Afternoon,51521,6231,Supermarket,0,1,116855,Cloudy,1,55925,2022,9,September,3,45290,44.08968379615763,Normal
ATM_0034,2022-07-18,Monday,Night,41919,9512,Bank Branch,0,0,66332,Clear,3,36046,2022,7,July,3,32407,63.19574262799252,Normal
ATM_0018,2022-09-06,Tuesday,Afternoon,30122,20525,Mall,0,0,58769,Cloudy,4,8681,2022,9,September,3,9597,51.2549133046334,Normal
ATM_0044,2022-10-30,Sunday,Afternoon,37997,4479,Supermarket,0,0,80841,Snowy,3,33842,2022,10,October,4,33518,47.00214000321619,Normal
ATM_0020,2022-06-12,Sunday,Morning,79278,10389,Bank Branch,0,0,123658,Rainy,2,69865,2022,6,June,2,68889,64.11069239353702,Normal
ATM_0047,2023-06-26,Monday,Night,57604,8477,Bank Branch,0,0,126142,Snowy,0,56168,2023,6,June,2,49127,45.66599546542785,Normal
ATM_0030,2022-02-11,Friday,Night,72258,7654,Standalone,0,1,89936,Cloudy,1,66084,2022,2,February,1,64604,80.34380003558086,Normal
ATM_0023,2023-01-18,Wednesday,Evening,34795,12144,Mall,0,0,70879,Rainy,5,28096,2023,1,January,1,22651,49.09070387561901,Normal
ATM_0044,2023-01-13,Friday,Evening,25081,17749,Supermarket,0,0,110272,Snowy,1,16966,2023,1,January,1,7332,22.744667730702265,Normal
ATM_0047,2022-01-24,Monday,Morning,61245,15631,Gas Station,1,0,98027,Cloudy,2,53186,2022,1,January,1,45614,62.47768471951605,Normal
ATM_0019,2023-06-10,Saturday,Morning,67111,11465,Bank Branch,0,0,111710,Snowy,1,47307,2023,6,June,2,55646,60.07608987557067,Normal
ATM_0036,2023-12-16,Saturday,Afternoon,24930,5768,Standalone,0,0,134882,Rainy,3,17086,2023,12,December,4,19162,18.48282202221201,Normal
ATM_0040,2023-12-15,Friday,Morning,44613,3497,Standalone,0,0,128677,Clear,2,46696,2023,12,December,4,41116,34.67053164124125,Normal
ATM_0016,2022-07-29,Friday,Afternoon,39564,7499,Bank Branch,0,1,110640,Snowy,1,42318,2022,7,July,3,32065,35.759219088937094,Normal
ATM_0034,2022-09-21,Wednesday,Evening,64045,9036,Mall,0,0,84543,Rainy,1,66810,2022,9,September,3,55009,75.75434985746898,High Risk
ATM_0007,2022-04-03,Sunday,Morning,48290,8300,Supermarket,0,0,139058,Cloudy,5,32994,2022,4,April,2,39990,34.72651699290943,Normal
ATM_0008,2023-07-12,Wednesday,Morning,31616,10674,Supermarket,0,1,99633,Rainy,4,27834,2023,7,July,3,20942,31.73245812130519,Normal
ATM_0006,2023-10-09,Monday,Afternoon,48238,14365,Gas Station,0,0,112179,Cloudy,5,36501,2023,10,October,4,33873,43.000918175416075,Normal
ATM_0021,2022-08-20,Saturday,Morning,54496,1721,Gas Station,0,0,112926,Clear,0,51182,2022,8,August,3,52775,48.258151355755096,Normal
ATM_0049,2023-09-19,Tuesday,Night,72117,7003,Standalone,0,1,124708,Clear,3,80628,2023,9,September,3,65114,57.828687814735225,Normal
ATM_0033,2023-02-21,Tuesday,Morning,56206,11212,Mall,0,1,101364,Rainy,0,56369,2023,2,February,1,44994,55.44966654828144,Normal
ATM_0002,2023-08-24,Thursday,Morning,62269,9649,Standalone,0,0,114508,Clear,4,46081,2023,8,August,3,52620,54.379606665036505,Normal
ATM_0009,2023-09-04,Monday,Morning,50110,4585,Bank Branch,0,0,61494,Snowy,3,37068,2023,9,September,3,45525,81.48762480892445,Normal
ATM_0041,2023-12-21,Thursday,Night,60906,12895,Standalone,0,0,109341,Clear,5,46309,2023,12,December,4,48011,55.70280132795566,Normal
ATM_0027,2022-01-04,Tuesday,Afternoon,28533,9649,Gas Station,0,0,93049,Snowy,1,14755,2022,1,January,1,18884,30.664488602779183,Normal
ATM_0004,2022-03-20,Sunday,Evening,37365,9600,Supermarket,0,0,87767,Clear,4,30405,2022,3,March,1,27765,42.572948830426014,Normal
ATM_0041,2023-08-12,Saturday,Evening,32954,11158,Mall,0,0,86879,Rainy,1,24586,2023,8,August,3,21796,37.93091541108898,Normal
ATM_0026,2023-06-27,Tuesday,Night,66674,2244,Standalone,0,0,130103,Rainy,3,64774,2023,6,June,2,64430,51.24708884499205,Normal
ATM_0013,2022-06-24,Friday,Afternoon,69843,7241,Bank Branch,0,0,62675,Rainy,0,61562,2022,6,June,2,62602,111.43677702433187,High Risk
ATM_0016,2023-04-08,Saturday,Evening,38595,9997,Standalone,0,0,100682,Clear,0,28282,2023,4,April,2,28598,38.333565086112706,Normal
ATM_0017,2022-02-07,Monday,Evening,51083,7189,Bank Branch,0,0,71558,Cloudy,5,48815,2022,2,February,1,43894,71.38684703317588,Normal
ATM_0003,2023-01-11,Wednesday,Morning,53225,5951,Standalone,0,0,74975,Cloudy,3,59578,2023,1,January,1,47274,70.99033011003668,High Risk
ATM_0028,2022-02-17,Thursday,Morning,45737,17838,Mall,0,0,112911,Cloudy,0,32263,2022,2,February,1,27899,40.50712508081587,Normal
ATM_0003,2022-07-17,Sunday,Morning,60559,10603,Supermarket,0,0,113246,Snowy,3,46784,2022,7,July,3,49956,53.47561944792753,Normal
ATM_0026,2023-09-15,Friday,Morning,60844,16188,Mall,0,0,77635,Cloudy,0,46697,2023,9,September,3,44656,78.37186835834353,Normal
ATM_0021,2022-08-06,Saturday,Morning,62328,5909,Bank Branch,0,0,102460,Snowy,2,50886,2022,8,August,3,56419,60.83154401717743,Normal
ATM_0023,2022-02-23,Wednesday,Night,56497,1981,Supermarket,0,0,71121,Cloudy,4,45563,2022,2,February,1,54516,79.43785942267404,Normal
ATM_0007,2023-05-13,Saturday,Night,50289,9888,Gas Station,0,0,106871,Rainy,4,48538,2023,5,May,2,40401,47.055796240327126,Normal
ATM_0014,2023-06-22,Thursday,Evening,78128,10522,Standalone,0,0,111963,Clear,0,61376,2023,6,June,2,67606,69.78019524307138,Normal
ATM_0016,2022-11-08,Tuesday,Morning,35367,10357,Supermarket,0,1,97823,Rainy,2,26965,2022,11,November,4,25010,36.154074195230166,Normal
ATM_0020,2022-09-01,Thursday,Night,65494,3450,Supermarket,0,0,54335,Rainy,3,65944,2022,9,September,3,62044,120.53740682801141,High Risk
ATM_0003,2022-08-06,Saturday,Afternoon,46798,16161,Standalone,0,0,108747,Clear,0,32731,2022,8,August,3,30637,43.03383081832142,Normal
ATM_0007,2023-11-15,Wednesday,Evening,46440,15139,Gas Station,0,0,92159,Clear,4,27671,2023,11,November,4,31301,50.391171779207674,Normal
ATM_0004,2023-06-04,Sunday,Evening,50424,13116,Supermarket,0,0,132742,Clear,2,33750,2023,6,June,2,37308,37.98646999442528,Normal
ATM_0019,2023-08-11,Friday,Afternoon,49000,0,Mall,0,0,106738,Cloudy,2,40846,2023,8,August,3,49000,45.90679982761528,Normal
ATM_0038,2022-06-19,Sunday,Night,56784,18378,Supermarket,0,0,96120,Cloudy,4,33255,2022,6,June,2,38406,59.076154806491886,Normal
ATM_0037,2023-01-20,Friday,Evening,44653,2374,Supermarket,0,0,96104,Cloudy,0,35500,2023,1,January,1,42279,46.463206526263214,Normal
ATM_0034,2022-10-30,Sunday,Afternoon,45420,10416,Supermarket,0,0,93332,Cloudy,5,28761,2022,10,October,4,35004,48.664980928298974,Normal
ATM_0037,2022-09-12,Monday,Afternoon,45027,10401,Standalone,0,0,100810,Snowy,0,29818,2022,9,September,3,34626,44.665211784545185,Normal
ATM_0050,2023-05-28,Sunday,Evening,61417,9095,Supermarket,0,0,85706,Rainy,1,58907,2023,5,May,2,52322,71.66009380906821,High Risk
ATM_0013,2022-04-21,Thursday,Afternoon,36309,8606,Bank Branch,0,0,92250,Rainy,3,35890,2022,4,April,2,27703,39.359349593495935,Normal
ATM_0026,2023-08-01,Tuesday,Morning,46292,1449,Gas Station,0,0,120743,Clear,4,40030,2023,8,August,3,44843,38.33928260851561,Normal
ATM_0031,2022-06-08,Wednesday,Night,15963,5114,Mall,0,0,95146,Cloudy,0,10721,2022,6,June,2,10849,16.777373720387615,Normal
ATM_0042,2023-03-29,Wednesday,Afternoon,88704,6551,Bank Branch,0,0,98935,Rainy,4,72465,2023,3,March,1,82153,89.65886693283468,Normal
ATM_0039,2022-08-14,Sunday,Evening,47975,6411,Supermarket,0,1,77924,Rainy,4,54477,2022,8,August,3,41564,61.566398028848624,High Risk
ATM_0009,2023-11-05,Sunday,Morning,53893,12871,Standalone,0,0,90052,Snowy,3,45378,2023,11,November,4,41022,59.84653311420068,Normal
ATM_0043,2022-05-01,Sunday,Afternoon,52009,6941,Supermarket,0,0,90062,Snowy,0,46704,2022,5,May,2,45068,57.747995825098265,Normal
ATM_0036,2022-05-31,Tuesday,Night,51108,6944,Supermarket,0,0,83352,Rainy,3,48879,2022,5,May,2,44164,61.315865246184856,Normal
ATM_0043,2022-09-30,Friday,Morning,44011,14534,Supermarket,0,0,92481,Cloudy,2,26436,2022,9,September,3,29477,47.589234545474206,Normal
ATM_0027,2023-10-08,Sunday,Morning,53917,13958,Bank Branch,0,0,88561,Cloudy,3,44630,2023,10,October,4,39959,60.88120052844932,Normal
ATM_0007,2023-11-20,Monday,Afternoon,40383,18294,Bank Branch,0,0,119691,Snowy,4,37277,2023,11,November,4,22089,33.73937890066922,Normal
ATM_0022,2022-05-04,Wednesday,Evening,61860,13936,Bank Branch,0,0,109191,Cloudy,4,64665,2022,5,May,2,47924,56.65302085336703,Normal
ATM_0010,2022-09-04,Sunday,Evening,80266,10219,Supermarket,0,0,111545,Clear,0,65669,2022,9,September,3,70047,71.95840243847775,Normal
ATM_0011,2023-05-05,Friday,Afternoon,28236,16370,Mall,0,0,48949,Cloudy,4,15442,2023,5,May,2,11866,57.68452879527671,Normal
ATM_0026,2023-02-03,Friday,Morning,37530,7545,Mall,0,0,127697,Cloudy,4,28382,2023,2,February,1,29985,29.38988386571337,Normal
ATM_0013,2022-03-18,Friday,Morning,55949,5834,Bank Branch,0,0,121319,Snowy,0,61052,2022,3,March,1,50115,46.117261105020646,Normal
ATM_0004,2022-03-09,Wednesday,Night,31959,5049,Supermarket,0,0,83498,Snowy,0,24103,2022,3,March,1,26910,38.27516826750341,Normal
ATM_0019,2023-10-07,Saturday,Morning,50696,10389,Standalone,0,0,130881,Cloudy,1,32078,2023,10,October,4,40307,38.734422872685876,Normal
ATM_0041,2023-06-19,Monday,Afternoon,55775,0,Supermarket,0,1,105252,Cloudy,5,73464,2023,6,June,2,55775,52.991867137916614,Normal
ATM_0010,2022-02-21,Monday,Evening,28249,5170,Bank Branch,0,0,83756,Snowy,0,21843,2022,2,February,1,23079,33.72773293853575,Normal
ATM_0032,2023-03-28,Tuesday,Night,53052,2945,Supermarket,0,0,107133,Rainy,0,49897,2023,3,March,1,50107,49.51975581753521,Normal
ATM_0046,2023-04-05,Wednesday,Afternoon,83554,0,Gas Station,0,0,93981,Cloudy,5,93432,2023,4,April,2,83554,88.9052042434109,Normal
ATM_0009,2023-09-03,Sunday,Afternoon,51160,14446,Standalone,0,0,150921,Clear,5,50613,2023,9,September,3,36714,33.8985296943434,Normal
ATM_0032,2023-10-03,Tuesday,Night,75684,7387,Gas Station,0,1,70977,Rainy,4,86598,2023,10,October,4,68297,106.63172577031996,High Risk
ATM_0045,2023-09-09,Saturday,Morning,43907,5265,Standalone,0,0,109026,Snowy,0,47383,2023,9,September,3,38642,40.27204520022747,Normal
ATM_0013,2022-07-23,Saturday,Afternoon,32282,9496,Gas Station,0,0,81073,Rainy,2,23187,2022,7,July,3,22786,39.81843523737866,Normal
ATM_0023,2022-06-25,Saturday,Afternoon,45083,9791,Standalone,0,1,100318,Cloudy,0,42038,2022,6,June,2,35292,44.940090512171295,Normal
ATM_0030,2023-07-12,Wednesday,Morning,52707,8159,Gas Station,0,0,91848,Rainy,5,54057,2023,7,July,3,44548,57.38502743663444,Normal
ATM_0007,2022-03-22,Tuesday,Afternoon,40302,14233,Mall,0,0,100379,Rainy,3,22902,2022,3,March,1,26069,40.14983213620379,Normal
ATM_0016,2023-06-10,Saturday,Evening,42181,13190,Bank Branch,0,0,104254,Snowy,3,39168,2023,6,June,2,28991,40.459838471425556,Normal
ATM_0008,2022-07-14,Thursday,Afternoon,58198,15787,Gas Station,0,0,119322,Snowy,2,48344,2022,7,July,3,42411,48.773905901677814,Normal
ATM_0017,2023-08-30,Wednesday,Morning,57369,2981,Bank Branch,0,0,118985,Snowy,0,47675,2023,8,August,3,54388,48.21532125898222,Normal
ATM_0010,2023-02-10,Friday,Evening,48135,9606,Supermarket,0,0,126111,Clear,3,38594,2023,2,February,1,38529,38.16875609582035,Normal
ATM_0018,2022-10-19,Wednesday,Morning,39300,18673,Bank Branch,0,0,78590,Snowy,0,18703,2022,10,October,4,20627,50.006362132586844,Normal
ATM_0026,2023-04-27,Thursday,Morning,48529,14049,Bank Branch,0,1,133425,Cloudy,5,46055,2023,4,April,2,34480,36.37174442570733,Normal
ATM_0033,2022-06-24,Friday,Afternoon,53772,15087,Mall,0,0,90741,Rainy,5,45263,2022,6,June,2,38685,59.258769464740304,Normal
ATM_0006,2023-05-19,Friday,Afternoon,66238,6699,Mall,0,0,96633,Snowy,4,64900,2023,5,May,2,59539,68.54594186251074,Normal
ATM_0027,2022-06-25,Saturday,Evening,53592,9938,Gas Station,0,0,105678,Cloudy,1,40901,2022,6,June,2,43654,50.71254187248056,Normal
ATM_0049,2023-03-13,Monday,Afternoon,40939,11096,Supermarket,0,0,113468,Clear,4,40752,2023,3,March,1,29843,36.07977579581909,Normal
ATM_0012,2023-07-11,Tuesday,Evening,52426,11733,Gas Station,0,0,93259,Rainy,4,35160,2023,7,July,3,40693,56.21548590484564,Normal
ATM_0049,2023-04-06,Thursday,Morning,57443,17414,Gas Station,0,0,114095,Cloudy,3,30638,2023,4,April,2,40029,50.34664095709716,Normal
ATM_0044,2022-05-02,Monday,Night,62143,11470,Gas Station,0,0,69936,Cloudy,3,59027,2022,5,May,2,50673,88.85695493022192,High Risk
ATM_0016,2023-02-19,Sunday,Afternoon,49835,12199,Mall,0,0,133528,Clear,3,39145,2023,2,February,1,37636,37.32176023006411,Normal
ATM_0035,2022-05-28,Saturday,Morning,60890,5963,Bank Branch,0,0,98842,Snowy,2,61749,2022,5,May,2,54927,61.603366989741204,Normal
ATM_0044,2022-06-13,Monday,Morning,61855,12602,Gas Station,0,0,124718,Snowy,0,44895,2022,6,June,2,49253,49.595888324059075,Normal
ATM_0050,2022-12-10,Saturday,Night,19699,9963,Mall,0,0,93765,Cloudy,4,11279,2022,12,December,4,9736,21.008905241827975,Normal
ATM_0010,2022-03-16,Wednesday,Afternoon,70176,6990,Mall,0,1,114182,Rainy,2,69713,2022,3,March,1,63186,61.45977474558162,Normal
ATM_0037,2023-02-12,Sunday,Night,52433,9250,Supermarket,0,1,122245,Snowy,1,42548,2023,2,February,1,43183,42.891733813243896,Normal
ATM_0028,2023-10-01,Sunday,Evening,56955,4162,Supermarket,0,0,97193,Rainy,1,43040,2023,10,October,4,52793,58.599899169693295,Normal
ATM_0003,2022-12-05,Monday,Morning,80267,12458,Supermarket,0,0,115267,Rainy,5,83382,2022,12,December,4,67809,69.63571533916905,Normal
ATM_0035,2023-03-20,Monday,Evening,45066,13596,Supermarket,0,1,103393,Rainy,2,38715,2023,3,March,1,31470,43.58709003510876,Normal
ATM_0039,2022-12-12,Monday,Morning,57229,14727,Mall,0,0,98412,Cloudy,5,35762,2022,12,December,4,42502,58.152461081981876,Normal
ATM_0035,2023-06-04,Sunday,Night,63480,6960,Mall,0,0,97287,Cloudy,0,53781,2023,6,June,2,56520,65.25023898362576,Normal
ATM_0023,2022-07-03,Sunday,Afternoon,61789,19798,Supermarket,0,0,106264,Cloudy,3,53412,2022,7,July,3,41991,58.146691259504635,Normal
ATM_0013,2023-07-07,Friday,Afternoon,44255,12170,Mall,0,1,99142,Cloudy,2,47578,2023,7,July,3,32085,44.63799398842065,Normal
ATM_0025,2022-03-21,Monday,Morning,51114,4219,Gas Station,0,0,77824,Cloudy,3,52898,2022,3,March,1,46895,65.67896792763158,Normal
ATM_0035,2022-06-03,Friday,Night,44711,13504,Supermarket,0,0,121466,Rainy,1,29021,2022,6,June,2,31207,36.80947754927305,Normal
ATM_0021,2023-06-13,Tuesday,Afternoon,62220,0,Gas Station,0,1,94743,Clear,5,64792,2023,6,June,2,62220,65.67239796079922,Normal
ATM_0035,2022-11-22,Tuesday,Morning,60503,5249,Gas Station,0,0,102121,Rainy,2,60394,2022,11,November,4,55254,59.24638419130247,Normal
ATM_0004,2023-12-14,Thursday,Evening,60616,7924,Mall,0,0,114102,Snowy,3,55564,2023,12,December,4,52692,53.124397468931306,Normal
ATM_0025,2023-09-27,Wednesday,Evening,73375,13311,Gas Station,0,0,86192,Clear,5,75221,2023,9,September,3,60064,85.12971041395954,High Risk
ATM_0008,2022-06-21,Tuesday,Evening,48712,9620,Supermarket,0,0,101606,Snowy,2,41307,2022,6,June,2,39092,47.94205066629924,Normal
ATM_0018,2022-09-15,Thursday,Afternoon,19461,7286,Supermarket,0,0,61352,Cloudy,1,14028,2022,9,September,3,12175,31.720237319076805,Normal
ATM_0009,2022-12-28,Wednesday,Evening,45053,2396,Bank Branch,0,0,107683,Rainy,5,52061,2022,12,December,4,42657,41.838544617070475,Normal
ATM_0035,2023-08-13,Sunday,Evening,48431,3028,Gas Station,0,0,110270,Rainy,1,39277,2023,8,August,3,45403,43.92037725582661,Normal
ATM_0035,2023-08-10,Thursday,Morning,78833,2859,Standalone,0,0,81838,Snowy,0,86837,2023,8,August,3,75974,96.3281116351817,High Risk
ATM_0044,2023-11-28,Tuesday,Evening,53912,13999,Bank Branch,0,0,114153,Snowy,5,31878,2023,11,November,4,39913,47.22784333307053,Normal
ATM_0031,2022-07-02,Saturday,Evening,57598,6707,Gas Station,0,0,103478,Rainy,3,54165,2022,7,July,3,50891,55.66207309766327,Normal
ATM_0038,2022-08-15,Monday,Afternoon,54962,18393,Standalone,0,0,73805,Snowy,0,41627,2022,8,August,3,36569,74.46920940315697,Normal
ATM_0015,2023-06-01,Thursday,Morning,57222,14164,Supermarket,0,0,111753,Snowy,2,57685,2023,6,June,2,43058,51.20399452363695,Normal
ATM_0002,2023-10-24,Tuesday,Night,69475,4562,Supermarket,0,0,72281,Cloudy,4,67729,2023,10,October,4,64913,96.11792863961483,High Risk
ATM_0021,2022-01-17,Monday,Evening,49904,16103,Gas Station,0,0,91332,Snowy,2,39795,2022,1,January,1,33801,54.64021372574782,Normal
ATM_0015,2022-01-08,Saturday,Afternoon,50780,10635,Standalone,0,0,111164,Clear,5,44279,2022,1,January,1,40145,45.680256198049726,Normal
ATM_0033,2023-08-14,Monday,Morning,47410,6965,Mall,0,1,126702,Cloudy,1,49875,2023,8,August,3,40445,37.418509573645245,Normal
ATM_0004,2022-07-23,Saturday,Evening,64503,6384,Supermarket,0,0,106191,Clear,0,60136,2022,7,July,3,58119,60.742435799644035,Normal
ATM_0024,2022-08-04,Thursday,Night,58150,9217,Standalone,0,0,88965,Snowy,3,49892,2022,8,August,3,48933,65.36278311695611,Normal
ATM_0007,2022-12-01,Thursday,Evening,65073,8035,Bank Branch,1,0,78267,Rainy,2,70949,2022,12,December,4,57038,83.14232051822607,High Risk
ATM_0040,2022-08-08,Monday,Night,51542,17811,Gas Station,0,0,158904,Clear,1,28290,2022,8,August,3,33731,32.4359361627146,Normal
ATM_0028,2023-04-04,Tuesday,Evening,56793,8668,Mall,0,0,118519,Snowy,1,50665,2023,4,April,2,48125,47.91889907947249,Normal
ATM_0045,2023-10-21,Saturday,Morning,30542,1579,Standalone,0,1,85819,Clear,0,30649,2023,10,October,4,28963,35.58885561472401,Normal
ATM_0050,2022-12-29,Thursday,Afternoon,62241,15881,Gas Station,0,0,74555,Clear,5,35987,2022,12,December,4,46360,83.48333445107639,Normal
ATM_0038,2023-06-21,Wednesday,Night,60695,263,Supermarket,0,0,98213,Rainy,3,50890,2023,6,June,2,60432,61.799354464276625,Normal
ATM_0001,2022-10-06,Thursday,Evening,66680,7242,Bank Branch,0,0,69861,Snowy,3,70234,2022,10,October,4,59438,95.44667267860466,High Risk
ATM_0011,2022-05-21,Saturday,Evening,52193,5573,Supermarket,0,0,84547,Cloudy,3,48822,2022,5,May,2,46620,61.732527469927966,Normal
ATM_0004,2022-11-29,Tuesday,Night,47586,4058,Gas Station,0,0,103875,Snowy,2,52360,2022,11,November,4,43528,45.810830324909745,Normal
ATM_0011,2022-05-22,Sunday,Night,65406,11366,Standalone,0,0,75913,Snowy,4,55011,2022,5,May,2,54040,86.1591558758052,High Risk
ATM_0041,2022-12-14,Wednesday,Night,59841,13846,Standalone,0,0,97208,Snowy,5,42075,2022,12,December,4,45995,61.559748168875,Normal
ATM_0040,2022-10-22,Saturday,Afternoon,59101,8338,Supermarket,0,0,87748,Clear,0,46373,2022,10,October,4,50763,67.35310206500434,Normal
ATM_0045,2023-03-15,Wednesday,Evening,66896,18009,Mall,0,0,119560,Clear,0,44949,2023,3,March,1,48887,55.95182335229174,Normal
ATM_0003,2022-06-09,Thursday,Evening,69057,6107,Standalone,0,0,112881,Rainy,0,58668,2022,6,June,2,62950,61.17681452148723,Normal
ATM_0016,2022-05-15,Sunday,Morning,69427,12024,Standalone,0,0,83226,Clear,1,67176,2022,5,May,2,57403,83.41984476005095,High Risk
ATM_0001,2022-11-28,Monday,Evening,39786,12758,Gas Station,0,0,137937,Rainy,5,29725,2022,11,November,4,27028,28.843602514191264,Normal
ATM_0041,2023-03-12,Sunday,Afternoon,37421,3450,Mall,0,0,92252,Snowy,4,35177,2023,3,March,1,33971,40.563890213762306,Normal
ATM_0034,2023-09-24,Sunday,Night,61298,15843,Gas Station,0,0,95093,Cloudy,1,55075,2023,9,September,3,45455,64.46110649574626,Normal
ATM_0032,2023-12-08,Friday,Afternoon,20306,7932,Gas Station,0,0,118994,Cloudy,5,19026,2023,12,December,4,12374,17.064725952569038,Normal
ATM_0019,2023-10-21,Saturday,Night,54117,4017,Bank Branch,0,0,51397,Rainy,2,61085,2023,10,October,4,50100,105.29213767340507,High Risk
ATM_0033,2023-12-22,Friday,Afternoon,44513,9642,Standalone,0,0,82321,Clear,4,42019,2023,12,December,4,34871,54.072472394650205,Normal
ATM_0014,2022-06-27,Monday,Morning,52146,0,Bank Branch,0,0,73714,Clear,1,60433,2022,6,June,2,52146,70.74097186423202,High Risk
ATM_0013,2023-09-14,Thursday,Afternoon,57338,12359,Mall,0,0,92331,Clear,0,38823,2023,9,September,3,44979,62.100486293877466,Normal
ATM_0025,2022-01-09,Sunday,Morning,45085,6358,Supermarket,0,0,115363,Snowy,3,45236,2022,1,January,1,38727,39.080987838388396,Normal
ATM_0011,2022-07-28,Thursday,Night,53117,9774,Standalone,0,0,86865,Rainy,3,43468,2022,7,July,3,43343,61.14890922696138,Normal
ATM_0026,2023-06-16,Friday,Morning,29666,0,Gas Station,0,0,96052,Rainy,2,31978,2023,6,June,2,29666,30.8853537667097,Normal
ATM_0031,2023-04-21,Friday,Evening,42556,10234,Standalone,0,0,88876,Snowy,4,35914,2023,4,April,2,32322,47.88244295422837,Normal
ATM_0041,2022-09-30,Friday,Night,52231,12603,Bank Branch,0,0,90142,Clear,2,49394,2022,9,September,3,39628,57.943023230014866,Normal
ATM_0010,2023-09-26,Tuesday,Morning,61249,1565,Supermarket,0,0,94952,Cloudy,3,68299,2023,9,September,3,59684,64.50522369197068,Normal
ATM_0043,2023-07-22,Saturday,Afternoon,58755,13702,Mall,0,0,113397,Rainy,5,61202,2023,7,July,3,45053,51.81354004074182,Normal
ATM_0029,2022-05-04,Wednesday,Night,54422,9021,Bank Branch,0,0,110759,Rainy,1,50199,2022,5,May,2,45401,49.135510432560785,Normal
ATM_0029,2022-08-11,Thursday,Afternoon,35707,10865,Mall,0,0,63487,Rainy,1,31463,2022,8,August,3,24842,56.243010380077806,Normal
ATM_0037,2023-08-04,Friday,Afternoon,48840,21872,Gas Station,0,0,86341,Clear,5,35815,2023,8,August,3,26968,56.56640529991546,Normal
ATM_0028,2022-12-01,Thursday,Morning,44583,8356,Standalone,1,0,71863,Rainy,1,43768,2022,12,December,4,36227,62.03887953467013,Normal
ATM_0011,2022-11-29,Tuesday,Evening,68428,21011,Bank Branch,0,0,126709,Rainy,2,54488,2022,11,November,4,47417,54.00405653899881,Normal
ATM_0036,2022-11-12,Saturday,Evening,38369,18922,Gas Station,0,0,96691,Cloudy,5,25214,2022,11,November,4,19447,39.68208002813085,Normal
ATM_0048,2023-05-20,Saturday,Afternoon,61355,13449,Bank Branch,0,0,95995,Snowy,1,52342,2023,5,May,2,47906,63.91478722850148,Normal
ATM_0002,2023-08-08,Tuesday,Evening,60251,14303,Standalone,0,0,83342,Cloudy,4,46173,2023,8,August,3,45948,72.29368145712846,Normal
ATM_0046,2022-04-30,Saturday,Afternoon,73848,6399,Gas Station,0,0,104820,Cloudy,0,67316,2022,4,April,2,67449,70.45220377790497,Normal
ATM_0012,2023-08-08,Tuesday,Afternoon,59058,7302,Gas Station,0,0,103461,Clear,2,45716,2023,8,August,3,51756,57.082378867399306,Normal
ATM_0016,2023-11-14,Tuesday,Night,69261,9149,Supermarket,0,1,80902,Clear,1,79202,2023,11,November,4,60112,85.61098613136882,High Risk
ATM_0032,2023-12-26,Tuesday,Evening,26888,3893,Bank Branch,0,0,117287,Rainy,1,20791,2023,12,December,4,22995,22.924961845728852,Normal
ATM_0010,2022-01-29,Saturday,Morning,45190,6962,Bank Branch,0,0,85680,Cloudy,5,34503,2022,1,January,1,38228,52.742763772175536,Normal
ATM_0047,2022-02-25,Friday,Afternoon,51275,16746,Bank Branch,0,0,130760,Clear,2,41845,2022,2,February,1,34529,39.21306209850107,Normal
ATM_0049,2023-07-22,Saturday,Night,38347,8758,Supermarket,0,0,106185,Cloudy,4,38489,2023,7,July,3,29589,36.11338701323162,Normal
ATM_0033,2023-06-03,Saturday,Night,46809,11152,Standalone,0,0,113459,Snowy,5,26934,2023,6,June,2,35657,41.25631285310112,Normal
ATM_0033,2023-01-01,Sunday,Afternoon,54418,6765,Bank Branch,1,0,87416,Cloudy,0,57735,2023,1,January,1,47653,62.25176169122357,Normal
ATM_0049,2022-02-11,Friday,Afternoon,28404,6039,Mall,0,0,76132,Snowy,1,20687,2022,2,February,1,22365,37.308884568906635,Normal
ATM_0025,2023-10-23,Monday,Morning,47066,17045,Supermarket,0,0,110982,Snowy,0,30295,2023,10,October,4,30021,42.408678884864216,Normal
ATM_0030,2022-03-10,Thursday,Evening,42050,14373,Bank Branch,0,1,93837,Clear,0,34791,2022,3,March,1,27677,44.81174803116041,Normal
ATM_0050,2022-06-02,Thursday,Afternoon,23102,9758,Supermarket,0,0,69259,Clear,0,17075,2022,6,June,2,13344,33.355953738864265,Normal
ATM_0020,2022-07-23,Saturday,Night,82763,11291,Standalone,0,0,94226,Rainy,0,88567,2022,7,July,3,71472,87.83456795364337,Normal
ATM_0040,2022-07-21,Thursday,Morning,72893,13837,Supermarket,0,0,129570,Cloudy,0,65712,2022,7,July,3,59056,56.25762136296982,Normal
ATM_0014,2023-12-05,Tuesday,Night,34300,11755,Mall,0,0,127524,Clear,1,21103,2023,12,December,4,22545,26.89689783883818,Normal
ATM_0026,2022-02-19,Saturday,Afternoon,58009,1108,Bank Branch,0,0,95262,Rainy,0,62643,2022,2,February,1,56901,60.89416556444333,Normal
ATM_0044,2023-12-19,Tuesday,Night,47987,4688,Gas Station,0,0,97282,Rainy,0,50124,2023,12,December,4,43299,49.32772763717851,Normal
ATM_0008,2023-09-13,Wednesday,Morning,49841,14680,Mall,0,0,114011,Cloudy,0,36290,2023,9,September,3,35161,43.71595723219689,Normal
ATM_0009,2022-07-05,Tuesday,Morning,51851,10532,Mall,0,0,89146,Clear,3,47114,2022,7,July,3,41319,58.164135238821714,Normal
ATM_0009,2022-12-18,Sunday,Night,47230,4211,Bank Branch,0,0,110214,Rainy,0,36758,2022,12,December,4,43019,42.85299508229444,Normal
ATM_0019,2023-08-09,Wednesday,Afternoon,34730,6207,Gas Station,0,0,80411,Rainy,4,35078,2023,8,August,3,28523,43.190608250115034,Normal
ATM_0001,2023-11-08,Wednesday,Afternoon,49924,7783,Gas Station,0,0,69487,Snowy,4,47005,2023,11,November,4,42141,71.84653244491776,Normal
ATM_0007,2022-06-03,Friday,Evening,58281,8228,Bank Branch,0,0,116763,Snowy,0,49960,2022,6,June,2,50053,49.9139282135608,Normal
ATM_0036,2023-12-01,Friday,Night,57286,20534,Supermarket,1,0,117768,Snowy,0,44309,2023,12,December,4,36752,48.6430948984444,Normal
ATM_0037,2023-11-12,Sunday,Evening,48670,10015,Bank Branch,0,0,89502,Snowy,3,39139,2023,11,November,4,38655,54.37867310227704,Normal
ATM_0009,2022-01-18,Tuesday,Afternoon,38417,13266,Standalone,0,1,78576,Snowy,5,32771,2022,1,January,1,25151,48.891519038892284,Normal
ATM_0025,2022-03-09,Wednesday,Morning,69998,10001,Bank Branch,0,0,88854,Snowy,1,71980,2022,3,March,1,59997,78.77867062822158,Normal
ATM_0050,2023-12-13,Wednesday,Night,39452,2333,Mall,0,0,114064,Rainy,3,30959,2023,12,December,4,37119,34.58759994389115,Normal
ATM_0008,2022-05-26,Thursday,Evening,54865,4399,Bank Branch,0,0,85332,Snowy,4,47019,2022,5,May,2,50466,64.29592649885154,Normal
ATM_0021,2023-07-07,Friday,Evening,45144,8667,Gas Station,0,0,86984,Rainy,1,45354,2023,7,July,3,36477,51.8991998528465,Normal
ATM_0002,2022-09-23,Friday,Morning,38627,8856,Bank Branch,0,0,103353,Cloudy,0,37587,2022,9,September,3,29771,37.37385465346918,Normal
ATM_0028,2022-05-07,Saturday,Evening,57621,2045,Supermarket,0,0,110474,Rainy,4,64638,2022,5,May,2,55576,52.15797382189474,Normal
ATM_0032,2022-10-12,Wednesday,Morning,59083,7826,Bank Branch,0,0,70096,Clear,3,40258,2022,10,October,4,51257,84.28868979685004,Normal
ATM_0047,2022-03-29,Tuesday,Night,50121,9961,Gas Station,0,0,77567,Clear,3,34272,2022,3,March,1,40160,64.61639614784637,Normal
ATM_0015,2022-05-14,Saturday,Afternoon,28231,7913,Standalone,0,0,98331,Clear,2,22133,2022,5,May,2,20318,28.710172783760974,Normal
ATM_0021,2022-09-25,Sunday,Afternoon,57999,8250,Mall,0,0,66560,Snowy,0,55360,2022,9,September,3,49749,87.13792067307692,High Risk
ATM_0016,2022-03-02,Wednesday,Morning,42909,11594,Mall,0,0,66824,Cloudy,3,28670,2022,3,March,1,31315,64.21195977493116,Normal
ATM_0037,2023-10-18,Wednesday,Night,73387,9756,Standalone,0,0,75072,Snowy,4,54316,2023,10,October,4,63631,97.75548806479112,High Risk
ATM_0005,2023-01-15,Sunday,Night,32870,9516,Supermarket,0,0,132255,Snowy,2,28325,2023,1,January,1,23354,24.853502703111413,Normal
ATM_0019,2023-03-12,Sunday,Afternoon,71297,11352,Bank Branch,0,0,67867,Clear,1,68347,2023,3,March,1,59945,105.05400268171572,High Risk
ATM_0017,2023-04-18,Tuesday,Night,57580,5885,Mall,0,0,159390,Clear,0,49785,2023,4,April,2,51695,36.125227429575254,Normal
ATM_0033,2022-05-06,Friday,Morning,50300,13768,Bank Branch,0,0,115673,Cloudy,4,37006,2022,5,May,2,36532,43.484650696359566,Normal
ATM_0015,2022-04-13,Wednesday,Night,56635,8166,Gas Station,0,0,93062,Clear,3,52566,2022,4,April,2,48469,60.857277943736435,Normal
ATM_0011,2023-03-10,Friday,Morning,54369,13976,Supermarket,0,0,58978,Clear,5,55585,2023,3,March,1,40393,92.18522160805725,High Risk
ATM_0043,2023-01-11,Wednesday,Night,54651,11092,Mall,0,0,133376,Clear,5,49294,2023,1,January,1,43559,40.97513795585412,Normal
ATM_0007,2022-12-17,Saturday,Morning,51131,12444,Gas Station,0,0,133518,Clear,3,44290,2022,12,December,4,38687,38.29521113258137,Normal
ATM_0029,2022-04-15,Friday,Afternoon,58411,7582,Mall,0,0,99430,Rainy,2,64865,2022,4,April,2,50829,58.74585135271045,Normal
ATM_0006,2022-02-18,Friday,Evening,39267,9777,Standalone,0,1,53281,Snowy,3,32588,2022,2,February,1,29490,73.697941104709,Normal
ATM_0020,2022-07-24,Sunday,Night,56435,11098,Bank Branch,0,0,71328,Rainy,0,57491,2022,7,July,3,45337,79.12040152534769,High Risk
ATM_0002,2023-08-02,Wednesday,Night,78939,9486,Bank Branch,0,0,97083,Snowy,3,81556,2023,8,August,3,69453,81.31083711875405,Normal
ATM_0028,2023-12-22,Friday,Night,35519,15179,Supermarket,0,0,117088,Clear,1,17780,2023,12,December,4,20340,30.3353033615742,Normal
ATM_0008,2023-07-29,Saturday,Morning,28247,8994,Standalone,0,0,95282,Rainy,4,24113,2023,7,July,3,19253,29.645683339980266,Normal
ATM_0026,2022-06-10,Friday,Night,65731,15987,Standalone,0,0,90870,Cloudy,3,56836,2022,6,June,2,49744,72.33520413777924,Normal
ATM_0010,2022-03-22,Tuesday,Evening,70390,3168,Supermarket,0,0,130184,Rainy,1,75225,2022,3,March,1,67222,54.06962453143244,Normal
ATM_0045,2023-05-02,Tuesday,Morning,55731,16723,Mall,0,0,113026,Snowy,3,48601,2023,5,May,2,39008,49.30812379452515,Normal
ATM_0027,2023-03-12,Sunday,Morning,43999,9724,Standalone,0,1,81953,Clear,0,38105,2023,3,March,1,34275,53.688089514721845,Normal
ATM_0008,2022-02-21,Monday,Night,45004,10683,Supermarket,0,0,93520,Cloudy,0,30907,2022,2,February,1,34321,48.122326775021385,Normal
ATM_0017,2022-02-08,Tuesday,Morning,57533,1888,Standalone,0,0,97732,Clear,5,51106,2022,2,February,1,55645,58.868129169565755,Normal
ATM_0037,2023-12-18,Monday,Evening,51973,2073,Supermarket,0,0,107129,Rainy,5,44576,2023,12,December,4,49900,48.514407863417006,Normal
ATM_0046,2022-03-09,Wednesday,Evening,59714,12467,Bank Branch,0,0,120774,Clear,4,51057,2022,3,March,1,47247,49.44276085912531,Normal
ATM_0020,2023-10-25,Wednesday,Night,53022,13437,Gas Station,0,0,68455,Cloudy,5,47696,2023,10,October,4,39585,77.45526258125776,Normal
ATM_0015,2023-10-26,Thursday,Morning,13093,9299,Bank Branch,0,0,123445,Cloudy,5,8997,2023,10,October,4,3794,10.606342905747498,Normal
ATM_0008,2023-03-01,Wednesday,Night,48601,8234,Supermarket,0,0,100616,Snowy,0,48547,2023,3,March,1,40367,48.30345074342053,Normal
ATM_0027,2023-01-27,Friday,Morning,71348,9333,Bank Branch,0,0,72270,Snowy,0,57397,2023,1,January,1,62015,98.7242285872423,High Risk
ATM_0032,2023-05-07,Sunday,Evening,42142,9080,Bank Branch,0,0,110110,Rainy,2,33118,2023,5,May,2,33062,38.272636454454634,Normal
ATM_0028,2022-07-07,Thursday,Afternoon,57660,14694,Supermarket,0,0,87568,Snowy,4,46587,2022,7,July,3,42966,65.84597113100676,Normal
ATM_0037,2022-04-27,Wednesday,Night,30001,8664,Mall,0,0,117380,Snowy,1,28659,2022,4,April,2,21337,25.558868631794173,Normal
ATM_0028,2023-11-08,Wednesday,Afternoon,52390,10456,Mall,0,0,97728,Clear,4,42377,2023,11,November,4,41934,53.60797314996726,Normal
ATM_0030,2023-07-08,Saturday,Afternoon,28289,3199,Mall,0,0,95742,Clear,1,29606,2023,7,July,3,25090,29.547116208142715,Normal
ATM_0043,2023-11-13,Monday,Morning,35577,9741,Standalone,0,0,113755,Clear,1,24316,2023,11,November,4,25836,31.27510878642697,Normal
ATM_0024,2023-12-02,Saturday,Night,64929,10247,Bank Branch,0,0,108157,Clear,3,59988,2023,12,December,4,54682,60.03217544865335,Normal
ATM_0002,2023-07-05,Wednesday,Evening,28140,20201,Supermarket,0,0,91909,Clear,4,13257,2023,7,July,3,7939,30.61724096660828,Normal
ATM_0026,2022-09-24,Saturday,Evening,47226,21370,Supermarket,0,0,118807,Clear,3,34444,2022,9,September,3,25856,39.75018307002113,Normal
ATM_0023,2023-06-19,Monday,Afternoon,67898,8593,Supermarket,0,1,106133,Snowy,3,66170,2023,6,June,2,59305,63.974447155926995,Normal
ATM_0001,2023-07-07,Friday,Afternoon,49775,10730,Mall,0,0,91437,Snowy,4,46350,2023,7,July,3,39045,54.43638789549089,Normal
ATM_0003,2023-03-05,Sunday,Night,28504,20958,Standalone,0,0,76368,Clear,1,12554,2023,3,March,1,7546,37.32453383616174,Normal
ATM_0013,2023-01-25,Wednesday,Morning,53301,1296,Standalone,1,0,92018,Clear,5,49552,2023,1,January,1,52005,57.92453650372753,Normal
ATM_0043,2022-03-28,Monday,Afternoon,58802,8654,Supermarket,0,0,123201,Snowy,1,55674,2022,3,March,1,50148,47.728508697169666,Normal
ATM_0039,2023-11-18,Saturday,Night,70426,10917,Supermarket,0,1,112386,Rainy,3,82952,2023,11,November,4,59509,62.664388802875806,Normal
ATM_0047,2023-02-06,Monday,Night,46348,10576,Mall,0,0,125958,Snowy,1,42151,2023,2,February,1,35772,36.79639244827641,Normal
ATM_0046,2022-05-01,Sunday,Evening,59691,9230,Mall,0,0,106376,Cloudy,0,58035,2022,5,May,2,50461,56.11322102729939,Normal
ATM_0023,2023-03-14,Tuesday,Morning,8255,9564,Gas Station,0,0,122817,Rainy,1,0,2023,3,March,1,-1309,6.721382219073907,Normal
ATM_0032,2022-10-18,Tuesday,Afternoon,29541,8155,Standalone,0,0,118918,Snowy,0,21286,2022,10,October,4,21386,24.841487411493635,Normal
ATM_0050,2023-04-17,Monday,Night,35353,14876,Bank Branch,0,0,108978,Clear,4,15449,2023,4,April,2,20477,32.44049257648333,Normal
ATM_0027,2023-12-20,Wednesday,Evening,76222,18413,Supermarket,0,0,93155,Rainy,5,61482,2023,12,December,4,57809,81.82276850410605,Normal
ATM_0017,2023-09-19,Tuesday,Night,35559,6831,Mall,0,0,54865,Snowy,1,28283,2023,9,September,3,28728,64.81181080834776,Normal
ATM_0005,2023-03-31,Friday,Morning,74105,8860,Bank Branch,0,0,101912,Clear,3,63070,2023,3,March,1,65245,72.71469503100715,Normal
ATM_0010,2022-06-13,Monday,Evening,46844,8394,Supermarket,0,0,92231,Cloudy,2,30638,2022,6,June,2,38450,50.78986457915451,Normal
ATM_0035,2023-07-14,Friday,Afternoon,53340,17147,Mall,0,0,93938,Rainy,2,48663,2023,7,July,3,36193,56.782132896165564,Normal
ATM_0035,2023-02-14,Tuesday,Afternoon,58312,6927,Supermarket,0,0,101927,Cloudy,1,57924,2023,2,February,1,51385,57.209571556113694,Normal
ATM_0017,2023-02-09,Thursday,Night,58213,17157,Bank Branch,0,1,85544,Cloudy,4,61199,2023,2,February,1,41056,68.05036004862994,High Risk
ATM_0037,2022-03-11,Friday,Night,41815,12408,Mall,0,0,103265,Clear,0,26261,2022,3,March,1,29407,40.49290659952549,Normal
ATM_0020,2022-03-17,Thursday,Afternoon,27981,14696,Mall,0,0,86575,Rainy,2,20673,2022,3,March,1,13285,32.31995379728559,Normal
ATM_0043,2023-09-07,Thursday,Afternoon,57445,4602,Bank Branch,0,0,79701,Clear,1,60393,2023,9,September,3,52843,72.07563267713077,High Risk
ATM_0014,2023-05-02,Tuesday,Night,41010,5784,Mall,0,0,76655,Rainy,0,31164,2023,5,May,2,35226,53.4994455678038,Normal
ATM_0017,2022-11-25,Friday,Morning,82358,10183,Gas Station,0,0,136285,Clear,1,71776,2022,11,November,4,72175,60.430715045676344,Normal
ATM_0024,2022-10-13,Thursday,Evening,32444,15945,Gas Station,0,0,135122,Clear,4,20601,2022,10,October,4,16499,24.010893858883083,Normal
ATM_0007,2023-03-16,Thursday,Evening,32465,941,Mall,0,0,114368,Snowy,2,25856,2023,3,March,1,31524,28.38643676552882,Normal
ATM_0002,2023-08-04,Friday,Night,53345,10052,Gas Station,0,0,71998,Cloudy,5,43154,2023,8,August,3,43293,74.0923358982194,Normal
ATM_0031,2022-03-08,Tuesday,Afternoon,58004,2727,Standalone,0,0,96189,Clear,4,49615,2022,3,March,1,55277,60.30211354728712,Normal
ATM_0035,2022-01-03,Monday,Night,54370,11635,Gas Station,0,0,103092,Rainy,0,38038,2022,1,January,1,42735,52.73930081868622,Normal
ATM_0018,2022-03-23,Wednesday,Night,52960,10568,Standalone,0,0,104633,Clear,1,42536,2022,3,March,1,42392,50.615006737836055,Normal
ATM_0021,2023-09-30,Saturday,Afternoon,51085,0,Gas Station,0,0,116350,Snowy,4,40897,2023,9,September,3,51085,43.90631714654061,Normal
ATM_0028,2023-09-24,Sunday,Afternoon,62414,14217,Supermarket,0,0,106135,Cloudy,2,51695,2023,9,September,3,48197,58.80623733923777,Normal
ATM_0033,2023-01-26,Thursday,Evening,18003,4866,Mall,0,0,103408,Snowy,2,10707,2023,1,January,1,13137,17.40967816803342,Normal
ATM_0043,2022-02-20,Sunday,Morning,55533,10058,Mall,0,0,102415,Rainy,0,42915,2022,2,February,1,45475,54.22350241663819,Normal
ATM_0044,2023-05-05,Friday,Evening,40414,3346,Bank Branch,0,0,84580,Cloudy,5,43894,2023,5,May,2,37068,47.78198155592339,Normal
ATM_0003,2022-12-26,Monday,Morning,49365,9069,Mall,0,0,75026,Cloudy,5,43230,2022,12,December,4,40296,65.79719030736013,Normal
ATM_0047,2022-03-05,Saturday,Afternoon,61782,17400,Supermarket,0,0,110175,Cloudy,1,47283,2022,3,March,1,44382,56.07624234172906,Normal
ATM_0027,2022-11-18,Friday,Afternoon,49035,3936,Gas Station,0,1,112970,Rainy,0,44515,2022,11,November,4,45099,43.40532884836683,Normal
ATM_0033,2023-08-17,Thursday,Evening,50633,18706,Standalone,0,0,156851,Clear,3,46915,2023,8,August,3,31927,32.280954536470915,Normal
ATM_0032,2022-01-08,Saturday,Morning,51461,8701,Mall,0,0,83358,Snowy,1,48764,2022,1,January,1,42760,61.734926461767316,Normal
ATM_0020,2023-06-28,Wednesday,Evening,33725,7401,Bank Branch,0,0,48434,Cloudy,3,25870,2023,6,June,2,26324,69.63083784118595,Normal
ATM_0044,2022-10-08,Saturday,Night,70200,11865,Gas Station,0,0,70426,Clear,2,69603,2022,10,October,4,58335,99.6790957884872,High Risk
ATM_0028,2022-09-26,Monday,Afternoon,16554,6402,Mall,0,0,87497,Snowy,2,10446,2022,9,September,3,10152,18.919505811627825,Normal
ATM_0028,2023-01-08,Sunday,Night,67005,3375,Gas Station,0,0,119305,Clear,4,66351,2023,1,January,1,63630,56.1627760781191,Normal
ATM_0029,2022-11-12,Saturday,Evening,60814,10467,Bank Branch,0,0,107840,Clear,3,59335,2022,11,November,4,50347,56.39280415430267,Normal
ATM_0009,2022-09-06,Tuesday,Evening,32212,14160,Standalone,0,0,116412,Cloudy,1,20570,2022,9,September,3,18052,27.670686870769334,Normal
ATM_0041,2022-07-08,Friday,Night,35387,13269,Standalone,0,0,69457,Clear,0,23998,2022,7,July,3,22118,50.94806858919907,Normal
ATM_0026,2023-10-10,Tuesday,Evening,65373,5026,Supermarket,0,0,87620,Rainy,0,55984,2023,10,October,4,60347,74.60967815567223,Normal
ATM_0001,2023-12-13,Wednesday,Night,61831,15452,Bank Branch,0,0,120899,Clear,1,55588,2023,12,December,4,46379,51.14268935226926,Normal
ATM_0010,2022-10-29,Saturday,Afternoon,28147,6876,Gas Station,0,0,109580,Cloudy,5,16904,2022,10,October,4,21271,25.686256616170834,Normal
ATM_0043,2023-05-01,Monday,Evening,37196,11319,Gas Station,0,0,104821,Snowy,4,35274,2023,5,May,2,25877,35.48525581705956,Normal
ATM_0005,2023-02-04,Saturday,Morning,46574,11157,Mall,0,0,122929,Snowy,5,32500,2023,2,February,1,35417,37.886910330353295,Normal
ATM_0007,2022-04-05,Tuesday,Evening,61860,12623,Supermarket,0,0,82430,Snowy,4,48299,2022,4,April,2,49237,75.04549314569938,Normal
ATM_0034,2023-10-17,Tuesday,Night,30778,9641,Mall,0,0,81914,Clear,0,21282,2023,10,October,4,21137,37.573552750445586,Normal
ATM_0031,2023-08-26,Saturday,Night,61859,5858,Gas Station,0,0,70804,Rainy,1,66214,2023,8,August,3,56001,87.36653296423931,High Risk
ATM_0006,2022-06-27,Monday,Evening,46365,7051,Gas Station,0,1,126003,Clear,2,44688,2022,6,June,2,39314,36.796742934692034,Normal
ATM_0029,2022-05-19,Thursday,Night,15427,9609,Standalone,0,0,89452,Cloudy,0,6784,2022,5,May,2,5818,17.24612082457631,Normal
ATM_0010,2022-04-24,Sunday,Afternoon,50176,12637,Mall,0,0,67779,Snowy,1,33036,2022,4,April,2,37539,74.02882898832972,Normal
ATM_0048,2023-05-06,Saturday,Evening,36201,5922,Bank Branch,0,0,93002,Cloudy,4,27662,2023,5,May,2,30279,38.92496935549773,Normal
ATM_0004,2023-04-18,Tuesday,Evening,66176,5011,Bank Branch,0,0,74961,Snowy,4,55837,2023,4,April,2,61165,88.28057256440015,High Risk
ATM_0012,2022-11-14,Monday,Afternoon,78895,1289,Mall,0,0,121502,Rainy,4,69178,2022,11,November,4,77606,64.93308752119307,Normal
ATM_0021,2022-09-17,Saturday,Evening,47611,15064,Standalone,0,0,96409,Cloudy,2,43054,2022,9,September,3,32547,49.38439357321412,Normal
ATM_0020,2023-10-31,Tuesday,Evening,85160,14026,Standalone,0,0,99271,Snowy,5,84848,2023,10,October,4,71134,85.78537538656809,Normal
ATM_0010,2022-07-21,Thursday,Morning,57651,7137,Mall,0,0,103326,Rainy,1,53083,2022,7,July,3,50514,55.79524998548284,Normal
ATM_0046,2023-04-04,Tuesday,Evening,68543,19313,Supermarket,0,0,87412,Cloudy,5,38869,2023,4,April,2,49230,78.41371894019127,Normal
ATM_0040,2022-03-28,Monday,Night,60528,16692,Gas Station,0,1,82073,Cloudy,1,51465,2022,3,March,1,43836,73.74897956697086,Normal
ATM_0016,2023-11-12,Sunday,Evening,42716,3294,Bank Branch,0,0,130559,Clear,1,41664,2023,11,November,4,39422,32.717775105507855,Normal
ATM_0036,2023-07-06,Thursday,Night,49314,7807,Bank Branch,0,0,105638,Cloudy,2,46381,2023,7,July,3,41507,46.682065165944074,Normal
ATM_0046,2022-01-13,Thursday,Morning,73697,5510,Mall,0,0,99606,Cloudy,1,59857,2022,1,January,1,68187,73.98851474810755,Normal
ATM_0003,2022-09-19,Monday,Evening,47703,12086,Bank Branch,0,0,110484,Rainy,2,43890,2022,9,September,3,35617,43.17638753122624,Normal
ATM_0047,2023-07-13,Thursday,Afternoon,82556,10330,Standalone,0,0,133561,Rainy,2,86004,2023,7,July,3,72226,61.811456937279594,Normal
ATM_0015,2022-11-09,Wednesday,Morning,85976,12655,Mall,0,0,80146,Clear,4,88551,2022,11,November,4,73321,107.2742245402141,High Risk
ATM_0005,2023-02-10,Friday,Night,41767,13492,Gas Station,0,0,109203,Clear,3,24065,2023,2,February,1,28275,38.24711775317528,Normal
ATM_0023,2022-06-26,Sunday,Evening,56017,19274,Standalone,0,0,120398,Snowy,2,35385,2022,6,June,2,36743,46.5265203740926,Normal
ATM_0017,2023-03-14,Tuesday,Morning,58020,7458,Supermarket,0,0,85044,Snowy,5,42334,2023,3,March,1,50562,68.2235078312403,Normal
ATM_0005,2023-05-02,Tuesday,Afternoon,68124,7623,Gas Station,0,0,83945,Clear,0,68256,2023,5,May,2,60501,81.15313598189292,High Risk
ATM_0042,2023-12-04,Monday,Evening,79138,12256,Bank Branch,0,0,77266,Clear,1,72741,2023,12,December,4,66882,102.42279916133876,High Risk
ATM_0035,2023-04-13,Thursday,Evening,73375,6603,Supermarket,0,0,101982,Cloudy,4,59891,2023,4,April,2,66772,71.94897138710753,Normal
ATM_0034,2023-06-11,Sunday,Afternoon,50590,10554,Supermarket,0,0,71470,Snowy,3,39425,2023,6,June,2,40036,70.78494473205541,Normal
ATM_0038,2023-12-21,Thursday,Afternoon,22226,14092,Gas Station,0,0,89063,Cloudy,5,4476,2023,12,December,4,8134,24.955368671614476,Normal
ATM_0009,2022-09-17,Saturday,Night,35182,16354,Bank Branch,0,0,106552,Clear,5,18536,2022,9,September,3,18828,33.01862001651776,Normal
ATM_0039,2023-07-08,Saturday,Night,90194,6977,Standalone,0,0,134889,Rainy,1,88162,2023,7,July,3,83217,66.8653485458414,Normal
ATM_0036,2023-10-27,Friday,Afternoon,49079,11573,Supermarket,0,0,78973,Rainy,1,42524,2023,10,October,4,37506,62.14655641801629,Normal
ATM_0037,2022-04-16,Saturday,Afternoon,55246,0,Mall,0,1,121062,Cloudy,0,65525,2022,4,April,2,55246,45.634468288975896,Normal
ATM_0026,2022-06-10,Friday,Afternoon,42582,9881,Bank Branch,0,0,124323,Clear,5,32788,2022,6,June,2,32701,34.25110397915108,Normal
ATM_0037,2023-07-25,Tuesday,Afternoon,47709,12413,Bank Branch,0,0,91729,Clear,0,32413,2023,7,July,3,35296,52.01081446434607,Normal
ATM_0001,2022-07-09,Saturday,Afternoon,37211,13049,Bank Branch,0,0,97110,Clear,0,32877,2022,7,July,3,24162,38.318401812377715,Normal
ATM_0045,2023-06-19,Monday,Night,48291,10075,Gas Station,0,0,88007,Clear,0,47141,2023,6,June,2,38216,54.871771563625614,Normal
ATM_0002,2023-06-05,Monday,Night,56461,7104,Gas Station,0,0,90843,Clear,2,52591,2023,6,June,2,49357,62.15228471098489,Normal
ATM_0013,2023-01-17,Tuesday,Night,36406,16532,Mall,0,0,66030,Rainy,4,29218,2023,1,January,1,19874,55.135544449492656,Normal
ATM_0019,2022-11-23,Wednesday,Afternoon,61764,3673,Mall,0,0,137715,Clear,3,62219,2022,11,November,4,58091,44.84914497331445,Normal
ATM_0018,2023-03-08,Wednesday,Afternoon,48775,8166,Bank Branch,0,0,103707,Cloudy,4,32961,2023,3,March,1,40609,47.03154078316796,Normal
ATM_0021,2023-11-24,Friday,Morning,59478,5477,Mall,0,0,83684,Clear,3,50331,2023,11,November,4,54001,71.07451842646145,Normal
ATM_0049,2023-02-18,Saturday,Afternoon,41236,25203,Mall,0,0,80639,Snowy,2,31077,2023,2,February,1,16033,51.13654683217798,Normal
ATM_0048,2023-08-26,Saturday,Night,67217,13271,Gas Station,0,0,122579,Snowy,0,62312,2023,8,August,3,53946,54.83565700487033,Normal
ATM_0045,2022-02-17,Thursday,Night,41159,11171,Gas Station,0,1,104905,Cloudy,3,46089,2022,2,February,1,29988,39.23454554120395,Normal
ATM_0018,2022-04-05,Tuesday,Morning,33170,7839,Mall,0,1,148818,Cloudy,2,38166,2022,4,April,2,25331,22.288970420244862,Normal
ATM_0020,2022-03-30,Wednesday,Morning,62846,9930,Bank Branch,0,1,82695,Clear,3,57603,2022,3,March,1,52916,75.99733962150069,High Risk
ATM_0035,2022-11-28,Monday,Morning,38476,4982,Gas Station,0,0,70350,Snowy,4,35942,2022,11,November,4,33494,54.692253020611226,Normal
ATM_0031,2022-02-12,Saturday,Morning,61789,12944,Standalone,0,0,103339,Rainy,3,56907,2022,2,February,1,48845,59.79252750655609,Normal
ATM_0027,2023-07-16,Sunday,Afternoon,71910,13735,Standalone,0,0,73575,Cloudy,4,69076,2023,7,July,3,58175,97.73700305810398,High Risk
ATM_0047,2023-08-05,Saturday,Night,96448,10142,Bank Branch,0,0,102839,Cloudy,0,87437,2023,8,August,3,86306,93.78543159696224,Normal
ATM_0034,2022-08-28,Sunday,Night,68853,10650,Supermarket,0,0,69917,Clear,3,72368,2022,8,August,3,58203,98.47819557475293,High Risk
ATM_0034,2023-11-30,Thursday,Night,41653,12586,Supermarket,0,0,108877,Clear,2,27270,2023,11,November,4,29067,38.256932134426926,Normal
ATM_0038,2023-03-16,Thursday,Afternoon,68317,15283,Standalone,0,0,128721,Clear,4,51814,2023,3,March,1,53034,53.073702037740546,Normal
ATM_0030,2023-01-22,Sunday,Morning,65665,27144,Supermarket,0,0,102303,Clear,0,57142,2023,1,January,1,38521,64.18677849134434,Normal
ATM_0009,2023-03-18,Saturday,Evening,30323,1975,Gas Station,0,0,103388,Rainy,3,31928,2023,3,March,1,28348,29.329322551940262,Normal
ATM_0001,2022-11-06,Sunday,Morning,69652,14322,Supermarket,0,0,56746,Snowy,1,60113,2022,11,November,4,55330,122.74345328305078,High Risk
ATM_0005,2023-04-18,Tuesday,Evening,63815,1348,Standalone,0,0,84464,Clear,3,59999,2023,4,April,2,62467,75.55289827618867,High Risk
ATM_0032,2023-04-13,Thursday,Evening,49956,6010,Mall,0,0,152506,Rainy,3,42367,2023,4,April,2,43946,32.756743996957496,Normal
ATM_0019,2023-01-30,Monday,Afternoon,47468,7349,Mall,0,0,101937,Rainy,2,50109,2023,1,January,1,40119,46.566016264947955,Normal
ATM_0006,2023-09-16,Saturday,Night,36377,7888,Bank Branch,0,0,95640,Rainy,1,22262,2023,9,September,3,28489,38.0353408615642,Normal
ATM_0010,2023-09-10,Sunday,Night,46491,19275,Standalone,0,0,107564,Clear,3,35326,2023,9,September,3,27216,43.22170986575434,Normal
ATM_0004,2023-12-26,Tuesday,Evening,59189,9585,Standalone,0,0,93585,Rainy,0,55409,2023,12,December,4,49604,63.24624672757386,Normal
ATM_0036,2022-12-21,Wednesday,Evening,52502,8798,Standalone,0,0,115356,Clear,2,49832,2022,12,December,4,43704,45.513020562432814,Normal
ATM_0028,2023-06-02,Friday,Afternoon,42897,9091,Mall,0,0,126826,Rainy,1,30916,2023,6,June,2,33806,33.82350622112185,Normal
ATM_0024,2023-05-24,Wednesday,Morning,51386,8453,Supermarket,0,0,95173,Clear,0,47051,2023,5,May,2,42933,53.99220367120927,Normal
ATM_0041,2023-02-13,Monday,Afternoon,43562,10399,Standalone,0,0,102430,Clear,3,39804,2023,2,February,1,33163,42.528556087083864,Normal
ATM_0011,2022-08-05,Friday,Afternoon,35663,15921,Standalone,0,0,105134,Cloudy,1,29829,2022,8,August,3,19742,33.92147164570928,Normal
ATM_0033,2022-06-16,Thursday,Evening,75613,14583,Standalone,0,0,110950,Clear,3,67408,2022,6,June,2,61030,68.15051825146462,Normal
ATM_0034,2023-10-30,Monday,Afternoon,60883,12833,Bank Branch,0,0,121372,Cloudy,1,47858,2023,10,October,4,48050,50.16231091190719,Normal
ATM_0006,2022-05-20,Friday,Night,52356,10343,Mall,0,0,89121,Snowy,0,44440,2022,5,May,2,42013,58.74709664388864,Normal
ATM_0031,2022-03-09,Wednesday,Morning,62387,7575,Standalone,0,1,67273,Clear,0,60174,2022,3,March,1,54812,92.73705647139269,High Risk
ATM_0008,2023-08-12,Saturday,Evening,41174,14539,Mall,0,0,112920,Cloudy,0,30158,2023,8,August,3,26635,36.462982642578815,Normal
ATM_0043,2022-03-30,Wednesday,Evening,33377,21665,Bank Branch,0,0,108078,Clear,5,12402,2022,3,March,1,11712,30.88232572771517,Normal
ATM_0024,2022-08-21,Sunday,Night,38836,5871,Mall,0,0,127421,Rainy,1,37952,2022,8,August,3,32965,30.47849255617206,Normal
ATM_0003,2022-02-03,Thursday,Night,50269,0,Mall,0,0,125577,Snowy,5,59774,2022,2,February,1,50269,40.03041958320393,Normal
ATM_0001,2022-01-05,Wednesday,Night,37573,6224,Standalone,0,1,109776,Clear,4,31478,2022,1,January,1,31349,34.2269712869844,Normal
ATM_0037,2022-11-16,Wednesday,Evening,85768,15016,Standalone,0,0,125310,Rainy,4,60747,2022,11,November,4,70752,68.44465725001994,Normal
ATM_0034,2023-04-25,Tuesday,Night,38287,7558,Supermarket,0,0,58944,Rainy,3,33646,2023,4,April,2,30729,64.95487242128122,Normal
ATM_0023,2022-05-15,Sunday,Evening,39126,7198,Standalone,0,1,96492,Clear,3,48613,2022,5,May,2,31928,40.54843924884965,Normal
ATM_0047,2022-04-01,Friday,Afternoon,51976,11812,Gas Station,0,0,99701,Snowy,4,43085,2022,4,April,2,40164,52.131874304169465,Normal
ATM_0006,2022-08-07,Sunday,Morning,41278,5137,Mall,0,0,109321,Clear,1,40711,2022,8,August,3,36141,37.75852763878852,Normal
ATM_0023,2023-07-29,Saturday,Night,61354,9332,Bank Branch,0,0,89560,Clear,3,42257,2023,7,July,3,52022,68.50602947744528,Normal
ATM_0019,2022-08-07,Sunday,Evening,38793,2462,Gas Station,0,0,119837,Rainy,2,32295,2022,8,August,3,36331,32.37147124844581,Normal
ATM_0010,2023-03-07,Tuesday,Morning,47379,3768,Gas Station,0,0,83470,Cloudy,0,51642,2023,3,March,1,43611,56.76171079429735,Normal
ATM_0048,2023-03-16,Thursday,Night,36995,8260,Bank Branch,0,0,54949,Rainy,5,27728,2023,3,March,1,28735,67.32606598846202,Normal
ATM_0017,2022-11-03,Thursday,Afternoon,46626,6862,Supermarket,0,0,104348,Rainy,2,50497,2022,11,November,4,39764,44.683175528040785,Normal
ATM_0015,2023-01-27,Friday,Evening,50992,7850,Gas Station,0,1,90268,Clear,2,58435,2023,1,January,1,43142,56.489564408206675,Normal
ATM_0022,2022-02-24,Thursday,Night,70701,12796,Gas Station,0,1,116538,Clear,3,76173,2022,2,February,1,57905,60.66776502085157,Normal
ATM_0024,2023-04-05,Wednesday,Evening,68391,2103,Standalone,0,0,104083,Cloudy,1,73513,2023,4,April,2,66288,65.70813677545804,Normal
ATM_0014,2023-08-02,Wednesday,Afternoon,63914,6847,Mall,0,0,107455,Snowy,2,49714,2023,8,August,3,57067,59.479782234423716,Normal
ATM_0007,2022-02-13,Sunday,Night,52515,11800,Standalone,0,0,95436,Clear,1,34330,2022,2,February,1,40715,55.026405130139565,Normal
ATM_0007,2022-03-27,Sunday,Morning,41224,15869,Gas Station,0,0,78969,Cloudy,0,32046,2022,3,March,1,25355,52.20276310957465,Normal
ATM_0039,2023-12-05,Tuesday,Morning,35333,9742,Bank Branch,0,0,84562,Snowy,5,30692,2023,12,December,4,25591,41.78354343558573,Normal
ATM_0029,2023-11-30,Thursday,Night,27424,4960,Mall,0,0,141081,Rainy,1,26836,2023,11,November,4,22464,19.43847860448962,Normal
ATM_0041,2022-01-25,Tuesday,Night,56892,12836,Supermarket,1,0,119888,Rainy,2,61444,2022,1,January,1,44056,47.45429067129321,Normal
ATM_0018,2023-12-17,Sunday,Morning,19423,4718,Bank Branch,0,1,103277,Clear,5,25511,2023,12,December,4,14705,18.806704300086178,Normal
ATM_0009,2022-07-06,Wednesday,Night,54944,5441,Standalone,0,0,105188,Snowy,0,45005,2022,7,July,3,49503,52.23409514393277,Normal
ATM_0001,2022-06-11,Saturday,Night,40642,8615,Mall,0,0,120495,Clear,2,31564,2022,6,June,2,32027,33.72920038175858,Normal
ATM_0014,2022-07-07,Thursday,Evening,63634,7944,Supermarket,0,0,99465,Snowy,0,65766,2022,7,July,3,55690,63.97627306087569,Normal
ATM_0029,2022-10-17,Monday,Morning,55210,12030,Gas Station,0,0,74669,Cloudy,5,46879,2022,10,October,4,43180,73.93965367153706,Normal
ATM_0013,2022-05-13,Friday,Night,67509,14671,Supermarket,0,0,91351,Snowy,5,53619,2022,5,May,2,52838,73.90066884872634,Normal
ATM_0048,2023-08-28,Monday,Evening,50936,11697,Mall,0,1,163731,Clear,0,42082,2023,8,August,3,39239,31.109563857791134,Normal
ATM_0001,2023-02-07,Tuesday,Evening,70166,10717,Supermarket,0,0,83737,Snowy,5,61895,2023,2,February,1,59449,83.79330522946844,High Risk
ATM_0001,2022-07-28,Thursday,Morning,33132,10405,Mall,0,0,83011,Rainy,0,23842,2022,7,July,3,22727,39.912782643264144,Normal
ATM_0014,2023-03-15,Wednesday,Morning,52268,5704,Supermarket,0,0,100549,Snowy,0,46115,2023,3,March,1,46564,51.982615441227665,Normal
ATM_0005,2023-07-10,Monday,Evening,44136,11016,Supermarket,0,1,113943,Rainy,5,52414,2023,7,July,3,33120,38.73515705221032,Normal
ATM_0022,2023-09-23,Saturday,Afternoon,33392,11303,Supermarket,0,0,126350,Rainy,2,22943,2023,9,September,3,22089,26.42817570241393,Normal
ATM_0044,2023-08-04,Friday,Evening,59596,12262,Bank Branch,0,0,115072,Cloudy,0,54244,2023,8,August,3,47334,51.79018353726362,Normal
ATM_0003,2022-03-02,Wednesday,Night,19641,2473,Gas Station,0,0,108030,Clear,5,15140,2022,3,March,1,17168,18.181060816439878,Normal
ATM_0002,2023-02-12,Sunday,Night,55244,11005,Supermarket,0,0,142206,Cloudy,5,35992,2023,2,February,1,44239,38.847868585010474,Normal
ATM_0029,2023-05-04,Thursday,Evening,40627,17200,Mall,0,0,107048,Rainy,3,34606,2023,5,May,2,23427,37.95213362230028,Normal
ATM_0033,2022-10-01,Saturday,Afternoon,58486,10179,Bank Branch,0,0,105325,Snowy,2,62681,2022,10,October,4,48307,55.529076667457865,Normal
ATM_0038,2023-12-17,Sunday,Evening,41045,5871,Bank Branch,0,0,115188,Cloudy,3,35279,2023,12,December,4,35174,35.633052054033406,Normal
ATM_0030,2023-01-22,Sunday,Afternoon,54197,11326,Standalone,0,0,71413,Rainy,1,35095,2023,1,January,1,42871,75.89234453110778,Normal
ATM_0041,2022-12-23,Friday,Morning,69293,12154,Mall,0,0,104730,Cloudy,2,64569,2022,12,December,4,57139,66.16346796524397,Normal
ATM_0017,2022-05-14,Saturday,Night,60767,16754,Bank Branch,0,0,117672,Cloudy,4,52722,2022,5,May,2,44013,51.641002107553206,Normal
ATM_0017,2022-07-08,Friday,Morning,47592,8811,Bank Branch,0,0,90537,Rainy,1,42804,2022,7,July,3,38781,52.56635408727923,Normal
ATM_0015,2022-11-12,Saturday,Evening,52233,2424,Mall,0,0,109065,Clear,4,49998,2022,11,November,4,49809,47.89162426076194,Normal
ATM_0003,2023-10-21,Saturday,Night,42527,7824,Mall,0,0,82504,Clear,5,33923,2023,10,October,4,34703,51.54537961795792,Normal
ATM_0049,2023-07-08,Saturday,Night,39126,13534,Supermarket,0,0,72392,Clear,1,33557,2023,7,July,3,25592,54.04740855343132,Normal
ATM_0008,2022-04-01,Friday,Night,59376,18906,Gas Station,0,0,111332,Rainy,4,50266,2022,4,April,2,40470,53.332375238026806,Normal
ATM_0001,2022-10-16,Sunday,Evening,75645,16049,Gas Station,0,0,108793,Cloudy,2,72789,2022,10,October,4,59596,69.5311279218332,Normal
ATM_0037,2022-07-10,Sunday,Morning,63558,4972,Bank Branch,0,0,92659,Cloudy,2,60085,2022,7,July,3,58586,68.59344478140278,Normal
ATM_0011,2023-02-09,Thursday,Morning,40341,15555,Bank Branch,0,1,107803,Rainy,3,40452,2023,2,February,1,24786,37.421036520319475,Normal
ATM_0043,2022-07-03,Sunday,Morning,66861,20529,Bank Branch,0,0,115283,Snowy,4,49585,2022,7,July,3,46332,57.997276267966654,Normal
ATM_0012,2022-03-21,Monday,Evening,42129,13805,Gas Station,0,1,69878,Clear,5,32573,2022,3,March,1,28324,60.28936145854203,Normal
ATM_0039,2022-05-10,Tuesday,Morning,43733,1144,Gas Station,0,0,85926,Snowy,1,47263,2022,5,May,2,42589,50.89611991713801,Normal
ATM_0015,2024-01-01,Monday,Morning,50763,10852,Bank Branch,1,0,62282,Rainy,0,43543,2024,1,January,1,39911,81.50508975305867,Normal
ATM_0042,2023-09-15,Friday,Afternoon,44411,12997,Mall,0,0,82789,Clear,4,32320,2023,9,September,3,31414,53.643599995168444,Normal
ATM_0037,2023-05-16,Tuesday,Morning,45588,4560,Standalone,0,0,101584,Cloudy,0,34173,2023,5,May,2,41028,44.87714600724523,Normal
ATM_0050,2022-04-25,Monday,Night,35733,18360,Bank Branch,0,0,109944,Snowy,4,21886,2022,4,April,2,17373,32.50109146474569,Normal
ATM_0036,2022-03-25,Friday,Evening,50828,5350,Supermarket,0,0,40632,Cloudy,1,50816,2022,3,March,1,45478,125.09352234691869,Normal
ATM_0046,2023-12-09,Saturday,Morning,70243,6963,Gas Station,0,0,108553,Clear,5,69911,2023,12,December,4,63280,64.70848341363205,Normal
ATM_0004,2022-12-14,Wednesday,Afternoon,36191,17581,Gas Station,0,0,68595,Rainy,0,15883,2022,12,December,4,18610,52.760405277352575,Normal
ATM_0036,2023-01-20,Friday,Afternoon,68484,10835,Supermarket,0,1,114666,Cloudy,1,82247,2023,1,January,1,57649,59.72476584166188,Normal
ATM_0033,2022-10-10,Monday,Evening,70501,11565,Standalone,0,0,82186,Clear,4,63518,2022,10,October,4,58936,85.78225001825129,High Risk
ATM_0009,2022-06-22,Wednesday,Night,50834,14543,Bank Branch,0,0,115913,Rainy,4,44244,2022,6,June,2,36291,43.85530527205749,Normal
ATM_0014,2023-09-22,Friday,Evening,43150,3224,Supermarket,0,0,101380,Rainy,1,37938,2023,9,September,3,39926,42.56263562832906,Normal
ATM_0043,2022-06-09,Thursday,Morning,37736,22426,Standalone,0,0,102722,Snowy,3,10374,2022,6,June,2,15310,36.736044858939664,Normal
ATM_0018,2023-11-02,Thursday,Afternoon,55428,3888,Bank Branch,0,1,63124,Clear,0,60418,2023,11,November,4,51540,87.8081236930486,High Risk
ATM_0027,2023-01-04,Wednesday,Afternoon,37714,12992,Mall,0,0,114771,Clear,1,32618,2023,1,January,1,24722,32.86021730228019,Normal
ATM_0003,2023-10-12,Thursday,Afternoon,40507,17031,Mall,0,0,108846,Rainy,1,25449,2023,10,October,4,23476,37.214964261433586,Normal
ATM_0009,2022-05-14,Saturday,Night,23164,15816,Gas Station,0,0,99505,Rainy,5,12604,2022,5,May,2,7348,23.279232199386964,Normal
ATM_0007,2022-09-07,Wednesday,Evening,41942,2580,Bank Branch,0,0,133559,Rainy,4,34008,2022,9,September,3,39362,31.403349830412026,Normal
ATM_0006,2023-03-04,Saturday,Evening,51609,2433,Mall,0,0,73909,Cloudy,1,47192,2023,3,March,1,49176,69.82776116575789,Normal
ATM_0001,2023-11-30,Thursday,Morning,50331,0,Standalone,0,0,73638,Rainy,3,54733,2023,11,November,4,50331,68.34922186914365,High Risk
ATM_0030,2023-04-16,Sunday,Evening,59147,16714,Gas Station,0,1,95385,Clear,4,44340,2023,4,April,2,42433,62.00870157781622,Normal
ATM_0035,2022-08-18,Thursday,Afternoon,80822,15745,Mall,0,0,103393,Rainy,4,70303,2022,8,August,3,65077,78.16970201077442,Normal
ATM_0006,2023-03-02,Thursday,Morning,53005,17793,Gas Station,0,0,56127,Clear,1,34024,2023,3,March,1,35212,94.4376146952447,Normal
ATM_0038,2023-06-28,Wednesday,Afternoon,56918,7422,Mall,0,1,135127,Clear,2,64639,2023,6,June,2,49496,42.12185573571529,Normal
ATM_0016,2023-07-09,Sunday,Evening,73195,18915,Mall,0,0,101488,Cloudy,1,57942,2023,7,July,3,54280,72.12182721109886,Normal
ATM_0010,2023-08-05,Saturday,Morning,46782,14329,Bank Branch,0,1,92924,Cloudy,3,40933,2023,8,August,3,32453,50.34436744005855,Normal
ATM_0001,2023-05-29,Monday,Morning,51280,1524,Standalone,0,0,107346,Snowy,3,56182,2023,5,May,2,49756,47.770759972425616,Normal
ATM_0026,2023-04-17,Monday,Morning,60442,17357,Gas Station,0,0,118150,Cloudy,1,56603,2023,4,April,2,43085,51.157003808717725,Normal
ATM_0006,2023-08-08,Tuesday,Night,66353,19842,Standalone,0,0,86227,Snowy,4,47915,2023,8,August,3,46511,76.95153490206084,Normal
ATM_0019,2022-09-18,Sunday,Evening,37220,11481,Mall,0,0,114318,Cloudy,3,32909,2022,9,September,3,25739,32.55830227960601,Normal
ATM_0013,2023-12-03,Sunday,Evening,63676,6572,Supermarket,0,0,70221,Rainy,4,54036,2023,12,December,4,57104,90.67942638242121,High Risk
ATM_0027,2022-12-19,Monday,Morning,57823,15761,Standalone,0,0,70535,Cloudy,1,58105,2022,12,December,4,42062,81.97774154674984,High Risk
ATM_0030,2022-07-14,Thursday,Afternoon,55279,4116,Bank Branch,0,0,112581,Cloudy,0,46004,2022,7,July,3,51163,49.10153578312504,Normal
ATM_0006,2022-10-30,Sunday,Afternoon,61994,7065,Standalone,0,0,93680,Cloudy,5,69153,2022,10,October,4,54929,66.17634500426985,Normal
ATM_0009,2022-12-18,Sunday,Evening,16700,14732,Standalone,0,0,116418,Clear,5,3779,2022,12,December,4,1968,14.344860760363517,Normal
ATM_0033,2023-06-10,Saturday,Morning,68140,6668,Supermarket,0,0,90932,Clear,5,71636,2023,6,June,2,61472,74.93511635067964,Normal
ATM_0040,2023-02-22,Wednesday,Afternoon,84680,12810,Bank Branch,0,0,107803,Clear,5,86080,2023,2,February,1,71870,78.55068968396056,Normal
ATM_0039,2023-08-08,Tuesday,Night,54079,9740,Standalone,0,0,130225,Snowy,1,37102,2023,8,August,3,44339,41.527356498368206,Normal
ATM_0009,2022-10-16,Sunday,Night,30310,15107,Bank Branch,0,0,116446,Clear,2,11725,2022,10,October,4,15203,26.029232433917866,Normal
ATM_0035,2022-08-30,Tuesday,Afternoon,60475,15584,Bank Branch,0,0,98148,Rainy,0,39584,2022,8,August,3,44891,61.61613074132942,Normal
ATM_0045,2022-09-04,Sunday,Morning,21965,6340,Mall,0,0,75151,Snowy,5,15101,2022,9,September,3,15625,29.22782131974292,Normal
ATM_0034,2023-05-27,Saturday,Night,14336,13501,Mall,0,0,144406,Snowy,2,8798,2023,5,May,2,835,9.927565336620361,Normal
ATM_0030,2023-02-04,Saturday,Evening,59093,8985,Gas Station,0,0,98905,Cloudy,3,46153,2023,2,February,1,50108,59.74723219250796,Normal
ATM_0038,2023-12-31,Sunday,Evening,43685,10450,Standalone,1,1,99259,Snowy,1,45653,2023,12,December,4,33235,44.01112241711079,Normal
ATM_0028,2023-01-15,Sunday,Night,37384,13591,Standalone,0,0,97976,Cloudy,0,26393,2023,1,January,1,23793,38.156283171388914,Normal
ATM_0028,2022-08-02,Tuesday,Evening,44601,8761,Bank Branch,0,0,100798,Snowy,2,35176,2022,8,August,3,35840,44.24790174408223,Normal
ATM_0024,2022-01-23,Sunday,Morning,32858,5385,Supermarket,0,0,101878,Snowy,4,26359,2022,1,January,1,27473,32.252301772708535,Normal
ATM_0006,2022-12-16,Friday,Afternoon,47941,12817,Gas Station,0,0,96741,Snowy,2,33265,2022,12,December,4,35124,49.556031051984164,Normal
ATM_0037,2023-01-26,Thursday,Night,40493,6816,Standalone,0,0,103476,Rainy,0,34436,2023,1,January,1,33677,39.13274575747033,Normal
ATM_0016,2022-01-14,Friday,Night,45227,9741,Standalone,0,0,86252,Snowy,5,38012,2022,1,January,1,35486,52.435885544683025,Normal
ATM_0038,2022-05-02,Monday,Evening,66473,14091,Bank Branch,0,0,94118,Snowy,0,63465,2022,5,May,2,52382,70.62729764763382,Normal
ATM_0043,2022-09-29,Thursday,Afternoon,63595,11053,Bank Branch,0,0,83975,Rainy,3,65758,2022,9,September,3,52542,75.73087228341768,High Risk
ATM_0008,2022-11-05,Saturday,Evening,56843,17416,Standalone,0,0,47888,Clear,3,47992,2022,11,November,4,39427,118.69988306047443,Normal
ATM_0037,2023-02-27,Monday,Afternoon,51666,1321,Gas Station,0,0,148835,Clear,0,49963,2023,2,February,1,50345,34.71360903013404,Normal
ATM_0035,2023-10-24,Tuesday,Morning,42978,5984,Gas Station,0,1,81558,Snowy,1,53989,2023,10,October,4,36994,52.69624071213125,High Risk
ATM_0010,2022-05-04,Wednesday,Morning,73785,14779,Standalone,0,0,138871,Cloudy,0,50436,2022,5,May,2,59006,53.13204340719084,Normal
ATM_0036,2022-10-15,Saturday,Evening,50831,8564,Bank Branch,0,0,79162,Snowy,5,35578,2022,10,October,4,42267,64.2113640383012,Normal
ATM_0012,2023-03-20,Monday,Night,56628,10850,Standalone,0,0,105753,Cloudy,0,58406,2023,3,March,1,45778,53.54741709455051,Normal
ATM_0008,2023-05-25,Thursday,Afternoon,75126,20257,Bank Branch,0,0,126132,Clear,5,53799,2023,5,May,2,54869,59.56141185424792,Normal
ATM_0034,2023-02-25,Saturday,Evening,53444,3408,Bank Branch,0,0,109978,Cloudy,3,59080,2023,2,February,1,50036,48.59517358017058,Normal
ATM_0029,2022-05-16,Monday,Night,54116,3961,Gas Station,0,0,132697,Cloudy,1,49651,2022,5,May,2,50155,40.78163033075352,Normal
ATM_0013,2023-04-25,Tuesday,Morning,47769,12403,Mall,0,0,130417,Clear,5,36592,2023,4,April,2,35366,36.627893602827854,Normal
ATM_0003,2023-10-07,Saturday,Evening,51524,18910,Bank Branch,0,0,92622,Clear,0,43427,2023,10,October,4,32614,55.62825246701647,Normal
ATM_0024,2022-11-30,Wednesday,Morning,52205,15685,Mall,0,0,81774,Rainy,3,36380,2022,11,November,4,36520,63.84058502702571,Normal
ATM_0044,2022-07-02,Saturday,Afternoon,46920,9243,Mall,0,0,105133,Snowy,3,38870,2022,7,July,3,37677,44.62918398599869,Normal
ATM_0043,2022-07-19,Tuesday,Morning,51689,10233,Gas Station,0,0,125607,Snowy,1,47225,2022,7,July,3,41456,41.15136895236731,Normal
ATM_0037,2023-12-10,Sunday,Morning,73121,13371,Bank Branch,0,0,130326,Clear,3,65149,2023,12,December,4,59750,56.10622592575542,Normal
ATM_0011,2022-02-05,Saturday,Afternoon,59998,13368,Mall,0,0,81445,Snowy,2,47068,2022,2,February,1,46630,73.66689176745042,Normal
ATM_0046,2022-06-07,Tuesday,Night,52891,10647,Bank Branch,0,1,95149,Clear,4,52628,2022,6,June,2,42244,55.587552155041045,Normal
ATM_0042,2022-07-10,Sunday,Night,54526,7437,Bank Branch,0,0,76907,Snowy,4,52050,2022,7,July,3,47089,70.89861781112252,Normal
ATM_0023,2023-11-07,Tuesday,Afternoon,36790,16912,Bank Branch,0,0,73113,Rainy,5,18246,2023,11,November,4,19878,50.31936864853036,Normal
ATM_0045,2023-03-30,Thursday,Afternoon,41265,7690,Supermarket,0,0,114121,Rainy,0,31734,2023,3,March,1,33575,36.1589891431025,Normal
ATM_0019,2023-01-08,Sunday,Night,64388,12321,Bank Branch,0,0,111359,Rainy,1,49723,2023,1,January,1,52067,57.820203126824055,Normal
ATM_0015,2023-03-10,Friday,Night,50300,4659,Mall,0,0,98981,Clear,3,38309,2023,3,March,1,45641,50.81783372566452,Normal
ATM_0026,2022-04-04,Monday,Morning,46607,2563,Supermarket,0,1,58111,Clear,4,43385,2022,4,April,2,44044,80.20340383060007,Normal
ATM_0012,2023-02-03,Friday,Night,39860,16612,Mall,0,0,82811,Rainy,1,25646,2023,2,February,1,23248,48.13370204441439,Normal
ATM_0025,2022-02-09,Wednesday,Morning,71252,10461,Mall,0,0,92006,Rainy,3,73644,2022,2,February,1,60791,77.44277547116492,Normal
ATM_0007,2022-12-29,Thursday,Afternoon,6322,2776,Supermarket,0,0,115498,Rainy,5,4059,2022,12,December,4,3546,5.473687856066771,Normal
ATM_0006,2023-05-20,Saturday,Night,80287,9893,Standalone,0,0,133653,Snowy,3,70951,2023,5,May,2,70394,60.07122922792605,Normal
ATM_0031,2022-07-25,Monday,Evening,20000,0,Gas Station,0,0,126437,Rainy,1,18229,2022,7,July,3,20000,15.818154495914962,Normal
ATM_0014,2022-08-10,Wednesday,Afternoon,49294,6234,Bank Branch,0,1,94090,Clear,5,59549,2022,8,August,3,43060,52.39026464023807,Normal
ATM_0007,2023-09-15,Friday,Evening,53117,8007,Standalone,0,1,79253,Snowy,4,54212,2023,9,September,3,45110,67.02206856522781,High Risk
ATM_0043,2023-08-03,Thursday,Afternoon,38231,13060,Bank Branch,0,0,82022,Snowy,3,18993,2023,8,August,3,25171,46.61066543122577,Normal
ATM_0004,2023-01-22,Sunday,Afternoon,5692,7384,Supermarket,0,1,82668,Snowy,1,7060,2023,1,January,1,-1692,6.885372816567474,Normal
ATM_0024,2023-11-03,Friday,Morning,55235,23679,Gas Station,0,0,111375,Cloudy,1,24341,2023,11,November,4,31556,49.59371492704826,Normal
ATM_0005,2023-10-26,Thursday,Morning,40551,11739,Supermarket,0,0,135612,Cloudy,5,37139,2023,10,October,4,28812,29.90222104238563,Normal
ATM_0032,2022-10-10,Monday,Morning,77443,2853,Bank Branch,0,0,116493,Snowy,1,75130,2022,10,October,4,74590,66.4786725382641,Normal
ATM_0036,2022-11-09,Wednesday,Morning,39989,11800,Supermarket,0,0,108349,Clear,5,23566,2022,11,November,4,28189,36.90758567222586,Normal
ATM_0005,2022-08-14,Sunday,Night,51217,14979,Bank Branch,0,0,114724,Clear,4,37104,2022,8,August,3,36238,44.64366653882361,Normal
ATM_0019,2023-11-11,Saturday,Night,46184,13684,Bank Branch,0,0,102961,Cloudy,5,26960,2023,11,November,4,32500,44.85581919367527,Normal
ATM_0024,2023-01-31,Tuesday,Morning,40352,14402,Standalone,1,0,106661,Cloudy,0,41941,2023,1,January,1,25950,37.83200982552198,Normal
ATM_0024,2022-11-23,Wednesday,Evening,69725,7151,Supermarket,0,0,108053,Rainy,5,72668,2022,11,November,4,62574,64.52851841226065,Normal
ATM_0043,2022-03-10,Thursday,Evening,48943,12134,Mall,0,0,86908,Snowy,0,46767,2022,3,March,1,36809,56.31587425783587,Normal
ATM_0005,2023-08-03,Thursday,Evening,35944,3352,Standalone,0,0,74170,Clear,4,29551,2023,8,August,3,32592,48.461642173385464,Normal
ATM_0043,2022-04-04,Monday,Night,32440,8510,Supermarket,0,1,112365,Snowy,3,27551,2022,4,April,2,23930,28.870199795309926,Normal
ATM_0036,2023-05-24,Wednesday,Evening,52863,10535,Bank Branch,0,0,95515,Clear,1,45235,2023,5,May,2,42328,55.34523373292153,Normal
ATM_0002,2022-09-17,Saturday,Afternoon,46837,22403,Gas Station,0,1,90060,Clear,0,31275,2022,9,September,3,24434,52.00644015101044,Normal
ATM_0040,2023-10-30,Monday,Night,37856,19509,Mall,0,0,89559,Clear,1,22620,2023,10,October,4,18347,42.269341998012486,Normal
ATM_0020,2022-03-17,Thursday,Afternoon,78789,8293,Supermarket,0,0,98725,Cloudy,4,76449,2022,3,March,1,70496,79.80653329956951,Normal
ATM_0026,2023-04-19,Wednesday,Night,43755,9333,Gas Station,0,0,93618,Cloudy,1,41892,2023,4,April,2,34422,46.73780683201949,Normal
ATM_0005,2022-06-18,Saturday,Night,36280,859,Gas Station,0,0,132347,Rainy,0,30161,2022,6,June,2,35421,27.412786085064262,Normal
ATM_0039,2022-07-09,Saturday,Afternoon,61096,17426,Gas Station,0,0,122352,Clear,3,43517,2022,7,July,3,43670,49.934614881652934,Normal
ATM_0022,2023-12-14,Thursday,Night,57527,7390,Supermarket,0,0,81776,Rainy,5,39954,2023,12,December,4,50137,70.34704558794756,Normal
ATM_0014,2023-10-09,Monday,Evening,68369,8082,Bank Branch,0,0,116908,Clear,5,57718,2023,10,October,4,60287,58.48102781674479,Normal
ATM_0050,2023-01-27,Friday,Evening,58037,16469,Standalone,0,0,84490,Snowy,1,35333,2023,1,January,1,41568,68.69096934548467,Normal
ATM_0015,2022-05-08,Sunday,Afternoon,45290,9769,Mall,0,0,84342,Clear,2,30289,2022,5,May,2,35521,53.698038936710056,Normal
ATM_0002,2022-12-24,Saturday,Night,35593,5946,Gas Station,1,0,81218,Snowy,4,41901,2022,12,December,4,29647,43.824029156098405,Normal
ATM_0041,2023-04-13,Thursday,Evening,72597,6370,Gas Station,0,0,143006,Clear,0,61683,2023,4,April,2,66227,50.765002867012576,Normal
ATM_0009,2023-03-07,Tuesday,Night,34929,5645,Gas Station,0,0,85104,Cloudy,3,37203,2023,3,March,1,29284,41.0427241962775,Normal
ATM_0026,2022-11-01,Tuesday,Night,60048,5280,Supermarket,0,0,80206,Snowy,0,66088,2022,11,November,4,54768,74.86721691644017,High Risk
ATM_0027,2022-07-26,Tuesday,Night,36250,9443,Standalone,0,0,95796,Clear,2,32498,2022,7,July,3,26807,37.8408284270742,Normal
ATM_0022,2022-02-03,Thursday,Morning,83938,7476,Gas Station,0,0,91329,Snowy,5,89976,2022,2,February,1,76462,91.90728027242169,Normal
ATM_0015,2023-04-27,Thursday,Afternoon,58394,6407,Mall,0,0,136642,Cloudy,2,43902,2023,4,April,2,51987,42.73503022496744,Normal
ATM_0037,2023-03-13,Monday,Afternoon,41169,7431,Gas Station,0,0,127454,Clear,5,32390,2023,3,March,1,33738,32.30106548244857,Normal
ATM_0037,2023-10-28,Saturday,Evening,30968,9921,Bank Branch,0,0,94577,Cloudy,1,23963,2023,10,October,4,21047,32.74369032640071,Normal
ATM_0021,2022-07-30,Saturday,Morning,48506,6859,Standalone,0,0,113735,Clear,1,52043,2022,7,July,3,41647,42.648261309183624,Normal
ATM_0024,2022-12-25,Sunday,Morning,63791,9608,Bank Branch,1,0,104610,Cloudy,3,75286,2022,12,December,4,54183,60.97982984418315,Normal
ATM_0044,2022-07-31,Sunday,Night,17584,7894,Standalone,0,0,120096,Clear,2,11454,2022,7,July,3,9690,14.64162003730349,Normal
ATM_0040,2022-10-24,Monday,Evening,43648,6313,Supermarket,0,0,145553,Snowy,3,30188,2022,10,October,4,37335,29.987702074158555,Normal
ATM_0043,2023-03-22,Wednesday,Afternoon,77286,12337,Standalone,0,1,122778,Snowy,2,90772,2023,3,March,1,64949,62.947759370571276,Normal
ATM_0048,2022-08-15,Monday,Evening,16610,6062,Standalone,0,0,90600,Snowy,4,15332,2022,8,August,3,10548,18.333333333333332,Normal
ATM_0008,2023-02-10,Friday,Afternoon,46460,7550,Supermarket,0,0,48999,Snowy,2,30611,2023,2,February,1,38910,94.81826159717545,Normal
ATM_0038,2023-04-07,Friday,Evening,55790,12718,Bank Branch,0,0,132037,Snowy,3,41905,2023,4,April,2,43072,42.25330778493907,Normal
ATM_0017,2022-01-18,Tuesday,Afternoon,9800,8532,Bank Branch,0,0,118022,Snowy,4,2667,2022,1,January,1,1268,8.303536628764128,Normal
ATM_0027,2022-05-12,Thursday,Night,40823,10734,Bank Branch,0,1,72737,Snowy,0,36658,2022,5,May,2,30089,56.12411839916411,Normal
ATM_0016,2022-06-11,Saturday,Morning,60405,13622,Mall,0,1,127185,Cloudy,1,66995,2022,6,June,2,46783,47.49380823210284,Normal
ATM_0004,2023-12-09,Saturday,Afternoon,34700,12211,Mall,0,0,82694,Clear,3,17785,2023,12,December,4,22489,41.961931941857934,Normal
ATM_0021,2022-11-05,Saturday,Evening,14120,11734,Bank Branch,0,0,96950,Cloudy,2,10407,2022,11,November,4,2386,14.564208354822073,Normal
ATM_0022,2023-04-29,Saturday,Afternoon,41499,13819,Bank Branch,0,0,99101,Clear,0,29885,2023,4,April,2,27680,41.87546038889617,Normal
ATM_0020,2022-10-12,Wednesday,Night,33065,21965,Standalone,0,0,114455,Clear,1,14559,2022,10,October,4,11100,28.889083045738502,Normal
ATM_0047,2023-09-18,Monday,Afternoon,52829,15835,Supermarket,0,0,90188,Clear,1,33051,2023,9,September,3,36994,58.5765290282521,Normal
ATM_0048,2022-12-31,Saturday,Morning,79102,13711,Bank Branch,1,0,124911,Rainy,5,66361,2022,12,December,4,65391,63.32668860228483,Normal
ATM_0030,2022-12-08,Thursday,Night,41233,15290,Standalone,0,0,93748,Cloudy,1,33838,2022,12,December,4,25943,43.98280496650595,Normal
ATM_0022,2023-08-20,Sunday,Evening,34358,11016,Gas Station,0,1,108760,Cloudy,0,35432,2023,8,August,3,23342,31.59065833026848,Normal
ATM_0037,2023-09-17,Sunday,Afternoon,57800,3525,Mall,0,0,129177,Snowy,4,57751,2023,9,September,3,54275,44.74480751217322,Normal
ATM_0020,2022-07-13,Wednesday,Evening,26176,5655,Standalone,0,0,129838,Rainy,0,21850,2022,7,July,3,20521,20.160507709607355,Normal
ATM_0005,2022-08-17,Wednesday,Evening,21844,10959,Mall,0,0,131844,Snowy,1,10568,2022,8,August,3,10885,16.56806528928127,Normal
ATM_0013,2023-02-22,Wednesday,Afternoon,54670,12347,Bank Branch,0,0,108824,Rainy,1,33303,2023,2,February,1,42323,50.23708005587003,Normal
ATM_0020,2023-04-14,Friday,Evening,47330,224,Bank Branch,0,0,81647,Rainy,5,47868,2023,4,April,2,47106,57.96906193736451,Normal
ATM_0007,2022-01-20,Thursday,Evening,45162,15590,Bank Branch,0,0,77397,Cloudy,4,24195,2022,1,January,1,29572,58.35109887980154,Normal
ATM_0048,2023-12-11,Monday,Night,46619,10503,Supermarket,0,0,96246,Clear,4,41053,2023,12,December,4,36116,48.43733765559088,Normal
ATM_0042,2022-11-18,Friday,Afternoon,30074,10828,Supermarket,0,0,127482,Cloudy,4,23396,2022,11,November,4,19246,23.59078144365479,Normal
ATM_0004,2022-06-06,Monday,Morning,45784,5840,Gas Station,0,0,111890,Snowy,0,45832,2022,6,June,2,39944,40.91875949593351,Normal
ATM_0030,2022-09-27,Tuesday,Afternoon,67444,9234,Mall,0,0,114312,Snowy,0,47315,2022,9,September,3,58210,58.9999300160963,Normal
ATM_0010,2022-08-22,Monday,Evening,44101,13832,Mall,0,0,128659,Snowy,3,36762,2022,8,August,3,30269,34.27743103863702,Normal
ATM_0026,2022-12-13,Tuesday,Afternoon,63845,12756,Gas Station,0,0,77214,Rainy,1,52178,2022,12,December,4,51089,82.6857823710726,Normal
ATM_0013,2022-05-17,Tuesday,Afternoon,75514,8146,Supermarket,0,0,112248,Clear,1,62879,2022,5,May,2,67368,67.27424987527617,Normal
ATM_0002,2022-05-18,Wednesday,Evening,31249,11528,Gas Station,0,0,111028,Clear,1,16785,2022,5,May,2,19721,28.145152574125447,Normal
ATM_0014,2022-01-11,Tuesday,Afternoon,60887,14970,Mall,0,0,101316,Snowy,3,48793,2022,1,January,1,45917,60.096134865174314,Normal
ATM_0030,2023-03-28,Tuesday,Morning,23810,9088,Mall,0,0,113768,Cloudy,3,15312,2023,3,March,1,14722,20.928556360312214,Normal
ATM_0024,2022-01-11,Tuesday,Night,55096,12436,Gas Station,0,0,115854,Cloudy,4,45157,2022,1,January,1,42660,47.556407202168245,Normal
ATM_0040,2022-12-22,Thursday,Evening,34337,14239,Bank Branch,0,0,137314,Clear,1,25758,2022,12,December,4,20098,25.00619019182312,Normal
ATM_0018,2023-10-20,Friday,Evening,45161,15085,Bank Branch,0,0,102511,Rainy,1,36235,2023,10,October,4,30076,44.05478436460478,Normal
ATM_0048,2023-08-19,Saturday,Evening,56879,14541,Gas Station,0,0,106678,Clear,1,51809,2023,8,August,3,42338,53.3183974202741,Normal
ATM_0018,2022-05-15,Sunday,Morning,44301,11898,Bank Branch,0,0,83276,Cloudy,0,42715,2022,5,May,2,32403,53.19780008645948,Normal
ATM_0038,2022-01-17,Monday,Morning,29254,0,Gas Station,0,0,130161,Rainy,5,25774,2022,1,January,1,29254,22.47524220004456,Normal
ATM_0009,2022-10-27,Thursday,Morning,57671,13687,Standalone,0,0,105504,Cloudy,2,52035,2022,10,October,4,43984,54.66238246891113,Normal
ATM_0043,2023-07-14,Friday,Night,26235,17121,Mall,0,0,103173,Cloudy,5,11867,2023,7,July,3,9114,25.428164345322905,Normal
ATM_0041,2023-12-09,Saturday,Night,44058,12966,Standalone,0,0,105237,Cloudy,0,40389,2023,12,December,4,31092,41.865503577639046,Normal
ATM_0040,2023-09-08,Friday,Afternoon,29242,7016,Standalone,0,0,82999,Snowy,5,29231,2023,9,September,3,22226,35.23174978011783,Normal
ATM_0035,2022-08-21,Sunday,Night,45818,8265,Bank Branch,0,0,82452,Cloudy,5,40345,2022,8,August,3,37553,55.569300926599716,Normal
ATM_0010,2022-12-14,Wednesday,Morning,52149,6216,Bank Branch,0,0,129509,Clear,4,39970,2022,12,December,4,45933,40.26669961161,Normal
ATM_0045,2022-12-18,Sunday,Night,28298,4202,Gas Station,0,0,94399,Snowy,5,26086,2022,12,December,4,24096,29.97701246835242,Normal
ATM_0017,2023-06-04,Sunday,Afternoon,50407,6893,Bank Branch,0,0,92589,Rainy,3,42272,2023,6,June,2,43514,54.44167233688667,Normal
ATM_0037,2022-03-20,Sunday,Afternoon,46537,14123,Mall,0,0,111716,Clear,0,39530,2022,3,March,1,32414,41.65652189480468,Normal
ATM_0008,2023-06-28,Wednesday,Night,58572,16939,Supermarket,0,0,77612,Snowy,5,46048,2023,6,June,2,41633,75.4677111786837,Normal
ATM_0036,2023-03-02,Thursday,Morning,42902,18816,Mall,0,0,94853,Clear,3,29346,2023,3,March,1,24086,45.229987454271345,Normal
ATM_0019,2023-12-12,Tuesday,Morning,52024,0,Bank Branch,0,0,126678,Snowy,0,59812,2023,12,December,4,52024,41.06790445065441,Normal
ATM_0038,2023-09-27,Wednesday,Evening,39294,11642,Standalone,0,0,95480,Snowy,5,29182,2023,9,September,3,27652,41.15416841223293,Normal
ATM_0049,2022-04-23,Saturday,Night,35973,15428,Mall,0,0,97049,Rainy,3,28923,2022,4,April,2,20545,37.06684252284928,Normal
ATM_0025,2022-09-18,Sunday,Afternoon,42172,17321,Bank Branch,0,0,123694,Rainy,1,29684,2022,9,September,3,24851,34.093812149336266,Normal
ATM_0002,2023-01-05,Thursday,Evening,31760,8770,Bank Branch,0,0,86322,Cloudy,1,30034,2023,1,January,1,22990,36.792474687796854,Normal
ATM_0025,2023-11-27,Monday,Evening,22617,15285,Standalone,0,0,86083,Cloudy,1,10927,2023,11,November,4,7332,26.273480245809278,Normal
ATM_0013,2022-01-02,Sunday,Afternoon,58350,13064,Bank Branch,0,1,87693,Snowy,2,66387,2022,1,January,1,45286,66.53894837672334,Normal
ATM_0029,2022-01-19,Wednesday,Evening,77867,6754,Supermarket,0,0,81376,Cloudy,4,77396,2022,1,January,1,71113,95.68791781360598,High Risk
ATM_0039,2023-08-18,Friday,Evening,38159,2807,Mall,0,0,74601,Clear,1,42361,2023,8,August,3,35352,51.15078886342006,Normal
ATM_0001,2023-01-19,Thursday,Night,67942,6933,Supermarket,0,0,93221,Clear,4,50053,2023,1,January,1,61009,72.88271955889766,Normal
ATM_0050,2022-11-17,Thursday,Afternoon,71755,4389,Gas Station,0,0,85460,Rainy,3,70474,2022,11,November,4,67366,83.9632576644044,High Risk
ATM_0028,2023-10-12,Thursday,Afternoon,38468,13757,Bank Branch,0,1,115667,Snowy,3,38126,2023,10,October,4,24711,33.2575410445503,Normal
ATM_0015,2022-10-02,Sunday,Afternoon,54015,14265,Gas Station,0,1,97889,Cloudy,2,50289,2022,10,October,4,39750,55.179846560900614,Normal
ATM_0011,2022-06-13,Monday,Evening,45979,17256,Supermarket,0,0,105106,Cloudy,0,31766,2022,6,June,2,28723,43.74536182520503,Normal
ATM_0026,2022-12-24,Saturday,Morning,51544,6867,Bank Branch,1,0,77850,Rainy,0,55273,2022,12,December,4,44677,66.20937700706487,High Risk
ATM_0042,2023-01-13,Friday,Afternoon,68021,11480,Bank Branch,0,0,88236,Clear,0,54837,2023,1,January,1,56541,77.08984994786708,Normal
ATM_0021,2023-02-25,Saturday,Afternoon,53924,11230,Mall,0,0,98914,Snowy,2,49008,2023,2,February,1,42694,54.5160442404513,Normal
ATM_0049,2023-11-12,Sunday,Night,30546,6622,Bank Branch,0,0,114149,Cloudy,5,21524,2023,11,November,4,23924,26.75976136453232,Normal
ATM_0047,2022-06-07,Tuesday,Night,37191,15691,Bank Branch,0,0,106188,Snowy,5,25060,2022,6,June,2,21500,35.02373149508419,Normal
ATM_0049,2022-07-04,Monday,Morning,41535,7777,Gas Station,0,0,83080,Snowy,5,37792,2022,7,July,3,33758,49.99398170438132,Normal
ATM_0017,2023-10-01,Sunday,Morning,64559,3633,Supermarket,0,0,102726,Rainy,1,52542,2023,10,October,4,60926,62.84582286860191,Normal
ATM_0047,2022-04-20,Wednesday,Afternoon,36466,7860,Supermarket,0,0,140058,Clear,0,36976,2022,4,April,2,28606,26.0363563666481,Normal
ATM_0018,2023-08-11,Friday,Afternoon,43395,5958,Bank Branch,0,0,84748,Clear,1,37927,2023,8,August,3,37437,51.204748194647664,Normal
ATM_0010,2022-04-07,Thursday,Afternoon,65656,17234,Mall,0,0,104879,Snowy,4,56766,2022,4,April,2,48422,62.60166477559854,Normal
ATM_0043,2022-04-26,Tuesday,Evening,53695,6459,Supermarket,0,0,94358,Cloudy,4,50712,2022,4,April,2,47236,56.905614786239646,Normal
ATM_0027,2023-07-03,Monday,Night,32968,15622,Gas Station,0,0,124259,Clear,0,17825,2023,7,July,3,17346,26.531679797841605,Normal
ATM_0049,2023-08-20,Sunday,Morning,49224,5636,Supermarket,0,0,103299,Clear,3,34736,2023,8,August,3,43588,47.65196178084977,Normal
ATM_0020,2022-11-09,Wednesday,Afternoon,66981,9159,Mall,0,0,102999,Cloudy,1,71638,2022,11,November,4,57822,65.0307284536743,Normal
ATM_0037,2023-05-30,Tuesday,Night,39983,0,Gas Station,0,0,109417,Cloudy,1,32933,2023,5,May,2,39983,36.541853642487,Normal
ATM_0021,2023-06-18,Sunday,Evening,64817,12231,Gas Station,0,0,87195,Snowy,3,61084,2023,6,June,2,52586,74.33568438557256,Normal
ATM_0048,2022-11-15,Tuesday,Morning,52122,9371,Supermarket,0,0,136449,Rainy,1,44113,2022,11,November,4,42751,38.19888749642723,Normal
ATM_0019,2023-11-06,Monday,Afternoon,35797,822,Mall,0,0,96415,Cloudy,1,33076,2023,11,November,4,34975,37.12804024270083,Normal
ATM_0012,2022-03-18,Friday,Afternoon,27878,9177,Bank Branch,0,0,82856,Clear,0,17181,2022,3,March,1,18701,33.64632615622284,Normal
ATM_0019,2022-06-17,Friday,Evening,57377,6470,Supermarket,0,0,115132,Clear,2,47570,2022,6,June,2,50907,49.83584060035437,Normal
ATM_0047,2023-05-13,Saturday,Morning,32319,11760,Mall,0,0,106183,Cloudy,1,27101,2023,5,May,2,20559,30.43707561474059,Normal
ATM_0049,2023-02-21,Tuesday,Evening,39739,5129,Supermarket,0,0,60965,Clear,5,32938,2023,2,February,1,34610,65.18330189452965,Normal
ATM_0011,2023-06-11,Sunday,Afternoon,39349,13260,Mall,0,0,116784,Clear,0,31393,2023,6,June,2,26089,33.6938279216331,Normal
ATM_0015,2023-03-19,Sunday,Night,16875,12917,Gas Station,0,0,113522,Rainy,5,4932,2023,3,March,1,3958,14.864960095840454,Normal
ATM_0001,2022-03-05,Saturday,Morning,61950,13590,Standalone,0,1,110780,Rainy,4,62604,2022,3,March,1,48360,55.92164650658964,Normal
ATM_0022,2022-07-18,Monday,Night,45169,10860,Bank Branch,0,0,88232,Clear,2,30582,2022,7,July,3,34309,51.1934445552634,Normal
ATM_0041,2022-02-17,Thursday,Evening,38140,8588,Bank Branch,0,0,81125,Rainy,4,39210,2022,2,February,1,29552,47.013867488443765,Normal
ATM_0046,2022-01-02,Sunday,Evening,42424,14746,Supermarket,0,0,90724,Cloudy,4,32322,2022,1,January,1,27678,46.761606631100925,Normal
ATM_0011,2023-11-07,Tuesday,Morning,57561,10768,Mall,0,0,106382,Cloudy,1,52422,2023,11,November,4,46793,54.10783779210768,Normal
ATM_0030,2023-03-23,Thursday,Afternoon,67805,10206,Bank Branch,0,0,111099,Rainy,4,55514,2023,3,March,1,57599,61.03115239561112,Normal
ATM_0040,2023-01-30,Monday,Afternoon,45223,10080,Bank Branch,0,0,117991,Cloudy,5,29304,2023,1,January,1,35143,38.32749955505081,Normal
ATM_0006,2023-06-02,Friday,Evening,63727,8845,Mall,0,0,69827,Cloudy,1,46815,2023,6,June,2,54882,91.26412419264754,Normal
ATM_0026,2023-04-11,Tuesday,Morning,27650,3680,Bank Branch,0,0,106527,Snowy,0,30101,2023,4,April,2,23970,25.955860955438524,Normal
ATM_0001,2022-03-18,Friday,Afternoon,70415,15914,Bank Branch,0,0,69110,Rainy,1,54469,2022,3,March,1,54501,101.88829402401969,High Risk
ATM_0015,2023-09-16,Saturday,Afternoon,58490,7582,Mall,0,0,83641,Rainy,2,54374,2023,9,September,3,50908,69.9298191078538,High Risk
ATM_0012,2023-04-18,Tuesday,Morning,52107,7461,Supermarket,0,0,73180,Clear,3,49033,2023,4,April,2,44646,71.20388084176005,Normal
ATM_0031,2023-05-20,Saturday,Night,35673,8372,Mall,0,0,126424,Cloudy,5,27556,2023,5,May,2,27301,28.216952477377717,Normal
ATM_0047,2023-01-15,Sunday,Afternoon,25791,4257,Mall,0,0,95052,Clear,5,28062,2023,1,January,1,21534,27.13356899381391,Normal
ATM_0018,2022-09-11,Sunday,Morning,39161,12204,Supermarket,0,0,87037,Cloudy,3,25492,2022,9,September,3,26957,44.993508507875966,Normal
ATM_0008,2023-04-17,Monday,Morning,21325,11021,Standalone,0,1,76257,Cloudy,4,23866,2023,4,April,2,10304,27.964645868576,Normal
ATM_0035,2023-10-21,Saturday,Afternoon,46813,11252,Supermarket,0,0,113605,Snowy,5,37792,2023,10,October,4,35561,41.20681308041019,Normal
ATM_0032,2022-07-02,Saturday,Morning,32630,11236,Bank Branch,0,0,93983,Cloudy,2,27779,2022,7,July,3,21394,34.71904493365822,Normal
ATM_0045,2023-02-13,Monday,Night,67590,7619,Bank Branch,0,0,81103,Snowy,4,59416,2023,2,February,1,59971,83.3384708333847,High Risk
ATM_0007,2022-05-22,Sunday,Evening,52475,16112,Gas Station,0,0,101243,Rainy,2,39590,2022,5,May,2,36363,51.83074385389607,Normal
ATM_0021,2022-08-17,Wednesday,Evening,52431,14311,Gas Station,0,0,67647,Clear,3,43413,2022,8,August,3,38120,77.50676304935918,Normal
ATM_0048,2022-11-02,Wednesday,Afternoon,56745,11656,Supermarket,0,0,110136,Clear,3,49071,2022,11,November,4,45089,51.522662889518415,Normal
ATM_0018,2023-10-05,Thursday,Night,41367,5332,Bank Branch,0,0,94895,Cloudy,3,44632,2023,10,October,4,36035,43.59239159070552,Normal
ATM_0038,2022-11-08,Tuesday,Morning,72675,21040,Gas Station,0,0,102508,Cloudy,3,53290,2022,11,November,4,51635,70.89690560736723,Normal
ATM_0002,2023-07-30,Sunday,Morning,34433,17383,Supermarket,0,0,87557,Cloudy,2,20807,2023,7,July,3,17050,39.32638167136837,Normal
ATM_0044,2023-11-28,Tuesday,Night,73032,19144,Standalone,0,0,144646,Snowy,3,47499,2023,11,November,4,53888,50.490162189068485,Normal
ATM_0018,2022-03-19,Saturday,Afternoon,22035,21223,Supermarket,0,0,91206,Snowy,0,9144,2022,3,March,1,812,24.1595947635024,Normal
ATM_0027,2023-04-19,Wednesday,Afternoon,67025,6499,Standalone,0,0,76165,Snowy,1,51194,2023,4,April,2,60526,87.99973741219719,Normal
ATM_0026,2023-08-19,Saturday,Morning,58944,9743,Gas Station,0,0,112554,Clear,2,46749,2023,8,August,3,49201,52.369529292606224,Normal
ATM_0019,2022-11-20,Sunday,Morning,45634,20224,Supermarket,0,0,104503,Cloudy,0,24969,2022,11,November,4,25410,43.66764590490225,Normal
ATM_0021,2022-06-25,Saturday,Morning,20243,7398,Mall,0,0,101937,Rainy,3,10485,2022,6,June,2,12845,19.85834387906256,Normal
ATM_0003,2023-02-11,Saturday,Night,77680,15143,Standalone,0,0,81565,Clear,0,71513,2023,2,February,1,62537,95.23692760375161,High Risk
ATM_0035,2022-07-03,Sunday,Evening,86275,9844,Supermarket,0,0,124926,Snowy,4,77935,2022,7,July,3,76431,69.06088404335367,Normal
ATM_0007,2022-08-15,Monday,Morning,32674,0,Supermarket,0,0,142241,Rainy,5,30867,2022,8,August,3,32674,22.970873376874458,Normal
ATM_0003,2022-12-04,Sunday,Night,53217,5376,Standalone,0,0,109052,Rainy,4,54762,2022,12,December,4,47841,48.79965521035836,Normal
ATM_0039,2023-05-01,Monday,Evening,52840,8550,Mall,0,0,82403,Cloudy,1,37164,2023,5,May,2,44290,64.12387898498841,Normal
ATM_0001,2022-06-02,Thursday,Night,62416,14011,Standalone,0,1,102014,Clear,0,51361,2022,6,June,2,48405,61.18375909188934,Normal
ATM_0014,2022-02-17,Thursday,Evening,82663,12090,Gas Station,0,0,86501,Cloudy,0,61139,2022,2,February,1,70573,95.56305707448469,High Risk
ATM_0038,2023-09-03,Sunday,Evening,43996,19454,Bank Branch,0,0,91888,Snowy,3,24290,2023,9,September,3,24542,47.88002786000348,Normal
ATM_0019,2022-04-10,Sunday,Evening,38017,6535,Supermarket,0,0,111531,Cloudy,4,35897,2022,4,April,2,31482,34.086487165003454,Normal
ATM_0043,2022-10-29,Saturday,Night,38791,12980,Gas Station,0,0,90677,Cloudy,5,25068,2022,10,October,4,25811,42.77931559270819,Normal
ATM_0002,2023-11-01,Wednesday,Morning,40915,11391,Supermarket,0,0,103111,Cloudy,5,27930,2023,11,November,4,29524,39.68053844885609,Normal
ATM_0003,2022-02-01,Tuesday,Morning,33938,14830,Bank Branch,0,0,111205,Clear,0,16360,2022,2,February,1,19108,30.518411941909086,Normal
ATM_0015,2022-10-05,Wednesday,Evening,20205,15485,Standalone,0,1,71092,Snowy,1,20837,2022,10,October,4,4720,28.42091937208125,Normal
ATM_0039,2023-09-02,Saturday,Morning,50815,13814,Gas Station,0,0,69631,Snowy,3,45296,2023,9,September,3,37001,72.97755310134853,Normal
ATM_0036,2023-02-15,Wednesday,Evening,74778,14371,Bank Branch,0,0,99767,Clear,3,62336,2023,2,February,1,60407,74.9526396503854,Normal
ATM_0010,2022-05-10,Tuesday,Morning,73843,16927,Standalone,0,1,87608,Cloudy,3,79752,2022,5,May,2,56916,84.28796456944572,Normal
ATM_0009,2022-11-19,Saturday,Night,7725,8936,Bank Branch,0,0,94245,Rainy,0,1480,2022,11,November,4,-1211,8.19672131147541,Normal
ATM_0039,2022-01-09,Sunday,Evening,46253,12642,Bank Branch,0,0,117524,Snowy,3,32651,2022,1,January,1,33611,39.356216602566285,Normal
ATM_0002,2022-09-22,Thursday,Night,64854,8294,Standalone,0,0,146081,Cloudy,2,65740,2022,9,September,3,56560,44.395917333534136,Normal
ATM_0035,2022-10-23,Sunday,Evening,55392,12076,Standalone,0,0,52337,Cloudy,2,53736,2022,10,October,4,43316,105.837170644095,Normal
ATM_0011,2022-04-09,Saturday,Afternoon,46407,10238,Supermarket,0,0,67069,Clear,3,31099,2022,4,April,2,36169,69.19292072343407,Normal
ATM_0006,2022-05-21,Saturday,Evening,31748,5829,Standalone,0,0,110850,Rainy,0,30928,2022,5,May,2,25919,28.640505187189895,Normal
ATM_0011,2023-12-20,Wednesday,Morning,68881,12365,Mall,0,0,102026,Cloudy,1,48368,2023,12,December,4,56516,67.51318291415913,Normal
ATM_0043,2022-07-09,Saturday,Morning,60453,0,Mall,0,1,102221,Cloudy,1,70142,2022,7,July,3,60453,59.139511450680395,Normal
ATM_0050,2023-10-18,Wednesday,Afternoon,34326,15814,Gas Station,0,0,97056,Cloudy,2,18524,2023,10,October,4,18512,35.36721068249258,Normal
ATM_0035,2023-10-20,Friday,Afternoon,65252,13136,Supermarket,0,0,111138,Snowy,5,61163,2023,10,October,4,52116,58.71259155284421,Normal
ATM_0044,2022-11-25,Friday,Evening,37804,6527,Bank Branch,0,0,108697,Snowy,1,32887,2022,11,November,4,31277,34.77924873731566,Normal
ATM_0044,2022-12-21,Wednesday,Afternoon,76951,12197,Standalone,0,0,103335,Clear,4,67328,2022,12,December,4,64754,74.46750858857115,Normal
ATM_0021,2023-05-16,Tuesday,Evening,79778,7994,Supermarket,0,0,117167,Clear,0,65131,2023,5,May,2,71784,68.08913772649295,Normal
ATM_0022,2022-02-23,Wednesday,Morning,64969,7983,Standalone,0,0,124232,Clear,2,47617,2022,2,February,1,56986,52.2965097559405,Normal
ATM_0029,2023-04-11,Tuesday,Evening,34510,15280,Standalone,0,0,89544,Snowy,5,29796,2023,4,April,2,19230,38.539712320200124,Normal
ATM_0014,2023-01-01,Sunday,Afternoon,58178,14434,Standalone,1,0,104222,Snowy,0,56668,2023,1,January,1,43744,55.82122776381186,Normal
ATM_0030,2022-05-02,Monday,Evening,43726,11247,Supermarket,0,0,97056,Cloudy,1,41062,2022,5,May,2,32479,45.052340916584235,Normal
ATM_0017,2022-10-24,Monday,Afternoon,50288,2413,Mall,0,0,113347,Cloudy,4,48010,2022,10,October,4,47875,44.3664146382348,Normal
ATM_0035,2022-02-01,Tuesday,Afternoon,52716,1308,Bank Branch,0,0,92831,Rainy,3,60588,2022,2,February,1,51408,56.78706466589824,Normal
ATM_0006,2022-03-12,Saturday,Afternoon,18945,10205,Bank Branch,0,0,110273,Rainy,3,7612,2022,3,March,1,8740,17.18008941445322,Normal
ATM_0003,2023-06-10,Saturday,Night,40077,6352,Supermarket,0,0,91831,Rainy,4,40567,2023,6,June,2,33725,43.642125208263,Normal
ATM_0005,2022-12-28,Wednesday,Afternoon,38975,5485,Gas Station,0,0,135358,Rainy,0,28048,2022,12,December,4,33490,28.794012913902396,Normal
ATM_0019,2023-07-23,Sunday,Night,64411,692,Bank Branch,0,0,84704,Clear,2,73690,2023,7,July,3,63719,76.04245372119381,High Risk
ATM_0012,2022-05-06,Friday,Night,27642,15792,Standalone,0,0,116504,Rainy,2,14600,2022,5,May,2,11850,23.72622399230928,Normal
ATM_0047,2022-08-20,Saturday,Night,57228,12242,Supermarket,0,0,131153,Clear,2,42242,2022,8,August,3,44986,43.63453371253422,Normal
ATM_0028,2023-12-04,Monday,Night,59497,6678,Bank Branch,0,0,110083,Cloudy,3,54870,2023,12,December,4,52819,54.0474005977308,Normal
ATM_0006,2023-05-06,Saturday,Night,57149,11326,Gas Station,0,1,91274,Cloudy,4,63630,2023,5,May,2,45823,62.612573131450354,Normal
ATM_0005,2022-11-14,Monday,Afternoon,49541,11122,Bank Branch,0,0,127668,Rainy,4,43282,2022,11,November,4,38419,38.80455556599931,Normal
ATM_0039,2023-08-13,Sunday,Evening,57097,11004,Gas Station,0,0,80838,Cloudy,2,51081,2023,8,August,3,46093,70.63138622924862,Normal
ATM_0022,2022-02-23,Wednesday,Morning,69256,10234,Mall,0,0,63674,Snowy,3,53119,2022,2,February,1,59022,108.76652950968999,Normal
ATM_0015,2023-08-15,Tuesday,Morning,24498,12183,Supermarket,0,1,102284,Snowy,1,22545,2023,8,August,3,12315,23.950960071956512,Normal
ATM_0007,2023-12-23,Saturday,Morning,37019,9921,Supermarket,0,0,88310,Snowy,2,27447,2023,12,December,4,27098,41.919374929226585,Normal
ATM_0011,2023-10-29,Sunday,Evening,44416,14610,Gas Station,0,0,97404,Snowy,4,35746,2023,10,October,4,29806,45.59977002997824,Normal
ATM_0049,2023-11-18,Saturday,Night,62824,12672,Supermarket,0,0,106536,Rainy,4,62896,2023,11,November,4,50152,58.969737928962985,Normal
ATM_0024,2023-05-18,Thursday,Evening,62980,13070,Supermarket,0,0,92803,Rainy,4,51568,2023,5,May,2,49910,67.86418542504013,Normal
ATM_0048,2022-04-24,Sunday,Morning,48408,7619,Bank Branch,0,0,103320,Cloudy,5,44130,2022,4,April,2,40789,46.85249709639954,Normal
ATM_0038,2023-04-19,Wednesday,Morning,64946,12998,Bank Branch,0,0,125433,Rainy,5,66519,2023,4,April,2,51948,51.777442937663935,Normal
ATM_0039,2023-04-08,Saturday,Morning,47750,4422,Gas Station,0,0,126022,Snowy,4,36898,2023,4,April,2,43328,37.89020964593484,Normal
ATM_0034,2022-11-03,Thursday,Evening,42053,6548,Standalone,0,0,64076,Snowy,1,33093,2022,11,November,4,35505,65.62987702103752,Normal
ATM_0028,2023-05-24,Wednesday,Afternoon,38746,12941,Supermarket,0,1,114438,Clear,0,30141,2023,5,May,2,25805,33.857634701759906,Normal
ATM_0012,2022-08-11,Thursday,Morning,40224,7258,Bank Branch,0,0,105324,Snowy,3,39542,2022,8,August,3,32966,38.190725760510425,Normal
ATM_0035,2022-04-27,Wednesday,Morning,42475,8778,Supermarket,0,0,70705,Cloudy,4,40661,2022,4,April,2,33697,60.07354501096104,Normal
ATM_0006,2022-10-09,Sunday,Evening,66994,16452,Supermarket,0,0,83495,Clear,5,69806,2022,10,October,4,50542,80.23713994849992,High Risk
ATM_0040,2023-11-04,Saturday,Afternoon,44624,525,Mall,0,0,162808,Clear,2,40627,2023,11,November,4,44099,27.408972532062307,Normal
ATM_0021,2022-06-01,Wednesday,Night,47756,14981,Gas Station,0,0,137151,Rainy,2,29314,2022,6,June,2,32775,34.82001589488957,Normal
ATM_0006,2023-10-06,Friday,Evening,47918,0,Supermarket,0,0,99242,Clear,5,38602,2023,10,October,4,47918,48.28399266439612,Normal
ATM_0030,2022-01-13,Thursday,Evening,62314,12637,Bank Branch,0,0,112080,Cloudy,0,54751,2022,1,January,1,49677,55.597787294789434,Normal
ATM_0048,2022-05-05,Thursday,Morning,86539,3324,Supermarket,0,0,98291,Clear,0,78488,2022,5,May,2,83215,88.04366625632052,Normal
ATM_0016,2023-06-30,Friday,Afternoon,79126,11030,Supermarket,0,1,99957,Snowy,1,78878,2023,6,June,2,68096,79.16003881669118,Normal
ATM_0042,2022-11-19,Saturday,Evening,45800,10563,Mall,0,0,85032,Cloudy,0,42295,2022,11,November,4,35237,53.862075453946744,Normal
ATM_0037,2022-03-02,Wednesday,Evening,30850,10411,Supermarket,0,0,93368,Clear,0,19753,2022,3,March,1,20439,33.041298946105734,Normal
ATM_0019,2022-12-02,Friday,Morning,78020,9980,Bank Branch,0,0,114009,Cloudy,1,75414,2022,12,December,4,68040,68.43319387065934,Normal
ATM_0026,2022-03-13,Sunday,Evening,38680,9717,Supermarket,0,0,89964,Cloudy,3,36131,2022,3,March,1,28963,42.99497576808501,Normal
ATM_0009,2023-03-27,Monday,Morning,59434,9364,Bank Branch,0,0,105745,Cloudy,4,40855,2023,3,March,1,50070,56.20502151401957,Normal
ATM_0016,2022-08-03,Wednesday,Evening,49431,10089,Bank Branch,0,0,153960,Clear,5,53042,2022,8,August,3,39342,32.10639127045986,Normal
ATM_0001,2023-10-04,Wednesday,Evening,54674,13226,Supermarket,0,0,108760,Cloudy,0,41130,2023,10,October,4,41448,50.27031997057742,Normal
ATM_0024,2023-10-11,Wednesday,Evening,46057,15275,Gas Station,0,0,93315,Clear,5,39859,2023,10,October,4,30782,49.35648073728768,Normal
ATM_0022,2023-01-31,Tuesday,Night,33429,12678,Bank Branch,1,0,76116,Rainy,2,24355,2023,1,January,1,20751,43.91849282673814,Normal
ATM_0023,2022-04-29,Friday,Morning,45214,2841,Gas Station,0,0,156483,Cloudy,5,43468,2022,4,April,2,42373,28.893873455902558,Normal
ATM_0040,2022-02-13,Sunday,Afternoon,67149,15181,Supermarket,0,1,117026,Cloudy,3,65014,2022,2,February,1,51968,57.379556679712195,Normal
ATM_0012,2023-04-13,Thursday,Morning,45241,11061,Bank Branch,0,0,104811,Cloudy,5,30822,2023,4,April,2,34180,43.16436251920123,Normal
ATM_0025,2023-02-24,Friday,Morning,68557,16561,Standalone,0,1,82317,Snowy,1,64123,2023,2,February,1,51996,83.28413328959996,High Risk
ATM_0034,2022-03-26,Saturday,Night,47693,10321,Standalone,0,0,118937,Cloudy,0,48896,2022,3,March,1,37372,40.099380344215845,Normal
ATM_0003,2022-04-18,Monday,Night,38791,5768,Standalone,0,0,124732,Rainy,2,33556,2022,4,April,2,33023,31.09947727928679,Normal
ATM_0035,2023-10-13,Friday,Evening,43060,8349,Gas Station,0,0,131099,Clear,2,39933,2023,10,October,4,34711,32.84540690623117,Normal
ATM_0008,2022-02-08,Tuesday,Afternoon,62299,14731,Supermarket,0,0,86238,Rainy,3,40652,2022,2,February,1,47568,72.24077552818943,Normal
ATM_0014,2022-01-09,Sunday,Evening,47020,5050,Bank Branch,0,0,95790,Rainy,3,34788,2022,1,January,1,41970,49.086543480530324,Normal
ATM_0009,2023-06-06,Tuesday,Morning,60261,10672,Standalone,0,0,126229,Snowy,3,44507,2023,6,June,2,49589,47.73942596392271,Normal
ATM_0008,2023-06-26,Monday,Afternoon,32878,10470,Supermarket,0,0,114806,Rainy,0,31510,2023,6,June,2,22408,28.637876069194988,Normal
ATM_0037,2023-02-26,Sunday,Morning,35604,1681,Gas Station,0,0,111140,Snowy,5,40799,2023,2,February,1,33923,32.035270829584306,Normal
ATM_0049,2023-11-07,Tuesday,Morning,76160,5019,Supermarket,0,0,124443,Snowy,4,62628,2023,11,November,4,71141,61.20071036538817,Normal
ATM_0033,2023-04-11,Tuesday,Evening,33027,10078,Standalone,0,0,91910,Snowy,0,25183,2023,4,April,2,22949,35.934065934065934,Normal
ATM_0046,2022-08-31,Wednesday,Evening,30306,10969,Supermarket,0,0,99871,Cloudy,1,26548,2022,8,August,3,19337,30.345145237356192,Normal
ATM_0032,2022-05-07,Saturday,Night,65600,11970,Standalone,0,0,97573,Clear,5,46641,2022,5,May,2,53630,67.23171369128755,Normal
ATM_0028,2023-07-21,Friday,Morning,63921,5200,Mall,0,0,95501,Snowy,5,51640,2023,7,July,3,58721,66.93228343158711,Normal
ATM_0050,2022-02-05,Saturday,Afternoon,43701,0,Standalone,0,1,138243,Clear,4,58343,2022,2,February,1,43701,31.611727176059546,Normal
ATM_0032,2022-07-30,Saturday,Night,35938,17930,Gas Station,0,0,100761,Snowy,4,15451,2022,7,July,3,18008,35.66657734639394,Normal
ATM_0015,2022-08-28,Sunday,Afternoon,53118,13252,Gas Station,0,0,113291,Cloudy,3,31354,2022,8,August,3,39866,46.88633695527447,Normal
ATM_0001,2022-09-15,Thursday,Morning,61621,8158,Bank Branch,0,0,90392,Clear,4,58362,2022,9,September,3,53463,68.17085582794937,Normal
ATM_0008,2022-12-24,Saturday,Afternoon,66235,18079,Supermarket,1,0,106103,Cloudy,0,71971,2022,12,December,4,48156,62.425190616664935,Normal
ATM_0012,2023-07-13,Thursday,Afternoon,38502,1514,Gas Station,0,0,120833,Snowy,1,36905,2023,7,July,3,36988,31.863812038102175,Normal
ATM_0003,2022-09-26,Monday,Morning,46635,9652,Bank Branch,0,0,100716,Rainy,0,39970,2022,9,September,3,36983,46.30346717502681,Normal
ATM_0040,2022-02-05,Saturday,Evening,52072,0,Gas Station,0,0,114644,Clear,2,49154,2022,2,February,1,52072,45.42060639893932,Normal
ATM_0049,2022-10-14,Friday,Morning,37786,7149,Mall,0,0,123813,Cloudy,5,28847,2022,10,October,4,30637,30.518604669945802,Normal
ATM_0038,2023-12-23,Saturday,Evening,52949,11722,Mall,0,0,123624,Rainy,2,53569,2023,12,December,4,41227,42.830680126836214,Normal
ATM_0024,2022-09-03,Saturday,Morning,60257,3567,Mall,0,0,129459,Snowy,0,52671,2022,9,September,3,56690,46.5452382607621,Normal
ATM_0041,2022-05-28,Saturday,Afternoon,28695,13006,Standalone,0,0,137238,Cloudy,0,16667,2022,5,May,2,15689,20.90893192847462,Normal
ATM_0038,2023-07-26,Wednesday,Night,59156,8353,Bank Branch,0,0,136365,Snowy,4,44633,2023,7,July,3,50803,43.38063286033807,Normal
ATM_0027,2022-07-29,Friday,Afternoon,52882,5335,Bank Branch,0,0,87444,Cloudy,2,41746,2022,7,July,3,47547,60.4752756049586,Normal
ATM_0010,2022-07-09,Saturday,Evening,40127,20494,Mall,0,0,79398,Rainy,1,26694,2022,7,July,3,19633,50.539056399405524,Normal
ATM_0027,2022-04-13,Wednesday,Morning,52199,9706,Supermarket,0,0,95185,Clear,0,34498,2022,4,April,2,42493,54.839523034091506,Normal
ATM_0013,2022-11-09,Wednesday,Night,56773,11332,Supermarket,0,0,94820,Cloudy,1,41838,2022,11,November,4,45441,59.87449905083315,Normal
ATM_0004,2023-05-02,Tuesday,Morning,26571,6664,Bank Branch,0,0,100664,Cloudy,5,23712,2023,5,May,2,19907,26.39573233728046,Normal
ATM_0042,2022-06-23,Thursday,Morning,41938,13873,Bank Branch,0,0,106119,Clear,4,25107,2022,6,June,2,28065,39.519784392992776,Normal
ATM_0022,2022-08-31,Wednesday,Night,69439,1384,Gas Station,0,0,106225,Clear,4,73170,2022,8,August,3,68055,65.36973405507179,Normal
ATM_0024,2022-07-21,Thursday,Night,42073,5098,Supermarket,0,0,74648,Clear,2,30624,2022,7,July,3,36975,56.36185832172329,Normal
ATM_0030,2023-05-03,Wednesday,Evening,52414,17538,Mall,0,0,91826,Cloudy,1,44504,2023,5,May,2,34876,57.07969420425587,Normal
ATM_0009,2022-12-08,Thursday,Morning,58854,9488,Mall,0,0,74212,Rainy,4,53667,2022,12,December,4,49366,79.30523365493451,Normal
ATM_0030,2022-04-02,Saturday,Afternoon,61022,8292,Mall,0,0,117861,Rainy,1,59294,2022,4,April,2,52730,51.774547984490205,Normal
ATM_0006,2022-04-22,Friday,Afternoon,37403,7444,Supermarket,0,0,27295,Clear,5,26088,2022,4,April,2,29959,137.03242352079135,Normal
ATM_0033,2023-04-29,Saturday,Morning,81381,4376,Gas Station,0,0,90087,Rainy,0,72490,2023,4,April,2,77005,90.33600852509241,Normal
ATM_0002,2022-09-17,Saturday,Evening,47876,18853,Standalone,0,0,77321,Clear,3,37636,2022,9,September,3,29023,61.918495622146644,Normal
ATM_0008,2023-08-07,Monday,Afternoon,51205,21016,Supermarket,0,0,112643,Clear,3,40361,2023,8,August,3,30189,45.457773674351714,Normal
ATM_0001,2023-04-11,Tuesday,Evening,51888,12533,Standalone,0,0,91982,Clear,1,38975,2023,4,April,2,39355,56.4110369420104,Normal
ATM_0015,2022-11-05,Saturday,Evening,69494,8043,Bank Branch,0,0,80665,Rainy,0,75260,2022,11,November,4,61451,86.15136676377611,High Risk
ATM_0042,2023-02-11,Saturday,Morning,45782,8704,Bank Branch,0,0,123948,Rainy,4,37014,2023,2,February,1,37078,36.93645722399716,Normal
ATM_0018,2022-03-26,Saturday,Afternoon,60429,4705,Mall,0,0,56376,Snowy,5,66944,2022,3,March,1,55724,107.18922945934439,High Risk
ATM_0029,2023-05-01,Monday,Afternoon,48374,7325,Gas Station,0,0,109290,Rainy,5,44302,2023,5,May,2,41049,44.26205508280721,Normal
ATM_0012,2023-03-07,Tuesday,Evening,48750,14797,Standalone,0,0,115154,Rainy,3,42230,2023,3,March,1,33953,42.334612779408445,Normal
ATM_0027,2022-03-22,Tuesday,Night,55644,13032,Supermarket,0,0,109852,Clear,5,58190,2022,3,March,1,42612,50.65360667079343,Normal
ATM_0009,2022-10-04,Tuesday,Evening,56791,23504,Standalone,0,0,98476,Snowy,0,31296,2022,10,October,4,33287,57.66988911003696,Normal
ATM_0025,2022-02-07,Monday,Afternoon,61859,14696,Mall,0,0,107288,Clear,2,48703,2022,2,February,1,47163,57.656960703899784,Normal
ATM_0035,2023-08-19,Saturday,Morning,75038,11061,Bank Branch,0,0,117616,Cloudy,5,76244,2023,8,August,3,63977,63.79914297374507,Normal
ATM_0019,2023-09-14,Thursday,Night,40074,4297,Standalone,0,0,106162,Cloudy,4,27883,2023,9,September,3,35777,37.74797008345735,Normal
ATM_0044,2023-03-08,Wednesday,Afternoon,48842,12714,Bank Branch,0,0,99451,Clear,0,40278,2023,3,March,1,36128,49.11162280922263,Normal
ATM_0033,2023-06-23,Friday,Evening,50432,8475,Standalone,0,0,95937,Clear,4,34242,2023,6,June,2,41957,52.56783097240898,Normal
ATM_0048,2022-08-25,Thursday,Night,43946,14283,Supermarket,0,1,103880,Clear,4,40180,2022,8,August,3,29663,42.304582210242586,Normal
ATM_0003,2023-05-18,Thursday,Evening,83851,10803,Supermarket,0,0,88982,Rainy,0,86571,2023,5,May,2,73048,94.23366523566564,Normal
ATM_0028,2022-11-04,Friday,Morning,90060,12960,Mall,0,0,112460,Rainy,3,68237,2022,11,November,4,77100,80.081806864663,Normal
ATM_0039,2023-10-03,Tuesday,Afternoon,55512,3375,Bank Branch,0,0,96512,Rainy,2,59540,2023,10,October,4,52137,57.518236074270554,Normal
ATM_0035,2022-10-03,Monday,Night,39115,12405,Standalone,0,0,105745,Clear,4,29594,2022,10,October,4,26710,36.98992860182514,Normal
ATM_0011,2022-05-01,Sunday,Afternoon,63805,15339,Supermarket,0,1,77064,Cloudy,2,74338,2022,5,May,2,48466,82.79481988996159,High Risk
ATM_0018,2023-03-19,Sunday,Afternoon,27036,6365,Bank Branch,0,0,120904,Clear,1,16505,2023,3,March,1,20671,22.361543042413818,Normal
ATM_0005,2022-06-20,Monday,Afternoon,68223,5376,Gas Station,0,0,106146,Rainy,0,71542,2022,6,June,2,62847,64.27279407608388,Normal
ATM_0023,2022-12-03,Saturday,Morning,77516,14993,Bank Branch,0,0,81796,Clear,0,72687,2022,12,December,4,62523,94.76747029194583,High Risk
ATM_0002,2022-01-19,Wednesday,Night,51562,14581,Bank Branch,0,0,108173,Cloudy,3,39257,2022,1,January,1,36981,47.66623834043615,Normal
ATM_0016,2023-08-31,Thursday,Morning,5956,10876,Supermarket,0,0,104809,Clear,0,0,2023,8,August,3,-4920,5.682718087187169,Normal
ATM_0017,2022-05-02,Monday,Night,60112,13581,Mall,0,0,74897,Clear,3,55314,2022,5,May,2,46531,80.25955645753501,High Risk
ATM_0037,2023-10-05,Thursday,Afternoon,28009,18498,Bank Branch,0,0,111268,Cloudy,1,19358,2023,10,October,4,9511,25.17255635043319,Normal
ATM_0030,2023-08-19,Saturday,Night,43213,6162,Supermarket,0,0,57120,Clear,4,41148,2023,8,August,3,37051,75.65301120448179,Normal
ATM_0047,2022-12-11,Sunday,Evening,51535,0,Supermarket,0,1,103396,Clear,4,59249,2022,12,December,4,51535,49.8423536693876,Normal
ATM_0028,2023-05-07,Sunday,Evening,57828,8606,Gas Station,0,0,111254,Clear,0,61029,2023,5,May,2,49222,51.978355834396964,Normal
ATM_0039,2023-08-27,Sunday,Evening,35328,0,Bank Branch,0,0,91055,Clear,0,28377,2023,8,August,3,35328,38.798528361979024,Normal
ATM_0047,2022-09-08,Thursday,Night,71856,4380,Mall,0,1,87576,Clear,2,73681,2022,9,September,3,67476,82.04987667854206,Normal
ATM_0006,2023-11-10,Friday,Evening,21261,7807,Standalone,0,0,98950,Rainy,4,15690,2023,11,November,4,13454,21.486609398686205,Normal
ATM_0020,2022-06-03,Friday,Morning,89718,12269,Bank Branch,0,0,90695,Clear,0,71437,2022,6,June,2,77449,98.92276310711726,Normal
ATM_0024,2022-07-28,Thursday,Evening,41579,10199,Bank Branch,0,0,115669,Cloudy,0,30001,2022,7,July,3,31380,35.94653710155703,Normal
ATM_0029,2022-11-26,Saturday,Night,72739,2867,Supermarket,0,0,58643,Snowy,2,72842,2022,11,November,4,69872,124.0369694592705,High Risk
ATM_0038,2023-12-22,Friday,Evening,32706,8196,Gas Station,0,0,95606,Rainy,5,23299,2023,12,December,4,24510,34.20915005334393,Normal
ATM_0004,2022-04-08,Friday,Morning,61626,17556,Supermarket,0,0,90886,Clear,1,58835,2022,4,April,2,44070,67.80582267896045,Normal
ATM_0046,2023-07-07,Friday,Morning,61055,2142,Supermarket,0,0,67089,Rainy,5,49123,2023,7,July,3,58913,91.00597713485072,Normal
ATM_0015,2023-06-10,Saturday,Night,44130,5555,Supermarket,0,1,89665,Snowy,0,42089,2023,6,June,2,38575,49.216528188256284,Normal
ATM_0010,2023-02-05,Sunday,Afternoon,46707,13600,Mall,0,0,91846,Clear,3,36066,2023,2,February,1,33107,50.85360276985389,Normal
ATM_0017,2023-12-07,Thursday,Evening,38462,5329,Bank Branch,0,0,67739,Snowy,5,39833,2023,12,December,4,33133,56.779698548841885,Normal
ATM_0013,2023-02-26,Sunday,Evening,51042,7156,Bank Branch,0,1,119325,Rainy,2,51626,2023,2,February,1,43886,42.77561282212445,Normal
ATM_0030,2022-01-18,Tuesday,Morning,77193,5301,Standalone,0,0,95269,Clear,4,77581,2022,1,January,1,71892,81.02635694717064,Normal
ATM_0009,2023-07-19,Wednesday,Evening,31762,10855,Mall,0,0,102673,Cloudy,0,28395,2023,7,July,3,20907,30.935104652635065,Normal
ATM_0041,2022-06-30,Thursday,Evening,24555,11793,Standalone,0,0,123148,Snowy,5,21992,2022,6,June,2,12762,19.93942248351577,Normal
ATM_0026,2022-04-28,Thursday,Morning,67242,13341,Mall,0,0,77410,Rainy,1,66628,2022,4,April,2,53901,86.8647461568273,High Risk
ATM_0004,2022-09-28,Wednesday,Night,23083,4393,Gas Station,0,0,117763,Clear,1,21234,2022,9,September,3,18690,19.60123298489339,Normal
ATM_0036,2022-09-06,Tuesday,Afternoon,63140,10476,Gas Station,0,0,115620,Clear,5,64116,2022,9,September,3,52664,54.60992907801418,Normal
ATM_0048,2022-06-29,Wednesday,Afternoon,62657,8243,Bank Branch,0,0,100355,Cloudy,0,54980,2022,6,June,2,54414,62.43535449155498,Normal
ATM_0023,2022-04-02,Saturday,Afternoon,40272,5389,Mall,0,0,85683,Snowy,4,42901,2022,4,April,2,34883,47.00115542172893,Normal
ATM_0046,2023-01-19,Thursday,Morning,29962,19238,Gas Station,0,0,106173,Cloudy,2,21401,2023,1,January,1,10724,28.21998059770375,Normal
ATM_0015,2022-09-22,Thursday,Evening,56996,9258,Gas Station,0,0,120355,Snowy,5,59912,2022,9,September,3,47738,47.356570146649496,Normal
ATM_0012,2022-05-28,Saturday,Night,43492,10978,Gas Station,0,1,83921,Snowy,3,41765,2022,5,May,2,32514,51.82493058948297,Normal
ATM_0002,2022-04-20,Wednesday,Morning,68247,8425,Standalone,0,0,92920,Snowy,3,55587,2022,4,April,2,59822,73.44705122686182,Normal
ATM_0047,2023-10-03,Tuesday,Afternoon,70908,5907,Standalone,0,0,103387,Rainy,2,64552,2023,10,October,4,65001,68.58502519659145,Normal
ATM_0016,2022-12-25,Sunday,Night,38363,9224,Mall,1,0,123769,Cloudy,4,42082,2022,12,December,4,29139,30.99564511307355,Normal
ATM_0011,2022-06-17,Friday,Evening,38465,10563,Mall,0,0,76088,Rainy,3,33963,2022,6,June,2,27902,50.55330669750815,Normal
ATM_0043,2022-07-07,Thursday,Night,40062,10504,Gas Station,0,1,133093,Cloudy,3,31321,2022,7,July,3,29558,30.10075661379637,Normal
ATM_0046,2023-02-01,Wednesday,Evening,73090,12185,Gas Station,0,1,87145,Rainy,2,63748,2023,2,February,1,60905,83.8717080727523,Normal
ATM_0005,2023-09-29,Friday,Night,57058,8537,Gas Station,0,0,60219,Cloudy,4,62313,2023,9,September,3,48521,94.75082615121472,High Risk
ATM_0018,2023-10-01,Sunday,Evening,64039,15474,Gas Station,0,0,136758,Clear,5,66290,2023,10,October,4,48565,46.82651106333816,Normal
ATM_0011,2023-08-16,Wednesday,Morning,56332,8756,Bank Branch,0,0,116699,Clear,3,53602,2023,8,August,3,47576,48.2711934121115,Normal
ATM_0007,2023-06-07,Wednesday,Evening,49330,9172,Supermarket,0,0,85689,Snowy,1,45508,2023,6,June,2,40158,57.568649418245045,Normal
ATM_0009,2022-08-29,Monday,Evening,58061,12939,Standalone,0,0,111701,Snowy,0,54592,2022,8,August,3,45122,51.97894378743252,Normal
ATM_0020,2023-03-06,Monday,Night,63079,6964,Supermarket,0,0,88216,Clear,1,49274,2023,3,March,1,56115,71.50516913031649,Normal
ATM_0006,2022-12-11,Sunday,Night,36804,15416,Standalone,0,0,126459,Snowy,1,27081,2022,12,December,4,21388,29.103503902450594,Normal
ATM_0023,2022-09-20,Tuesday,Afternoon,50249,14419,Mall,0,1,132186,Snowy,2,42909,2022,9,September,3,35830,38.013859258923034,Normal
ATM_0042,2022-04-01,Friday,Morning,24717,2996,Mall,0,0,90297,Cloudy,1,19353,2022,4,April,2,21721,27.373002425329744,Normal
ATM_0035,2023-07-18,Tuesday,Morning,26830,24370,Supermarket,0,0,105323,Rainy,0,326,2023,7,July,3,2460,25.474018020755203,Normal
ATM_0043,2023-03-16,Thursday,Afternoon,51675,4510,Standalone,0,0,105214,Snowy,4,44139,2023,3,March,1,47165,49.11418632501378,Normal
ATM_0033,2022-07-03,Sunday,Morning,33946,13974,Supermarket,0,0,138880,Cloudy,4,20233,2022,7,July,3,19972,24.442684331797235,Normal
ATM_0002,2023-02-19,Sunday,Night,55507,9567,Standalone,0,0,121819,Clear,2,60862,2023,2,February,1,45940,45.565141726660045,Normal
ATM_0007,2022-04-14,Thursday,Morning,74941,16505,Bank Branch,0,0,78672,Snowy,2,49778,2022,4,April,2,58436,95.25752491356518,Normal
ATM_0013,2023-11-04,Saturday,Evening,48995,11939,Mall,0,0,116411,Rainy,1,42675,2023,11,November,4,37056,42.08794701531642,Normal
ATM_0002,2022-05-02,Monday,Night,45058,3179,Mall,0,0,107164,Cloudy,0,33276,2022,5,May,2,41879,42.04583628830578,Normal
ATM_0016,2023-05-24,Wednesday,Afternoon,78257,7615,Mall,0,0,113736,Cloudy,0,74579,2023,5,May,2,70642,68.80583104733769,Normal
ATM_0004,2022-07-27,Wednesday,Afternoon,50103,5382,Mall,0,1,54366,Rainy,0,60113,2022,7,July,3,44721,92.15870213000773,High Risk
ATM_0039,2023-04-03,Monday,Morning,33322,9484,Mall,0,0,89619,Snowy,0,30525,2023,4,April,2,23838,37.181847599281404,Normal
ATM_0001,2022-08-03,Wednesday,Evening,70375,15317,Gas Station,0,0,112122,Rainy,0,64346,2022,8,August,3,55058,62.76645083034552,Normal
ATM_0049,2023-12-08,Friday,Night,27865,15609,Mall,0,0,69249,Cloudy,5,22055,2023,12,December,4,12256,40.238848214414645,Normal
ATM_0036,2023-03-01,Wednesday,Morning,38567,0,Mall,0,0,101976,Cloudy,1,35924,2023,3,March,1,38567,37.81968306268141,Normal
ATM_0049,2022-12-30,Friday,Morning,38183,9331,Supermarket,0,0,99818,Snowy,5,31524,2022,12,December,4,28852,38.25261976797772,Normal
ATM_0030,2023-06-21,Wednesday,Evening,23638,11555,Standalone,0,1,42874,Clear,0,18630,2023,6,June,2,12083,55.13364743201008,Normal
ATM_0014,2023-03-25,Saturday,Evening,45657,13582,Bank Branch,0,0,123114,Rainy,5,35662,2023,3,March,1,32075,37.08514060139383,Normal
ATM_0008,2022-01-24,Monday,Night,6863,9408,Bank Branch,1,0,99856,Cloudy,4,3982,2022,1,January,1,-2545,6.87289697163916,Normal
ATM_0048,2022-01-04,Tuesday,Night,12761,5754,Bank Branch,0,0,129307,Clear,5,8367,2022,1,January,1,7007,9.868761938642146,Normal
ATM_0015,2023-04-25,Tuesday,Morning,15508,19005,Gas Station,0,0,106646,Clear,4,1739,2023,4,April,2,-3497,14.541567428689309,Normal
ATM_0045,2023-06-09,Friday,Morning,59891,10390,Supermarket,0,0,105418,Rainy,1,64979,2023,6,June,2,49501,56.8128782560853,Normal
ATM_0013,2023-11-25,Saturday,Night,51614,6957,Standalone,0,0,99067,Clear,4,40376,2023,11,November,4,44657,52.10009387586179,Normal
ATM_0013,2023-05-12,Friday,Evening,54103,3275,Bank Branch,0,0,121656,Cloudy,4,55516,2023,5,May,2,50828,44.47211810350497,Normal
ATM_0007,2022-01-08,Saturday,Afternoon,45395,12923,Standalone,0,0,78157,Snowy,2,36370,2022,1,January,1,32472,58.08180969075066,Normal
ATM_0030,2023-05-28,Sunday,Morning,27902,6674,Mall,0,0,125878,Snowy,5,25710,2023,5,May,2,21228,22.16590667153911,Normal
ATM_0019,2022-07-18,Monday,Afternoon,52692,19244,Bank Branch,0,0,108088,Rainy,1,33382,2022,7,July,3,33448,48.749167345126196,Normal
ATM_0008,2023-02-05,Sunday,Morning,13811,11152,Gas Station,0,0,84506,Cloudy,4,6895,2023,2,February,1,2659,16.343218233024874,Normal
ATM_0023,2023-04-12,Wednesday,Evening,82140,17197,Gas Station,0,0,85163,Clear,3,81207,2023,4,April,2,64943,96.45033641370078,High Risk
ATM_0029,2023-11-30,Thursday,Evening,48089,10145,Mall,0,0,79502,Clear,1,42657,2023,11,November,4,37944,60.48778647078061,Normal
ATM_0037,2023-01-09,Monday,Afternoon,68516,12139,Mall,0,0,84531,Clear,3,70296,2023,1,January,1,56377,81.05428777608215,High Risk
ATM_0020,2022-05-29,Sunday,Night,59725,22635,Mall,0,0,92823,Clear,1,33648,2022,5,May,2,37090,64.34288915462763,Normal
ATM_0013,2023-01-08,Sunday,Morning,48316,10147,Supermarket,0,0,96126,Rainy,2,32315,2023,1,January,1,38169,50.26319622162578,Normal
ATM_0014,2023-12-21,Thursday,Morning,86945,8467,Supermarket,0,0,111737,Rainy,4,82799,2023,12,December,4,78478,77.81218396770988,Normal
ATM_0009,2022-10-23,Sunday,Evening,67130,7362,Supermarket,0,0,49795,Clear,0,73342,2022,10,October,4,59768,134.81273220202831,High Risk
ATM_0020,2022-04-20,Wednesday,Night,49420,20054,Supermarket,0,0,92398,Clear,0,31416,2022,4,April,2,29366,53.48600619061019,Normal
ATM_0021,2022-08-23,Tuesday,Morning,52971,12396,Bank Branch,0,0,89086,Clear,3,41680,2022,8,August,3,40575,59.460521294030485,Normal
ATM_0031,2023-01-09,Monday,Night,61680,5487,Standalone,0,0,90362,Rainy,1,58141,2023,1,January,1,56193,68.25878134614108,Normal
ATM_0043,2023-09-22,Friday,Evening,50395,10942,Bank Branch,0,0,110086,Clear,0,48733,2023,9,September,3,39453,45.77784641098777,Normal
ATM_0001,2022-11-30,Wednesday,Morning,55787,2978,Mall,0,0,88325,Snowy,3,43793,2022,11,November,4,52809,63.16105292952165,Normal
ATM_0027,2022-09-23,Friday,Afternoon,62902,6706,Gas Station,0,0,104326,Cloudy,0,48894,2022,9,September,3,56196,60.29369476448824,Normal
ATM_0021,2023-04-29,Saturday,Afternoon,51748,13731,Supermarket,0,0,118015,Clear,1,38260,2023,4,April,2,38017,43.84866330551201,Normal
ATM_0035,2022-03-20,Sunday,Night,67912,17636,Gas Station,0,0,90357,Clear,1,51345,2022,3,March,1,50276,75.1596445211771,Normal
ATM_0015,2023-08-30,Wednesday,Evening,53549,6306,Supermarket,0,0,89197,Clear,2,41506,2023,8,August,3,47243,60.034530309315336,Normal
ATM_0024,2022-09-23,Friday,Afternoon,38998,9944,Gas Station,0,0,84595,Clear,5,33011,2022,9,September,3,29054,46.09965127962646,Normal
ATM_0039,2023-04-18,Tuesday,Afternoon,58152,15628,Bank Branch,0,0,104862,Clear,1,42196,2023,4,April,2,42524,55.45574183212222,Normal
ATM_0019,2022-10-27,Thursday,Night,40696,11468,Standalone,0,0,106531,Cloudy,3,27622,2022,10,October,4,29228,38.20108700753771,Normal
ATM_0030,2022-05-25,Wednesday,Morning,42300,8778,Standalone,0,0,111117,Clear,0,32657,2022,5,May,2,33522,38.06798239693296,Normal
ATM_0030,2022-07-28,Thursday,Morning,47933,5821,Supermarket,0,0,123478,Snowy,3,49837,2022,7,July,3,42112,38.8190608853399,Normal
ATM_0017,2023-10-30,Monday,Night,34729,5256,Supermarket,0,1,101462,Rainy,3,41061,2023,10,October,4,29473,34.22857818690741,Normal
ATM_0043,2022-03-04,Friday,Afternoon,32918,6730,Mall,0,0,75515,Snowy,1,28133,2022,3,March,1,26188,43.591339468979676,Normal
ATM_0034,2022-01-17,Monday,Afternoon,29634,10701,Gas Station,0,0,86868,Clear,2,28248,2022,1,January,1,18933,34.113827876778565,Normal
ATM_0033,2022-11-29,Tuesday,Night,63614,5878,Bank Branch,0,0,115872,Rainy,4,67516,2022,11,November,4,57736,54.90023474178404,Normal
ATM_0012,2022-12-07,Wednesday,Evening,36912,14319,Gas Station,0,0,111949,Cloudy,1,26463,2022,12,December,4,22593,32.97215696433197,Normal
ATM_0029,2022-07-10,Sunday,Evening,52353,5753,Mall,0,0,127419,Cloudy,2,44390,2022,7,July,3,46600,41.08727897723259,Normal
ATM_0009,2022-01-11,Tuesday,Night,13970,0,Gas Station,0,0,72075,Rainy,3,14092,2022,1,January,1,13970,19.382587582379465,Normal
ATM_0005,2023-12-25,Monday,Afternoon,73597,17726,Standalone,1,0,108660,Cloudy,3,62760,2023,12,December,4,55871,67.73145591754096,Normal
ATM_0027,2023-12-10,Sunday,Afternoon,54698,3027,Standalone,0,0,102013,Rainy,4,55963,2023,12,December,4,51671,53.61865644574711,Normal
ATM_0028,2023-06-01,Thursday,Night,36613,14687,Supermarket,0,0,129648,Clear,2,20675,2023,6,June,2,21926,28.240312230038256,Normal
ATM_0034,2023-06-20,Tuesday,Night,64069,15379,Supermarket,0,0,102915,Rainy,0,56448,2023,6,June,2,48690,62.25428751882621,Normal
ATM_0045,2022-12-09,Friday,Evening,48177,5699,Bank Branch,0,0,98357,Snowy,0,51134,2022,12,December,4,42478,48.98177048913651,Normal
ATM_0044,2023-06-22,Thursday,Afternoon,64801,13685,Gas Station,0,0,94021,Cloudy,5,50631,2023,6,June,2,51116,68.92183661096989,Normal
ATM_0006,2022-12-02,Friday,Night,72643,12170,Gas Station,0,1,99682,Clear,2,79874,2022,12,December,4,60473,72.87474167853775,Normal
ATM_0013,2023-11-30,Thursday,Evening,36682,9558,Gas Station,0,0,95924,Cloudy,4,30248,2023,11,November,4,27124,38.24069054668279,Normal
ATM_0039,2023-04-20,Thursday,Night,37942,12929,Standalone,0,0,126125,Rainy,3,26431,2023,4,April,2,25013,30.08285431119921,Normal
ATM_0005,2023-08-24,Thursday,Morning,31596,5124,Bank Branch,0,0,115155,Snowy,1,27868,2023,8,August,3,26472,27.43780122443663,Normal
ATM_0012,2023-05-04,Thursday,Afternoon,43935,5916,Gas Station,0,0,114479,Rainy,3,42350,2023,5,May,2,38019,38.37821783907966,Normal
ATM_0047,2022-07-31,Sunday,Afternoon,45705,2816,Mall,0,0,111021,Rainy,5,40695,2022,7,July,3,42889,41.16788715648391,Normal
ATM_0010,2023-05-09,Tuesday,Morning,67889,4018,Mall,0,0,53671,Cloudy,2,56306,2023,5,May,2,63871,126.49102867470327,High Risk
ATM_0042,2023-05-17,Wednesday,Night,59342,8480,Supermarket,0,0,95646,Cloudy,0,61400,2023,5,May,2,50862,62.0433682537691,Normal
ATM_0028,2022-06-18,Saturday,Morning,38709,17380,Standalone,0,0,70475,Snowy,0,35736,2022,6,June,2,21329,54.92586023412558,Normal
ATM_0019,2022-10-02,Sunday,Night,56673,13210,Supermarket,0,0,84806,Clear,2,52903,2022,10,October,4,43463,66.82663962455486,Normal
ATM_0012,2022-04-17,Sunday,Night,35137,6966,Supermarket,0,0,117746,Rainy,1,22571,2022,4,April,2,28171,29.841353421772286,Normal
ATM_0002,2022-07-04,Monday,Night,50521,1014,Supermarket,0,0,134941,Clear,0,54456,2022,7,July,3,49507,37.439325334775944,Normal
ATM_0018,2022-07-08,Friday,Night,42049,7986,Standalone,0,0,105115,Clear,0,34723,2022,7,July,3,34063,40.002854017028966,Normal
ATM_0028,2023-07-14,Friday,Morning,59376,14129,Mall,0,0,114860,Clear,1,59268,2023,7,July,3,45247,51.69423646177955,Normal
ATM_0006,2023-02-14,Tuesday,Afternoon,64014,3090,Gas Station,0,0,134995,Clear,2,60183,2023,2,February,1,60924,47.41953405681692,Normal
ATM_0044,2022-01-12,Wednesday,Morning,26618,19624,Standalone,0,0,93834,Rainy,1,15152,2022,1,January,1,6994,28.367116397041585,Normal
ATM_0027,2023-04-15,Saturday,Afternoon,45495,4107,Standalone,0,1,91655,Cloudy,4,52976,2023,4,April,2,41388,49.63722655610714,Normal
ATM_0015,2022-04-26,Tuesday,Night,70561,13689,Bank Branch,0,0,87103,Cloudy,3,48388,2022,4,April,2,56872,81.0086908602459,Normal
ATM_0016,2023-07-23,Sunday,Morning,39973,32395,Supermarket,0,0,120372,Clear,5,20783,2023,7,July,3,7578,33.20788887781212,Normal
ATM_0026,2022-11-29,Tuesday,Evening,62916,15497,Mall,0,0,137632,Snowy,4,48565,2022,11,November,4,47419,45.71320623110904,Normal
ATM_0047,2023-09-20,Wednesday,Evening,33352,4981,Mall,0,0,81121,Rainy,5,33898,2023,9,September,3,28371,41.113891594038535,Normal
ATM_0039,2022-08-19,Friday,Afternoon,54851,7165,Gas Station,0,0,141451,Cloudy,1,57791,2022,8,August,3,47686,38.777385808513195,Normal
ATM_0035,2022-03-31,Thursday,Afternoon,78570,9967,Supermarket,0,0,139106,Cloudy,1,65971,2022,3,March,1,68603,56.48210717007175,Normal
ATM_0023,2023-10-30,Monday,Morning,72322,8910,Standalone,0,1,87107,Cloudy,0,76285,2023,10,October,4,63412,83.0266224298851,Normal
ATM_0009,2023-03-17,Friday,Night,50945,12618,Gas Station,0,0,75749,Snowy,1,48170,2023,3,March,1,38327,67.25501326750188,Normal
ATM_0030,2022-06-20,Monday,Evening,56170,14787,Standalone,0,1,75512,Cloudy,2,51146,2022,6,June,2,41383,74.38552812797965,Normal
ATM_0040,2023-10-04,Wednesday,Evening,42285,14499,Mall,0,0,85592,Clear,4,37342,2023,10,October,4,27786,49.40298158706421,Normal
ATM_0035,2023-03-22,Wednesday,Evening,41668,7537,Mall,0,0,109200,Cloudy,2,35187,2023,3,March,1,34131,38.15750915750915,Normal
ATM_0049,2023-02-27,Monday,Morning,66680,18356,Bank Branch,0,0,120543,Clear,5,45730,2023,2,February,1,48324,55.31636013704653,Normal
ATM_0046,2022-04-16,Saturday,Afternoon,49747,13210,Supermarket,0,0,74252,Rainy,0,37107,2022,4,April,2,36537,66.99752195227065,Normal
ATM_0024,2022-11-03,Thursday,Afternoon,83609,5937,Supermarket,0,0,83450,Snowy,4,81630,2022,11,November,4,77672,100.19053325344518,High Risk
ATM_0037,2022-02-05,Saturday,Afternoon,34341,15433,Bank Branch,0,0,113425,Snowy,1,22694,2022,2,February,1,18908,30.276394093013003,Normal
ATM_0016,2022-07-31,Sunday,Afternoon,70479,8983,Mall,0,1,123751,Rainy,2,86443,2022,7,July,3,61496,56.95226705238745,Normal
ATM_0005,2022-02-11,Friday,Afternoon,47754,5161,Standalone,0,1,93934,Snowy,2,59194,2022,2,February,1,42593,50.837822300764365,Normal
ATM_0004,2022-04-27,Wednesday,Afternoon,35479,7172,Standalone,0,0,104018,Clear,1,34253,2022,4,April,2,28307,34.108519679286275,Normal
ATM_0026,2023-08-18,Friday,Evening,57674,2049,Bank Branch,0,0,99652,Rainy,1,49355,2023,8,August,3,55625,57.87540641432184,Normal
ATM_0011,2022-10-29,Saturday,Afternoon,51990,7247,Gas Station,0,1,127642,Cloudy,1,49781,2022,10,October,4,44743,40.731107315773805,Normal
ATM_0001,2023-07-05,Wednesday,Morning,67820,5187,Standalone,0,0,101640,Rainy,0,70814,2023,7,July,3,62633,66.72569854388037,Normal
ATM_0009,2022-10-03,Monday,Evening,47744,6955,Mall,0,0,76485,Clear,3,50300,2022,10,October,4,40789,62.422697260900826,Normal
ATM_0050,2022-12-08,Thursday,Night,49377,13325,Standalone,0,1,122015,Rainy,0,50370,2022,12,December,4,36052,40.4679752489448,Normal
ATM_0008,2022-05-27,Friday,Afternoon,39088,3897,Gas Station,0,0,91427,Clear,3,40264,2022,5,May,2,35191,42.753234821223494,Normal
ATM_0030,2022-11-13,Sunday,Evening,66030,12744,Standalone,0,0,92118,Clear,3,57667,2022,11,November,4,53286,71.67980199309582,Normal
ATM_0012,2023-09-02,Saturday,Evening,36011,19294,Mall,0,0,105189,Cloudy,2,26634,2023,9,September,3,16717,34.23456825333447,Normal
ATM_0040,2022-04-11,Monday,Afternoon,50281,12586,Bank Branch,0,0,112584,Clear,5,39506,2022,4,April,2,37695,44.66087543523059,Normal
ATM_0015,2022-04-13,Wednesday,Night,42387,14170,Standalone,0,0,118236,Cloudy,1,37203,2022,4,April,2,28217,35.84948746574647,Normal
ATM_0028,2022-10-08,Saturday,Night,39968,2915,Standalone,0,0,111627,Cloudy,2,38581,2022,10,October,4,37053,35.80495758194702,Normal
ATM_0025,2022-04-16,Saturday,Afternoon,43291,16093,Mall,0,0,92143,Cloudy,0,38175,2022,4,April,2,27198,46.98240777921275,Normal
ATM_0029,2022-08-23,Tuesday,Morning,66609,20301,Mall,0,0,78639,Rainy,5,35384,2022,8,August,3,46308,84.70224697669096,Normal
ATM_0048,2023-06-30,Friday,Evening,54380,23743,Standalone,0,0,101331,Snowy,0,31984,2023,6,June,2,30637,53.665709407782415,Normal
ATM_0013,2022-06-20,Monday,Morning,50926,1463,Mall,0,0,122645,Rainy,2,49225,2022,6,June,2,49463,41.523095111908354,Normal
ATM_0023,2022-01-11,Tuesday,Evening,68111,8217,Mall,0,0,86126,Rainy,0,56202,2022,1,January,1,59894,79.08297146041846,High Risk
ATM_0038,2023-10-18,Wednesday,Morning,63188,11372,Standalone,0,0,96341,Clear,4,59748,2023,10,October,4,51816,65.58785978970532,Normal
ATM_0029,2023-05-12,Friday,Night,56967,8201,Bank Branch,0,0,94173,Rainy,2,47632,2023,5,May,2,48766,60.49186072441145,Normal
ATM_0045,2022-09-15,Thursday,Afternoon,57055,13273,Bank Branch,0,1,111304,Rainy,5,51788,2022,9,September,3,43782,51.260511751599225,Normal
ATM_0017,2023-10-06,Friday,Evening,36315,7687,Supermarket,0,0,106857,Rainy,5,37310,2023,10,October,4,28628,33.98467110250147,Normal
ATM_0001,2022-11-06,Sunday,Night,77276,7579,Gas Station,0,0,116095,Cloudy,5,78121,2022,11,November,4,69697,66.5627287996899,Normal
ATM_0025,2023-08-12,Saturday,Afternoon,72730,13821,Bank Branch,0,0,75174,Rainy,4,61156,2023,8,August,3,58909,96.74887594114988,High Risk
ATM_0038,2023-07-26,Wednesday,Night,41412,4255,Standalone,0,0,83620,Clear,1,33603,2023,7,July,3,37157,49.52403731164793,Normal
ATM_0022,2023-04-24,Monday,Evening,60552,14972,Gas Station,0,0,100357,Snowy,5,43485,2023,4,April,2,45580,60.33659834391223,Normal
ATM_0033,2023-01-03,Tuesday,Afternoon,87129,5921,Supermarket,0,0,80502,Snowy,5,68761,2023,1,January,1,81208,108.23209361258105,High Risk
ATM_0028,2023-12-29,Friday,Night,75106,17331,Bank Branch,0,0,112661,Rainy,0,71314,2023,12,December,4,57775,66.6654831751893,Normal
ATM_0048,2023-06-05,Monday,Evening,32315,7184,Gas Station,0,0,122442,Rainy,2,31938,2023,6,June,2,25131,26.392087682331226,Normal
ATM_0020,2022-08-10,Wednesday,Evening,57119,10258,Standalone,0,0,85943,Cloudy,1,57603,2022,8,August,3,46861,66.46149191906264,High Risk
ATM_0036,2022-06-12,Sunday,Afternoon,48586,5571,Bank Branch,0,0,94743,Clear,0,53006,2022,6,June,2,43015,51.281888899443764,Normal
ATM_0035,2022-07-07,Thursday,Evening,36373,3417,Gas Station,0,0,113479,Snowy,3,39456,2022,7,July,3,32956,32.05262647714555,Normal
ATM_0012,2023-07-20,Thursday,Night,27230,16424,Bank Branch,0,0,96881,Snowy,1,16108,2023,7,July,3,10806,28.106646298035738,Normal
ATM_0042,2022-01-14,Friday,Morning,55686,7336,Bank Branch,0,0,100400,Rainy,2,39561,2022,1,January,1,48350,55.46414342629482,Normal
ATM_0006,2022-10-22,Saturday,Afternoon,61101,8989,Supermarket,0,0,81258,Clear,4,61723,2022,10,October,4,52112,75.1938270693347,High Risk
ATM_0045,2023-11-02,Thursday,Night,75275,0,Gas Station,0,0,121820,Cloudy,0,69504,2023,11,November,4,75275,61.79198817928091,Normal
ATM_0009,2023-02-24,Friday,Night,53752,1158,Mall,0,0,111689,Snowy,0,48558,2023,2,February,1,52594,48.126494104164244,Normal
ATM_0038,2023-01-05,Thursday,Night,30223,13004,Bank Branch,0,0,102789,Cloudy,2,28496,2023,1,January,1,17219,29.402951677708707,Normal
ATM_0042,2022-02-10,Thursday,Morning,61736,13345,Bank Branch,0,0,91581,Clear,5,40710,2022,2,February,1,48391,67.41136261888383,Normal
ATM_0049,2022-03-28,Monday,Afternoon,46845,5163,Bank Branch,0,0,107809,Rainy,4,47798,2022,3,March,1,41682,43.45184539324175,Normal
ATM_0040,2022-07-01,Friday,Afternoon,66126,10567,Bank Branch,0,0,104821,Cloudy,0,56520,2022,7,July,3,55559,63.08468722870417,Normal
ATM_0006,2023-08-30,Wednesday,Afternoon,52161,13948,Gas Station,0,0,86572,Clear,3,34375,2023,8,August,3,38213,60.2515824978053,Normal
ATM_0002,2023-06-26,Monday,Afternoon,75051,10154,Gas Station,0,0,149538,Clear,2,72639,2023,6,June,2,64897,50.18858082895318,Normal
ATM_0026,2022-10-15,Saturday,Night,45158,13534,Mall,0,1,125345,Cloudy,0,43401,2022,10,October,4,31624,36.026965575012966,Normal
ATM_0031,2023-03-23,Thursday,Afternoon,44206,10331,Gas Station,0,0,115697,Snowy,0,39087,2023,3,March,1,33875,38.208423727495095,Normal
ATM_0001,2023-08-10,Thursday,Evening,47349,13984,Bank Branch,0,0,124093,Rainy,2,38164,2023,8,August,3,33365,38.156060374074286,Normal
ATM_0028,2022-04-03,Sunday,Night,48355,14234,Gas Station,0,0,89679,Rainy,5,34396,2022,4,April,2,34121,53.920092775343164,Normal
ATM_0008,2022-07-30,Saturday,Afternoon,40822,5938,Gas Station,0,0,118983,Snowy,2,31236,2022,7,July,3,34884,34.309102981098135,Normal
ATM_0046,2022-04-06,Wednesday,Night,31823,14117,Standalone,0,0,100344,Rainy,5,22503,2022,4,April,2,17706,31.71390416965638,Normal
ATM_0007,2023-02-03,Friday,Evening,70004,15707,Standalone,0,0,128701,Snowy,0,47999,2023,2,February,1,54297,54.39273976115182,Normal
ATM_0048,2022-07-21,Thursday,Night,71912,4737,Bank Branch,0,0,58263,Cloudy,4,69918,2022,7,July,3,67175,123.42653141788098,High Risk
ATM_0024,2023-05-04,Thursday,Night,41605,9099,Mall,0,0,109854,Rainy,2,36150,2023,5,May,2,32506,37.872995066178746,Normal
ATM_0039,2022-10-27,Thursday,Afternoon,45439,5507,Supermarket,0,1,94584,Snowy,3,44093,2022,10,October,4,39932,48.04089486593927,Normal
ATM_0005,2023-04-30,Sunday,Evening,70141,8647,Standalone,0,0,135419,Cloudy,0,55930,2023,4,April,2,61494,51.795538292263274,Normal
ATM_0006,2023-05-22,Monday,Afternoon,71474,9737,Bank Branch,0,0,123066,Rainy,0,74696,2023,5,May,2,61737,58.07777940292201,Normal
ATM_0011,2022-10-21,Friday,Afternoon,68126,6129,Gas Station,0,0,86478,Snowy,0,77688,2022,10,October,4,61997,78.77841763223016,High Risk
ATM_0050,2023-05-24,Wednesday,Afternoon,60689,10759,Bank Branch,0,0,86278,Cloudy,2,55547,2023,5,May,2,49930,70.34122255963281,High Risk
ATM_0013,2023-05-29,Monday,Night,44717,9647,Supermarket,0,0,68702,Clear,1,36338,2023,5,May,2,35070,65.08835259526651,Normal
ATM_0023,2022-10-28,Friday,Evening,61484,9880,Bank Branch,0,0,85168,Rainy,3,51211,2022,10,October,4,51604,72.1914334022168,Normal
ATM_0036,2023-08-05,Saturday,Morning,33535,12539,Standalone,0,0,86791,Rainy,1,18838,2023,8,August,3,20996,38.638798953808575,Normal
ATM_0034,2023-03-21,Tuesday,Evening,38308,2713,Mall,0,0,134519,Clear,4,32843,2023,3,March,1,35595,28.47776150580959,Normal
ATM_0022,2022-08-21,Sunday,Evening,49947,12529,Standalone,0,0,119466,Snowy,1,31543,2022,8,August,3,37418,41.808548038772535,Normal
ATM_0006,2023-02-05,Sunday,Evening,38660,9055,Bank Branch,0,0,103213,Clear,0,37044,2023,2,February,1,29605,37.45652194975439,Normal
ATM_0038,2022-08-14,Sunday,Night,49899,13677,Supermarket,0,0,109741,Cloudy,0,40054,2022,8,August,3,36222,45.469787955276516,Normal
ATM_0020,2023-05-16,Tuesday,Night,27377,19143,Mall,0,0,82968,Cloudy,4,9915,2023,5,May,2,8234,32.99705910712564,Normal
ATM_0034,2022-09-26,Monday,Evening,41689,10891,Bank Branch,0,0,128015,Cloudy,5,40857,2022,9,September,3,30798,32.56571495527868,Normal
ATM_0025,2022-03-26,Saturday,Night,56839,5982,Standalone,0,0,155064,Snowy,3,41819,2022,3,March,1,50857,36.655187535469224,Normal
ATM_0030,2022-05-15,Sunday,Night,71181,7654,Bank Branch,0,0,133258,Clear,2,55496,2022,5,May,2,63527,53.41593000045025,Normal
ATM_0043,2022-11-01,Tuesday,Morning,36940,17150,Supermarket,0,0,104020,Clear,0,25066,2022,11,November,4,19790,35.51240146125745,Normal
ATM_0010,2023-04-09,Sunday,Night,33010,16378,Bank Branch,0,0,71821,Clear,0,26298,2023,4,April,2,16632,45.96148758719594,Normal
ATM_0050,2023-06-14,Wednesday,Evening,34292,10165,Standalone,0,0,96657,Cloudy,5,32180,2023,6,June,2,24127,35.47803056167686,Normal
ATM_0036,2023-01-30,Monday,Morning,60023,15470,Standalone,0,1,136400,Snowy,3,65331,2023,1,January,1,44553,44.00513196480939,Normal
ATM_0049,2023-03-15,Wednesday,Morning,49679,4278,Standalone,0,0,86425,Rainy,5,44696,2023,3,March,1,45401,57.482210008678045,Normal
ATM_0016,2023-03-31,Friday,Evening,31877,2550,Gas Station,0,0,100974,Rainy,1,29956,2023,3,March,1,29327,31.56951294392616,Normal
ATM_0002,2023-02-10,Friday,Night,67128,20044,Gas Station,0,0,97903,Clear,3,44189,2023,2,February,1,47084,68.56582535775206,Normal
ATM_0031,2023-12-19,Tuesday,Morning,47921,0,Supermarket,0,1,91052,Rainy,5,63815,2023,12,December,4,47921,52.63036506611607,Normal
ATM_0012,2023-03-07,Tuesday,Night,62780,17819,Gas Station,0,1,83395,Snowy,0,47427,2023,3,March,1,44961,75.28029258348822,Normal
ATM_0040,2022-01-17,Monday,Night,56933,15234,Supermarket,0,0,100224,Cloudy,2,53731,2022,1,January,1,41699,56.80575510855683,Normal
ATM_0014,2023-05-30,Tuesday,Evening,15750,5262,Supermarket,0,0,94916,Clear,3,9245,2023,5,May,2,10488,16.593619621560116,Normal
ATM_0031,2022-07-30,Saturday,Night,32667,0,Bank Branch,0,0,120540,Rainy,5,34025,2022,7,July,3,32667,27.100547536087603,Normal
ATM_0033,2023-12-12,Tuesday,Night,49943,8228,Gas Station,0,0,98336,Snowy,5,50533,2023,12,December,4,41715,50.78811422063131,Normal
ATM_0021,2022-01-23,Sunday,Evening,58492,14834,Supermarket,0,0,106453,Clear,5,39618,2022,1,January,1,43658,54.94631433590411,Normal
ATM_0030,2022-03-02,Wednesday,Evening,66583,9675,Supermarket,0,0,104103,Clear,4,71091,2022,3,March,1,56908,63.958771601202656,Normal
ATM_0026,2023-12-01,Friday,Night,31976,3316,Mall,1,0,108947,Rainy,1,29238,2023,12,December,4,28660,29.350050942201257,Normal
ATM_0004,2022-03-13,Sunday,Night,43904,17603,Bank Branch,0,0,125235,Clear,3,31063,2022,3,March,1,26301,35.05729229049387,Normal
ATM_0013,2023-08-18,Friday,Afternoon,62750,13009,Supermarket,0,0,99170,Clear,5,48844,2023,8,August,3,49741,63.27518402742764,Normal
ATM_0037,2023-07-04,Tuesday,Afternoon,32935,11384,Gas Station,0,0,134074,Rainy,3,21739,2023,7,July,3,21551,24.56479257723347,Normal
ATM_0045,2022-11-27,Sunday,Afternoon,48371,15158,Bank Branch,0,0,71062,Cloudy,5,29581,2022,11,November,4,33213,68.06872871576934,Normal
ATM_0001,2023-07-01,Saturday,Night,71804,1999,Standalone,0,0,114130,Rainy,3,80647,2023,7,July,3,69805,62.91422062560238,Normal
ATM_0038,2022-10-26,Wednesday,Afternoon,36487,8404,Mall,0,0,90268,Rainy,0,27281,2022,10,October,4,28083,40.420747108609916,Normal
ATM_0044,2022-09-01,Thursday,Evening,48491,23642,Standalone,0,0,72731,Clear,0,26122,2022,9,September,3,24849,66.67170807496116,Normal
ATM_0019,2023-01-03,Tuesday,Night,20044,10489,Gas Station,0,0,103487,Cloudy,4,8486,2023,1,January,1,9555,19.368616347947086,Normal
ATM_0012,2022-03-07,Monday,Evening,68922,5251,Supermarket,0,0,129980,Clear,2,58513,2022,3,March,1,63671,53.025080781658716,Normal
ATM_0017,2023-09-14,Thursday,Afternoon,50569,10720,Standalone,0,0,93086,Snowy,5,38469,2023,9,September,3,39849,54.32503276539974,Normal
ATM_0016,2022-02-25,Friday,Afternoon,61577,8595,Mall,0,0,129979,Clear,3,54174,2022,2,February,1,52982,47.374575893028876,Normal
ATM_0031,2023-05-30,Tuesday,Morning,25561,11720,Gas Station,0,0,113961,Snowy,5,11219,2023,5,May,2,13841,22.42960310983582,Normal
ATM_0015,2023-11-26,Sunday,Morning,8682,8895,Standalone,0,0,81852,Clear,0,3212,2023,11,November,4,-213,10.606949127693886,Normal
ATM_0025,2023-10-29,Sunday,Evening,43304,14827,Supermarket,0,1,83873,Rainy,5,47563,2023,10,October,4,28477,51.6304412623848,Normal
ATM_0033,2022-04-06,Wednesday,Evening,61381,10035,Mall,0,0,112832,Cloudy,0,53419,2022,4,April,2,51346,54.400347419171865,Normal
ATM_0008,2023-05-03,Wednesday,Morning,56256,0,Supermarket,0,1,89388,Cloudy,5,57865,2023,5,May,2,56256,62.934622096925764,Normal
ATM_0020,2022-02-13,Sunday,Night,49184,11357,Mall,0,0,120185,Clear,4,43259,2022,2,February,1,37827,40.92357615343013,Normal
ATM_0041,2022-03-09,Wednesday,Night,35623,7124,Bank Branch,0,0,85374,Rainy,4,35700,2022,3,March,1,28499,41.72581816478085,Normal
ATM_0027,2023-07-18,Tuesday,Afternoon,13679,15083,Standalone,0,0,82584,Snowy,0,4946,2023,7,July,3,-1404,16.563741160515356,Normal
ATM_0043,2022-01-20,Thursday,Night,62439,10774,Bank Branch,0,0,105786,Snowy,4,53513,2022,1,January,1,51665,59.023878396007035,Normal
ATM_0012,2023-10-19,Thursday,Night,67127,18173,Standalone,0,0,96063,Cloudy,4,52149,2023,10,October,4,48954,69.87810082966386,Normal
ATM_0001,2023-03-10,Friday,Morning,35927,11785,Supermarket,0,0,82081,Cloudy,0,29107,2023,3,March,1,24142,43.770178238569216,Normal
ATM_0011,2023-04-29,Saturday,Night,54065,6319,Gas Station,0,0,57532,Clear,4,52522,2023,4,April,2,47746,93.97378850031288,Normal
ATM_0009,2022-01-18,Tuesday,Afternoon,57766,6635,Supermarket,0,0,84409,Clear,5,51905,2022,1,January,1,51131,68.4358303024559,Normal
ATM_0049,2022-06-29,Wednesday,Night,56022,12122,Bank Branch,0,0,93568,Snowy,2,35202,2022,6,June,2,43900,59.873033515731876,Normal
ATM_0018,2022-08-12,Friday,Evening,26845,14837,Supermarket,0,0,118168,Rainy,5,21357,2022,8,August,3,12008,22.71765621826552,Normal
ATM_0017,2022-12-09,Friday,Night,60661,14468,Mall,0,0,132403,Clear,5,47597,2022,12,December,4,46193,45.81542714288951,Normal
ATM_0048,2022-10-30,Sunday,Afternoon,30376,10778,Standalone,0,0,105131,Snowy,1,20327,2022,10,October,4,19598,28.89347575881519,Normal
ATM_0027,2023-09-03,Sunday,Morning,60635,20504,Supermarket,0,0,64814,Rainy,1,34573,2023,9,September,3,40131,93.55231894343815,Normal
ATM_0030,2023-01-08,Sunday,Afternoon,56290,6007,Mall,0,0,61855,Snowy,4,51932,2023,1,January,1,50283,91.00315253415245,Normal
ATM_0029,2023-02-19,Sunday,Morning,46973,10173,Bank Branch,0,0,122370,Cloudy,0,42582,2023,2,February,1,36800,38.38604233063659,Normal
ATM_0009,2022-10-28,Friday,Afternoon,51471,15144,Gas Station,0,0,91364,Snowy,0,37886,2022,10,October,4,36327,56.33619368679129,Normal
ATM_0023,2022-12-30,Friday,Afternoon,30016,12389,Gas Station,0,0,129538,Clear,5,12840,2022,12,December,4,17627,23.17157899612469,Normal
ATM_0035,2023-03-27,Monday,Evening,41525,13145,Standalone,0,0,69531,Rainy,3,26945,2023,3,March,1,28380,59.72156304382218,Normal
ATM_0045,2022-10-06,Thursday,Afternoon,52704,8980,Mall,0,0,114318,Cloudy,3,46446,2022,10,October,4,43724,46.10297590930562,Normal
ATM_0016,2023-06-15,Thursday,Evening,55305,13583,Standalone,0,1,91745,Cloudy,3,47426,2023,6,June,2,41722,60.28121423510818,Normal
ATM_0010,2022-07-22,Friday,Afternoon,24159,10160,Bank Branch,0,0,121752,Cloudy,3,17760,2022,7,July,3,13999,19.84279519022275,Normal
ATM_0030,2023-09-11,Monday,Night,52307,6543,Standalone,0,0,96231,Rainy,2,57419,2023,9,September,3,45764,54.35566501439245,Normal
ATM_0038,2022-11-14,Monday,Night,56234,15079,Bank Branch,0,0,70659,Clear,2,50799,2022,11,November,4,41155,79.58504932138865,Normal
ATM_0012,2023-09-12,Tuesday,Night,46396,14655,Bank Branch,0,0,109862,Cloudy,4,26327,2023,9,September,3,31741,42.2311627314267,Normal
ATM_0040,2022-05-12,Thursday,Morning,64337,5951,Gas Station,0,0,83891,Clear,3,69131,2022,5,May,2,58386,76.69118260600064,High Risk
ATM_0037,2023-08-21,Monday,Night,50304,2338,Bank Branch,0,0,94605,Snowy,3,49262,2023,8,August,3,47966,53.17266529253211,Normal
ATM_0040,2023-08-28,Monday,Afternoon,53793,13126,Supermarket,0,1,123289,Rainy,1,52065,2023,8,August,3,40667,43.631629747990495,Normal
ATM_0021,2023-07-21,Friday,Night,86381,9604,Gas Station,0,0,122328,Cloudy,5,82514,2023,7,July,3,76777,70.61425021254333,Normal
ATM_0032,2023-04-07,Friday,Afternoon,64456,10733,Standalone,0,1,106599,Cloudy,0,57574,2023,4,April,2,53723,60.465858028686945,Normal
ATM_0020,2022-05-05,Thursday,Afternoon,42859,9511,Standalone,0,0,123699,Clear,4,36986,2022,5,May,2,33348,34.647814452825,Normal
ATM_0017,2023-09-15,Friday,Afternoon,77259,4978,Mall,0,0,91822,Rainy,4,60050,2023,9,September,3,72281,84.13996645684041,Normal
ATM_0006,2022-06-08,Wednesday,Afternoon,58658,13602,Gas Station,0,0,110725,Clear,0,55530,2022,6,June,2,45056,52.97629261684354,Normal
ATM_0019,2022-11-01,Tuesday,Morning,65377,6521,Gas Station,0,1,81181,Rainy,4,78324,2022,11,November,4,58856,80.53239058400365,High Risk
ATM_0047,2022-03-10,Thursday,Evening,57981,16079,Bank Branch,0,0,109760,Snowy,5,46883,2022,3,March,1,41902,52.82525510204081,Normal
ATM_0037,2022-03-14,Monday,Afternoon,50312,4370,Standalone,0,0,75147,Rainy,4,54938,2022,3,March,1,45942,66.95144184065897,High Risk
ATM_0037,2023-05-23,Tuesday,Evening,50169,13380,Bank Branch,0,1,95690,Cloudy,1,51582,2023,5,May,2,36789,52.42867593269934,Normal
ATM_0003,2023-08-29,Tuesday,Night,58444,10403,Standalone,0,0,146814,Cloudy,2,60562,2023,8,August,3,48041,39.808192679172286,Normal
ATM_0011,2023-11-15,Wednesday,Afternoon,55280,8931,Standalone,0,1,82011,Snowy,4,44997,2023,11,November,4,46349,67.4055919327895,Normal
ATM_0046,2023-10-27,Friday,Afternoon,28356,5042,Mall,0,0,82407,Rainy,2,28571,2023,10,October,4,23314,34.409698205249555,Normal
ATM_0015,2022-02-01,Tuesday,Night,55922,7369,Gas Station,0,0,103738,Clear,4,54206,2022,2,February,1,48553,53.90695791320442,Normal
ATM_0017,2023-07-27,Thursday,Night,69229,4120,Bank Branch,0,1,96988,Clear,5,82483,2023,7,July,3,65109,71.37893347630634,Normal
ATM_0024,2023-02-16,Thursday,Afternoon,16403,2784,Mall,0,0,97853,Snowy,1,16804,2023,2,February,1,13619,16.762899451217642,Normal
ATM_0041,2022-01-03,Monday,Night,73270,11129,Supermarket,0,0,72969,Clear,4,80392,2022,1,January,1,62141,100.41250394002932,High Risk
ATM_0028,2023-08-09,Wednesday,Evening,32042,18364,Gas Station,0,0,87577,Snowy,0,18193,2023,8,August,3,13678,36.58723180743802,Normal
ATM_0020,2022-09-11,Sunday,Evening,35855,16370,Gas Station,0,0,80999,Rainy,2,26193,2022,9,September,3,19485,44.265978592328295,Normal
ATM_0015,2022-03-16,Wednesday,Afternoon,55026,11823,Gas Station,0,0,129563,Snowy,3,39706,2022,3,March,1,43203,42.470458387039514,Normal
ATM_0007,2022-01-14,Friday,Morning,23993,14278,Gas Station,0,0,90500,Rainy,5,14036,2022,1,January,1,9715,26.51160220994475,Normal
ATM_0011,2022-03-17,Thursday,Night,37790,6950,Standalone,0,0,71087,Cloudy,0,37454,2022,3,March,1,30840,53.16021213442683,Normal
ATM_0049,2023-08-13,Sunday,Afternoon,50606,13200,Mall,0,0,133763,Snowy,4,47249,2023,8,August,3,37406,37.83258449646016,Normal
ATM_0048,2023-08-21,Monday,Morning,55494,12603,Supermarket,0,0,128001,Cloudy,1,59182,2023,8,August,3,42891,43.35434879415004,Normal
ATM_0014,2023-04-16,Sunday,Morning,40585,2558,Bank Branch,0,0,104001,Rainy,2,39648,2023,4,April,2,38027,39.023663234007365,Normal
ATM_0020,2022-10-09,Sunday,Night,71832,20819,Standalone,0,0,101248,Clear,2,68041,2022,10,October,4,51013,70.94658659924147,Normal
ATM_0032,2023-03-18,Saturday,Morning,58258,3922,Gas Station,0,0,49138,Cloudy,1,50395,2023,3,March,1,54336,118.55997395091376,Normal
ATM_0050,2022-08-19,Friday,Evening,72168,19078,Mall,0,1,71941,Clear,5,58478,2022,8,August,3,53090,100.31553634228048,High Risk
ATM_0031,2023-02-28,Tuesday,Evening,69375,8048,Mall,0,0,88396,Clear,3,52352,2023,2,February,1,61327,78.48205801167474,Normal
ATM_0041,2022-02-04,Friday,Evening,61219,3856,Mall,0,0,98022,Rainy,5,67881,2022,2,February,1,57363,62.454346983330275,Normal
ATM_0011,2023-07-06,Thursday,Evening,39710,12366,Mall,0,0,95664,Cloudy,1,30372,2023,7,July,3,27344,41.509867870881415,Normal
ATM_0017,2022-02-07,Monday,Morning,80540,7915,Supermarket,0,0,79179,Clear,2,65060,2022,2,February,1,72625,101.71889010975133,High Risk
ATM_0023,2023-07-12,Wednesday,Morning,58751,21157,Mall,0,0,92950,Cloudy,2,51942,2023,7,July,3,37594,63.20710059171598,Normal
ATM_0018,2023-09-27,Wednesday,Night,75951,1601,Standalone,0,0,105519,Clear,3,64448,2023,9,September,3,74350,71.97850624058226,Normal
ATM_0004,2023-10-25,Wednesday,Night,81309,6908,Gas Station,0,0,104137,Snowy,0,61282,2023,10,October,4,74401,78.0788768641309,Normal
ATM_0038,2022-09-09,Friday,Morning,69962,8303,Standalone,0,0,116533,Snowy,0,62351,2022,9,September,3,61659,60.03621291822917,Normal
ATM_0035,2022-10-10,Monday,Morning,28469,17190,Bank Branch,0,0,101377,Rainy,1,16384,2022,10,October,4,11279,28.082306637600247,Normal
ATM_0006,2023-07-07,Friday,Morning,66638,6948,Bank Branch,0,0,113765,Cloudy,1,75068,2023,7,July,3,59690,58.57513294950116,Normal
ATM_0050,2022-02-10,Thursday,Afternoon,37536,19916,Supermarket,0,0,83992,Cloudy,5,28854,2022,2,February,1,17620,44.689970473378416,Normal
ATM_0018,2023-10-06,Friday,Morning,51196,11634,Gas Station,0,0,104546,Clear,1,43503,2023,10,October,4,39562,48.969831461748896,Normal
ATM_0026,2022-11-26,Saturday,Afternoon,33644,16794,Supermarket,0,0,89433,Clear,3,29354,2022,11,November,4,16850,37.61922332919615,Normal
ATM_0019,2023-12-10,Sunday,Night,56247,10986,Supermarket,0,0,122560,Rainy,5,41599,2023,12,December,4,45261,45.89343994778068,Normal
ATM_0016,2022-12-17,Saturday,Night,67403,18898,Bank Branch,0,0,111119,Rainy,4,71031,2022,12,December,4,48505,60.65839325407896,Normal
ATM_0030,2022-11-04,Friday,Evening,40873,12032,Mall,0,0,69778,Clear,3,32861,2022,11,November,4,28841,58.57576886697813,Normal
ATM_0032,2022-02-13,Sunday,Night,65830,11222,Mall,0,0,120776,Clear,5,68701,2022,2,February,1,54608,54.50586209180632,Normal
ATM_0046,2022-05-01,Sunday,Morning,49577,9839,Supermarket,0,0,101709,Snowy,1,41404,2022,5,May,2,39738,48.743965627427265,Normal
ATM_0006,2022-04-05,Tuesday,Afternoon,47164,11223,Bank Branch,0,0,95017,Cloudy,0,31697,2022,4,April,2,35941,49.637433301409224,Normal
ATM_0007,2022-12-10,Saturday,Evening,37046,7534,Supermarket,0,0,93863,Clear,2,26812,2022,12,December,4,29512,39.46816104322257,Normal
ATM_0011,2023-02-13,Monday,Afternoon,50077,4851,Bank Branch,0,0,72038,Clear,4,45751,2023,2,February,1,45226,69.51470057469669,Normal
ATM_0042,2023-02-17,Friday,Morning,42220,12585,Standalone,0,1,107217,Rainy,1,46141,2023,2,February,1,29635,39.37808369941334,Normal
ATM_0002,2022-11-18,Friday,Afternoon,57812,10306,Supermarket,0,1,93757,Clear,3,65044,2022,11,November,4,47506,61.66152927248098,Normal
ATM_0031,2022-10-07,Friday,Evening,49666,9922,Standalone,0,0,121363,Clear,4,38059,2022,10,October,4,39744,40.92351046035447,Normal
ATM_0044,2023-11-27,Monday,Afternoon,64420,17919,Bank Branch,0,0,64875,Clear,2,53512,2023,11,November,4,46501,99.29865125240848,Normal
ATM_0025,2022-03-17,Thursday,Evening,36715,11257,Bank Branch,0,0,121022,Cloudy,3,32424,2022,3,March,1,25458,30.33745930491977,Normal
ATM_0025,2023-02-22,Wednesday,Afternoon,37562,4644,Gas Station,0,0,97154,Snowy,5,27873,2023,2,February,1,32918,38.6623299092163,Normal
ATM_0049,2023-08-14,Monday,Night,36812,9324,Mall,0,0,116032,Clear,1,34526,2023,8,August,3,27488,31.725730832873687,Normal
ATM_0048,2023-01-29,Sunday,Morning,59656,5820,Supermarket,0,0,67796,Rainy,2,63609,2023,1,January,1,53836,87.99339194052746,High Risk
ATM_0032,2023-07-23,Sunday,Night,59839,9992,Mall,0,0,91665,Cloudy,4,61728,2023,7,July,3,49847,65.28009600174549,Normal
ATM_0026,2022-02-19,Saturday,Evening,44153,10543,Mall,0,0,78631,Clear,3,33936,2022,2,February,1,33610,56.15215373071689,Normal
ATM_0026,2022-09-02,Friday,Night,29733,5807,Mall,0,0,108210,Rainy,5,21279,2022,9,September,3,23926,27.477127807041864,Normal
ATM_0034,2023-10-19,Thursday,Morning,50142,17884,Gas Station,0,0,83240,Clear,4,26562,2023,10,October,4,32258,60.237866410379624,Normal
ATM_0035,2023-08-25,Friday,Morning,50544,12288,Mall,0,0,72594,Clear,4,43477,2023,8,August,3,38256,69.62558889164394,Normal
ATM_0008,2022-06-18,Saturday,Morning,49900,9349,Bank Branch,0,0,100833,Rainy,2,43416,2022,6,June,2,40551,49.48776690170877,Normal
ATM_0009,2022-01-24,Monday,Evening,40740,6905,Standalone,1,0,119130,Rainy,3,41099,2022,1,January,1,33835,34.19793502895996,Normal
ATM_0049,2023-01-15,Sunday,Night,34834,12588,Supermarket,0,0,94865,Clear,4,29449,2023,1,January,1,22246,36.71954883255152,Normal
ATM_0042,2022-07-11,Monday,Night,46298,7945,Mall,0,0,98397,Cloudy,0,38422,2022,7,July,3,38353,47.052247527871785,Normal
ATM_0009,2023-04-20,Thursday,Evening,52895,6909,Gas Station,0,1,116905,Snowy,2,51417,2023,4,April,2,45986,45.24614002822805,Normal
ATM_0018,2023-10-08,Sunday,Afternoon,20493,2648,Mall,0,0,127230,Snowy,5,20729,2023,10,October,4,17845,16.10705022400377,Normal
ATM_0019,2022-12-04,Sunday,Afternoon,50243,10280,Supermarket,0,0,98504,Clear,5,36830,2022,12,December,4,39963,51.006050515715096,Normal
ATM_0036,2022-05-04,Wednesday,Night,65667,10729,Standalone,0,0,127981,Rainy,2,52370,2022,5,May,2,54938,51.309960072198216,Normal
ATM_0019,2022-12-05,Monday,Night,59312,6362,Gas Station,0,0,124350,Rainy,4,46471,2022,12,December,4,52950,47.69762766385203,Normal
ATM_0044,2023-01-15,Sunday,Afternoon,54796,9514,Mall,0,0,105891,Cloudy,0,56019,2023,1,January,1,45282,51.74755172772001,Normal
ATM_0021,2023-12-18,Monday,Night,78347,14565,Gas Station,0,0,100540,Cloudy,0,66387,2023,12,December,4,63782,77.92619852794907,Normal
ATM_0027,2022-05-23,Monday,Evening,60665,4144,Supermarket,0,0,142819,Cloudy,0,63062,2022,5,May,2,56521,42.47684131663154,Normal
ATM_0019,2023-04-05,Wednesday,Afternoon,50216,10244,Gas Station,0,1,86667,Cloudy,0,42648,2023,4,April,2,39972,57.94131561032457,Normal
ATM_0009,2022-07-21,Thursday,Evening,82473,16586,Mall,0,0,119685,Snowy,0,76772,2022,7,July,3,65887,68.90838450933701,Normal
ATM_0005,2023-01-19,Thursday,Afternoon,29143,11027,Mall,0,0,124181,Rainy,5,16298,2023,1,January,1,18116,23.468163406640308,Normal
ATM_0047,2023-10-13,Friday,Morning,40248,7740,Gas Station,0,0,87931,Clear,2,25951,2023,10,October,4,32508,45.772253244020874,Normal
ATM_0028,2022-02-25,Friday,Evening,72931,394,Supermarket,0,0,113118,Clear,2,68125,2022,2,February,1,72537,64.47338177831998,Normal
ATM_0009,2022-07-03,Sunday,Evening,19853,7254,Standalone,0,0,130214,Rainy,4,16543,2022,7,July,3,12599,15.246440474910534,Normal
ATM_0021,2022-11-11,Friday,Night,53972,16156,Supermarket,0,0,102080,Cloudy,2,35939,2022,11,November,4,37816,52.87225705329154,Normal
ATM_0047,2023-01-10,Tuesday,Afternoon,80521,14107,Mall,0,0,113653,Snowy,5,71665,2023,1,January,1,66414,70.84810783701266,Normal
ATM_0030,2023-08-21,Monday,Morning,37949,12599,Standalone,0,0,86308,Clear,4,21768,2023,8,August,3,25350,43.969272836816984,Normal
ATM_0048,2022-03-23,Wednesday,Night,17793,14991,Gas Station,0,1,69952,Snowy,5,18707,2022,3,March,1,2802,25.43601326623971,Normal
ATM_0026,2023-08-18,Friday,Afternoon,51607,11665,Gas Station,0,0,106531,Clear,4,51755,2023,8,August,3,39942,48.44317616468446,Normal
ATM_0016,2022-07-19,Tuesday,Evening,57064,13674,Supermarket,0,0,134668,Cloudy,3,37352,2022,7,July,3,43390,42.37383788279324,Normal
ATM_0036,2022-01-08,Saturday,Evening,53512,12179,Gas Station,0,0,113347,Rainy,1,54594,2022,1,January,1,41333,47.210777523886826,Normal
ATM_0048,2023-12-12,Tuesday,Night,45612,13354,Gas Station,0,0,118252,Clear,4,27736,2023,12,December,4,32258,38.571863477996146,Normal
ATM_0017,2022-09-08,Thursday,Morning,63479,10589,Mall,0,0,79200,Rainy,0,64496,2022,9,September,3,52890,80.15025252525253,High Risk
ATM_0039,2023-01-04,Wednesday,Night,86732,8296,Gas Station,0,0,109116,Rainy,1,74747,2023,1,January,1,78436,79.4860515414788,Normal
ATM_0045,2023-12-25,Monday,Night,41659,0,Bank Branch,1,0,127068,Rainy,1,53662,2023,12,December,4,41659,32.78480813422735,Normal
ATM_0037,2023-02-19,Sunday,Evening,16548,8680,Standalone,0,0,76437,Rainy,2,9009,2023,2,February,1,7868,21.64920130303387,Normal
ATM_0016,2022-06-17,Friday,Night,36734,5173,Gas Station,0,0,88209,Rainy,2,33608,2022,6,June,2,31561,41.644276661111675,Normal
ATM_0011,2023-03-26,Sunday,Night,52593,19477,Bank Branch,0,0,61673,Rainy,1,50486,2023,3,March,1,33116,85.27718774828531,Normal
ATM_0047,2023-07-02,Sunday,Evening,49477,8422,Bank Branch,0,0,118930,Rainy,5,49730,2023,7,July,3,41055,41.60178256117044,Normal
ATM_0012,2022-01-23,Sunday,Morning,55176,5340,Standalone,0,0,124225,Clear,0,55605,2022,1,January,1,49836,44.416180317971424,Normal
ATM_0028,2023-09-24,Sunday,Afternoon,61977,12088,Bank Branch,0,0,129619,Rainy,4,44488,2023,9,September,3,49889,47.8147493808778,Normal
ATM_0018,2022-10-28,Friday,Afternoon,49900,9880,Bank Branch,0,1,89612,Cloudy,5,42149,2022,10,October,4,40020,55.68450653930277,Normal
ATM_0005,2023-09-12,Tuesday,Afternoon,74478,11481,Supermarket,0,0,101894,Cloudy,2,67373,2023,9,September,3,62997,73.0936070818694,Normal
ATM_0021,2022-03-28,Monday,Evening,33024,5774,Standalone,0,0,72388,Rainy,3,22613,2022,3,March,1,27250,45.62082113057413,Normal
ATM_0004,2023-03-30,Thursday,Evening,46511,7301,Gas Station,0,0,102848,Clear,1,46939,2023,3,March,1,39210,45.22304760423149,Normal
ATM_0036,2022-08-15,Monday,Morning,66713,13385,Mall,0,0,117620,Cloudy,2,47473,2022,8,August,3,53328,56.719095391940144,Normal
ATM_0016,2022-08-07,Sunday,Afternoon,66288,6138,Bank Branch,0,0,92176,Cloudy,5,71873,2022,8,August,3,60150,71.91459816004165,Normal
ATM_0047,2022-06-04,Saturday,Afternoon,42144,13658,Gas Station,0,0,106935,Cloudy,1,35621,2022,6,June,2,28486,39.410857062701645,Normal
ATM_0014,2022-03-19,Saturday,Night,60451,7865,Supermarket,0,0,77999,Clear,3,57048,2022,3,March,1,52586,77.5022756702009,High Risk
ATM_0026,2022-11-02,Wednesday,Night,44184,8374,Mall,0,1,96157,Cloudy,0,48022,2022,11,November,4,35810,45.94985284482669,Normal
ATM_0014,2023-07-26,Wednesday,Evening,47770,15377,Mall,0,0,106285,Clear,2,25292,2023,7,July,3,32393,44.94519452415675,Normal
ATM_0040,2022-11-17,Thursday,Afternoon,33332,8278,Supermarket,0,0,88969,Snowy,1,25335,2022,11,November,4,25054,37.464734907664464,Normal
ATM_0041,2022-10-22,Saturday,Morning,50794,9559,Mall,0,0,135552,Snowy,5,52754,2022,10,October,4,41235,37.471966477809254,Normal
ATM_0004,2022-05-16,Monday,Night,63143,12870,Standalone,0,0,139162,Cloudy,3,55951,2022,5,May,2,50273,45.3737370833992,Normal
ATM_0049,2023-01-11,Wednesday,Afternoon,57347,2039,Gas Station,0,0,109040,Rainy,2,54671,2023,1,January,1,55308,52.592626559060896,Normal
ATM_0037,2022-01-03,Monday,Night,44543,6149,Bank Branch,0,0,93022,Clear,1,45348,2022,1,January,1,38394,47.88437143901443,Normal
ATM_0046,2023-02-19,Sunday,Afternoon,65488,5171,Supermarket,0,0,96210,Snowy,5,51839,2023,2,February,1,60317,68.06776842324082,Normal
ATM_0026,2022-09-26,Monday,Night,30324,12459,Mall,0,0,122461,Cloudy,2,20023,2022,9,September,3,17865,24.762169180392124,Normal
ATM_0021,2023-09-02,Saturday,Night,48814,7713,Supermarket,0,0,103113,Rainy,4,51977,2023,9,September,3,41101,47.34029656784305,Normal
ATM_0045,2023-08-08,Tuesday,Night,12076,4654,Supermarket,0,0,83095,Snowy,4,10370,2023,8,August,3,7422,14.532763704193997,Normal
ATM_0005,2022-09-21,Wednesday,Night,52263,11287,Mall,0,0,73985,Snowy,2,38853,2022,9,September,3,40976,70.63999459349868,Normal
ATM_0001,2022-10-16,Sunday,Afternoon,71705,16359,Bank Branch,0,0,74836,Cloudy,2,66029,2022,10,October,4,55346,95.81618472392967,High Risk
ATM_0014,2022-05-11,Wednesday,Afternoon,54990,15266,Bank Branch,0,1,142602,Snowy,3,50936,2022,5,May,2,39724,38.56187150250347,Normal
ATM_0007,2022-05-14,Saturday,Morning,44902,10910,Bank Branch,0,0,127195,Clear,5,33917,2022,5,May,2,33992,35.301702110932034,Normal
ATM_0007,2022-12-04,Sunday,Evening,49329,12565,Supermarket,0,1,104945,Rainy,2,36500,2022,12,December,4,36764,47.0046214683882,Normal
ATM_0002,2022-01-05,Wednesday,Morning,40311,15130,Bank Branch,0,0,91564,Cloudy,5,21329,2022,1,January,1,25181,44.02494430125377,Normal
ATM_0045,2022-06-17,Friday,Afternoon,47980,11179,Bank Branch,0,0,123030,Snowy,3,43907,2022,6,June,2,36801,38.998618223197596,Normal
ATM_0020,2022-06-26,Sunday,Afternoon,52582,10768,Standalone,0,0,117436,Cloudy,5,50513,2022,6,June,2,41814,44.77502639735686,Normal
ATM_0033,2023-12-14,Thursday,Night,50739,7478,Mall,0,0,105983,Rainy,1,42099,2023,12,December,4,43261,47.87465914344754,Normal
ATM_0014,2023-04-07,Friday,Night,45169,12355,Mall,0,0,101632,Snowy,0,31173,2023,4,April,2,32814,44.443679156171285,Normal
ATM_0025,2023-06-19,Monday,Morning,55918,10156,Gas Station,0,0,101270,Rainy,5,38093,2023,6,June,2,45762,55.2167473091735,Normal
ATM_0047,2022-09-19,Monday,Evening,32067,13123,Gas Station,0,0,94527,Snowy,3,25305,2022,9,September,3,18944,33.9236408645149,Normal
ATM_0002,2023-11-27,Monday,Evening,52568,7753,Supermarket,0,0,80638,Cloudy,4,38582,2023,11,November,4,44815,65.19010888166869,Normal
ATM_0018,2023-08-04,Friday,Night,52459,12052,Bank Branch,0,0,88263,Rainy,0,42311,2023,8,August,3,40407,59.434870783907186,Normal
ATM_0040,2023-04-01,Saturday,Afternoon,31941,13117,Bank Branch,0,0,138789,Clear,0,17639,2023,4,April,2,18824,23.0140717203813,Normal
ATM_0035,2022-03-02,Wednesday,Afternoon,48993,5836,Gas Station,0,0,117633,Cloudy,1,49189,2022,3,March,1,43157,41.649027058733516,Normal
ATM_0001,2022-04-12,Tuesday,Night,58494,7427,Standalone,0,0,79156,Snowy,5,44974,2022,4,April,2,51067,73.89711455859316,Normal
ATM_0029,2023-12-02,Saturday,Night,30181,14932,Standalone,0,0,102407,Cloudy,2,17285,2023,12,December,4,15249,29.471618151102952,Normal
ATM_0021,2023-01-03,Tuesday,Night,53224,14813,Standalone,0,0,100840,Rainy,2,36173,2023,1,January,1,38411,52.780642602142,Normal
ATM_0031,2023-03-18,Saturday,Evening,46447,13566,Mall,0,0,114646,Cloudy,4,45034,2023,3,March,1,32881,40.513406486052716,Normal
ATM_0029,2022-12-12,Monday,Night,61963,15545,Supermarket,0,0,97904,Snowy,5,58036,2022,12,December,4,46418,63.28954894590619,Normal
ATM_0004,2023-01-01,Sunday,Morning,40183,13147,Gas Station,1,0,98831,Snowy,2,34379,2023,1,January,1,27036,40.658295474092135,Normal
ATM_0007,2022-06-07,Tuesday,Afternoon,22376,79,Standalone,0,0,110546,Snowy,0,19399,2022,6,June,2,22297,20.241347493351185,Normal
ATM_0050,2023-06-09,Friday,Night,52217,0,Standalone,0,0,114139,Rainy,1,56552,2023,6,June,2,52217,45.74860477137525,Normal
ATM_0034,2023-02-21,Tuesday,Night,53745,12466,Mall,0,0,99421,Rainy,2,45664,2023,2,February,1,41279,54.05799579565686,Normal
ATM_0031,2022-02-12,Saturday,Morning,68012,3575,Gas Station,0,0,93097,Rainy,3,52840,2022,2,February,1,64437,73.05498566011795,Normal
ATM_0013,2022-02-16,Wednesday,Evening,46459,15394,Standalone,0,0,56814,Rainy,4,27336,2022,2,February,1,31065,81.77385855598972,Normal
ATM_0042,2023-02-26,Sunday,Morning,42514,1196,Bank Branch,0,0,94298,Snowy,5,33900,2023,2,February,1,41318,45.08473138348639,Normal
ATM_0004,2023-07-08,Saturday,Afternoon,42912,6244,Mall,0,1,112393,Snowy,5,44470,2023,7,July,3,36668,38.180313720605376,Normal
ATM_0005,2022-08-06,Saturday,Evening,56820,12756,Supermarket,0,0,96461,Cloudy,5,58289,2022,8,August,3,44064,58.904635033847875,Normal
ATM_0005,2023-09-14,Thursday,Night,41423,0,Supermarket,0,0,107882,Cloudy,1,43015,2023,9,September,3,41423,38.39658145010289,Normal
ATM_0018,2022-12-11,Sunday,Afternoon,47760,0,Supermarket,0,0,91202,Rainy,2,38439,2022,12,December,4,47760,52.36727264752966,Normal
ATM_0025,2023-09-17,Sunday,Evening,76841,10084,Supermarket,0,0,107095,Snowy,0,61926,2023,9,September,3,66757,71.75031514076288,Normal
ATM_0030,2022-07-29,Friday,Evening,59882,8855,Gas Station,0,0,108498,Cloudy,2,55240,2022,7,July,3,51027,55.19180077052111,Normal
ATM_0033,2022-01-15,Saturday,Evening,75149,6716,Gas Station,0,0,133523,Rainy,4,76468,2022,1,January,1,68433,56.28168929697506,Normal
ATM_0017,2023-11-25,Saturday,Morning,60987,7446,Standalone,0,0,101759,Clear,1,42387,2023,11,November,4,53541,59.932782358317205,Normal
ATM_0043,2023-03-19,Sunday,Morning,63656,6448,Bank Branch,0,0,133387,Snowy,2,61551,2023,3,March,1,57208,47.722791576390506,Normal
ATM_0010,2023-10-29,Sunday,Morning,65019,9551,Bank Branch,0,1,91946,Snowy,4,53447,2023,10,October,4,55468,70.7143323254954,Normal
ATM_0039,2022-05-24,Tuesday,Evening,42394,9321,Supermarket,0,0,99030,Clear,3,36912,2022,5,May,2,33073,42.80924972230637,Normal
ATM_0013,2022-11-16,Wednesday,Afternoon,52990,5771,Mall,0,0,89085,Cloudy,5,44851,2022,11,November,4,47219,59.482516697536056,Normal
ATM_0030,2023-04-28,Friday,Evening,47253,20485,Supermarket,0,0,106052,Snowy,4,39199,2023,4,April,2,26768,44.556444008599556,Normal
ATM_0024,2022-04-27,Wednesday,Evening,32324,4519,Mall,0,0,83939,Cloudy,5,27534,2022,4,April,2,27805,38.508917189864064,Normal
ATM_0018,2023-12-05,Tuesday,Afternoon,74817,16050,Bank Branch,0,0,93872,Rainy,4,63372,2023,12,December,4,58767,79.7010823248679,Normal
ATM_0021,2023-10-19,Thursday,Night,57815,12020,Supermarket,0,0,135968,Snowy,0,38419,2023,10,October,4,45795,42.521034361026125,Normal
ATM_0037,2023-03-07,Tuesday,Afternoon,37208,2289,Bank Branch,0,0,117710,Rainy,1,38647,2023,3,March,1,34919,31.609888709540396,Normal
ATM_0028,2022-02-01,Tuesday,Evening,56401,6572,Supermarket,0,0,79886,Snowy,1,54532,2022,2,February,1,49829,70.60185764714718,High Risk
ATM_0030,2023-03-07,Tuesday,Night,50564,13977,Standalone,0,1,100583,Rainy,0,44079,2023,3,March,1,36587,50.27092053329092,Normal
ATM_0029,2022-07-17,Sunday,Morning,34610,10123,Gas Station,0,0,73303,Rainy,5,27384,2022,7,July,3,24487,47.214984379902596,Normal
ATM_0042,2023-11-29,Wednesday,Morning,48138,5384,Standalone,0,0,98551,Clear,3,44622,2023,11,November,4,42754,48.845775283863176,Normal
ATM_0035,2023-05-28,Sunday,Afternoon,65616,13265,Standalone,0,0,149682,Cloudy,2,65911,2023,5,May,2,52351,43.83693430071752,Normal
ATM_0022,2023-07-31,Monday,Evening,67887,8987,Gas Station,0,0,77449,Clear,3,64449,2023,7,July,3,58900,87.65381089491149,High Risk
ATM_0010,2022-08-30,Tuesday,Afternoon,46384,11369,Gas Station,0,0,124818,Rainy,5,32535,2022,8,August,3,35015,37.16130686279222,Normal
ATM_0031,2022-05-02,Monday,Night,62695,2684,Supermarket,0,0,104872,Clear,1,69788,2022,5,May,2,60011,59.782401403615836,Normal
ATM_0011,2022-08-22,Monday,Night,65465,16593,Supermarket,0,0,77642,Cloudy,2,46433,2022,8,August,3,48872,84.31647819479147,Normal
ATM_0018,2023-07-10,Monday,Night,38238,2392,Mall,0,0,110651,Snowy,3,41838,2023,7,July,3,35846,34.557301786698716,Normal
ATM_0029,2023-08-18,Friday,Evening,41791,18948,Standalone,0,0,105923,Cloudy,3,32309,2023,8,August,3,22843,39.45413177496861,Normal
ATM_0032,2022-11-18,Friday,Evening,52403,11792,Bank Branch,0,0,91830,Clear,4,45239,2022,11,November,4,40611,57.06522922792116,Normal
ATM_0035,2023-10-02,Monday,Morning,35335,15144,Gas Station,0,0,63833,Cloudy,4,24113,2023,10,October,4,20191,55.35538044585089,Normal
ATM_0005,2022-12-28,Wednesday,Morning,47907,6413,Standalone,0,0,113205,Clear,4,44215,2022,12,December,4,41494,42.318802173048894,Normal
ATM_0038,2022-11-06,Sunday,Evening,59777,12314,Supermarket,0,1,86499,Cloudy,1,65169,2022,11,November,4,47463,69.10715730817697,High Risk
ATM_0026,2023-07-18,Tuesday,Afternoon,67962,10433,Supermarket,0,0,114859,Cloudy,3,62549,2023,7,July,3,57529,59.16993879452198,Normal
ATM_0014,2023-06-22,Thursday,Morning,66801,10963,Bank Branch,0,1,115878,Cloudy,3,69581,2023,6,June,2,55838,57.6476984414643,Normal
ATM_0006,2022-06-04,Saturday,Afternoon,53203,11281,Supermarket,0,0,111674,Clear,1,46243,2022,6,June,2,41922,47.64134892633917,Normal
ATM_0008,2023-10-09,Monday,Morning,48080,6192,Standalone,0,0,113130,Clear,1,47892,2023,10,October,4,41888,42.49977901529214,Normal
ATM_0037,2023-10-25,Wednesday,Night,30300,17294,Mall,0,0,95371,Rainy,0,20798,2023,10,October,4,13006,31.770664038334505,Normal
ATM_0042,2023-05-16,Tuesday,Morning,58860,2955,Gas Station,0,0,116481,Clear,0,49963,2023,5,May,2,55905,50.531846395549486,Normal
ATM_0004,2023-04-11,Tuesday,Afternoon,54547,8329,Bank Branch,0,0,74025,Rainy,4,49822,2023,4,April,2,46218,73.6872678149274,Normal
ATM_0036,2022-05-28,Saturday,Night,56775,8883,Supermarket,0,0,96057,Rainy,1,47721,2022,5,May,2,47892,59.105531090914766,Normal
ATM_0018,2023-12-25,Monday,Night,61370,4412,Standalone,1,0,130952,Cloudy,0,61291,2023,12,December,4,56958,46.86449996945446,Normal
ATM_0016,2024-01-01,Monday,Evening,46297,2197,Mall,1,0,122242,Snowy,3,54951,2024,1,January,1,44100,37.87323505832693,Normal
ATM_0033,2023-09-21,Thursday,Night,62853,17246,Supermarket,0,0,97736,Rainy,1,53411,2023,9,September,3,45607,64.30895473520503,Normal
ATM_0022,2022-12-29,Thursday,Night,60817,11281,Mall,0,0,127270,Cloudy,1,62891,2022,12,December,4,49536,47.785809695922055,Normal
ATM_0048,2022-04-14,Thursday,Afternoon,54528,7471,Bank Branch,0,0,101603,Snowy,2,45942,2022,4,April,2,47057,53.667706662204864,Normal
ATM_0041,2022-02-13,Sunday,Evening,45679,16915,Gas Station,0,0,89762,Clear,2,30178,2022,2,February,1,28764,50.88901762438448,Normal
ATM_0009,2023-10-22,Sunday,Morning,73191,7157,Supermarket,0,0,94252,Rainy,4,68313,2023,10,October,4,66034,77.65458557908586,Normal
ATM_0018,2023-12-29,Friday,Evening,51880,6959,Standalone,0,0,102340,Snowy,4,48290,2023,12,December,4,44921,50.693765878444395,Normal
ATM_0035,2022-08-03,Wednesday,Morning,53657,16612,Mall,0,0,64012,Snowy,3,44906,2022,8,August,3,37045,83.82334562269574,Normal
ATM_0004,2023-10-30,Monday,Morning,41591,18470,Bank Branch,0,1,86193,Snowy,0,32238,2023,10,October,4,23121,48.25333843815623,Normal
ATM_0013,2023-02-15,Wednesday,Night,56616,6913,Mall,0,0,113971,Cloudy,4,49278,2023,2,February,1,49703,49.6757947197094,Normal
ATM_0039,2022-03-18,Friday,Morning,29600,12015,Supermarket,0,0,108440,Cloudy,4,19203,2022,3,March,1,17585,27.29620066396164,Normal
ATM_0029,2023-07-05,Wednesday,Morning,46749,0,Bank Branch,0,0,85383,Snowy,5,41574,2023,7,July,3,46749,54.752116931941956,Normal
ATM_0018,2023-01-01,Sunday,Night,35285,14755,Supermarket,1,0,109250,Cloudy,3,37655,2023,1,January,1,20530,32.297482837528605,Normal
ATM_0037,2022-10-28,Friday,Morning,55655,13907,Bank Branch,0,0,91496,Cloudy,5,41966,2022,10,October,4,41748,60.8277957506339,Normal
ATM_0028,2022-11-02,Wednesday,Morning,44315,14048,Mall,0,0,73102,Rainy,4,41091,2022,11,November,4,30267,60.620776449344746,Normal
ATM_0021,2023-05-07,Sunday,Afternoon,17859,11277,Gas Station,0,0,117145,Rainy,0,10579,2023,5,May,2,6582,15.245208929104956,Normal
ATM_0023,2023-08-20,Sunday,Night,59807,3246,Standalone,0,0,117241,Rainy,4,57153,2023,8,August,3,56561,51.01201798005817,Normal
ATM_0046,2023-11-17,Friday,Afternoon,48327,16845,Gas Station,0,0,92116,Cloudy,4,36183,2023,11,November,4,31482,52.463198575708894,Normal
ATM_0050,2022-08-02,Tuesday,Morning,54162,15187,Bank Branch,0,0,134439,Clear,2,48932,2022,8,August,3,38975,40.28741659786223,Normal
ATM_0036,2023-01-13,Friday,Evening,71328,11956,Bank Branch,0,1,86907,Rainy,1,58189,2023,1,January,1,59372,82.07394110946183,Normal
ATM_0012,2022-11-04,Friday,Morning,50556,6351,Gas Station,0,0,79440,Snowy,0,41830,2022,11,November,4,44205,63.6404833836858,Normal
ATM_0036,2022-12-22,Thursday,Evening,57186,16838,Supermarket,0,0,94791,Cloudy,3,50335,2022,12,December,4,40348,60.32851220052537,Normal
ATM_0002,2023-04-23,Sunday,Afternoon,45458,13302,Standalone,0,0,97351,Cloudy,3,27544,2023,4,April,2,32156,46.69494920442522,Normal
ATM_0046,2022-09-18,Sunday,Night,51271,0,Bank Branch,0,0,100334,Snowy,5,58242,2022,9,September,3,51271,51.10032491478462,Normal
ATM_0041,2023-08-10,Thursday,Evening,22592,3895,Supermarket,0,0,73293,Clear,5,17687,2023,8,August,3,18697,30.824226051601105,Normal
ATM_0032,2022-10-02,Sunday,Morning,34361,13321,Gas Station,0,0,104447,Clear,2,25837,2022,10,October,4,21040,32.89802483556253,Normal
ATM_0001,2022-06-15,Wednesday,Afternoon,54773,8357,Mall,0,0,98782,Clear,3,43501,2022,6,June,2,46416,55.448361037435966,Normal
ATM_0037,2023-07-20,Thursday,Morning,52854,8778,Standalone,0,0,130166,Clear,1,48070,2023,7,July,3,44076,40.60507352150331,Normal
ATM_0049,2022-11-04,Friday,Evening,58052,18273,Gas Station,0,0,138356,Clear,5,45342,2022,11,November,4,39779,41.95842608921912,Normal
ATM_0038,2022-09-19,Monday,Afternoon,48063,25483,Gas Station,0,0,68612,Snowy,0,17669,2022,9,September,3,22580,70.05042849647292,Normal
ATM_0048,2022-05-12,Thursday,Afternoon,42941,2936,Supermarket,0,0,102495,Rainy,1,37450,2022,5,May,2,40005,41.895702229377044,Normal
ATM_0050,2022-01-30,Sunday,Afternoon,31959,13088,Gas Station,0,1,124446,Snowy,5,30068,2022,1,January,1,18871,25.681018272985874,Normal
ATM_0002,2023-08-12,Saturday,Night,47548,10904,Bank Branch,0,0,99236,Rainy,3,35016,2023,8,August,3,36644,47.91406344471764,Normal
ATM_0025,2023-04-09,Sunday,Night,61521,8453,Mall,0,0,118032,Cloudy,3,53183,2023,4,April,2,53068,52.12230581537211,Normal
ATM_0027,2023-03-22,Wednesday,Morning,53394,12481,Mall,0,0,85553,Snowy,5,39750,2023,3,March,1,40913,62.41043563638914,Normal
ATM_0026,2022-09-04,Sunday,Evening,41320,13467,Bank Branch,0,0,76390,Clear,1,25630,2022,9,September,3,27853,54.09084958764237,Normal
ATM_0009,2022-05-17,Tuesday,Afternoon,28170,14350,Standalone,0,0,89603,Clear,0,17768,2022,5,May,2,13820,31.438679508498602,Normal
ATM_0014,2023-03-25,Saturday,Night,52826,13780,Supermarket,0,0,151745,Cloudy,3,43370,2023,3,March,1,39046,34.81234966555735,Normal
ATM_0023,2023-09-25,Monday,Morning,56184,6919,Mall,0,0,116990,Cloudy,4,40531,2023,9,September,3,49265,48.024617488674245,Normal
ATM_0005,2022-12-02,Friday,Afternoon,36999,16097,Standalone,0,0,86472,Cloudy,0,31390,2022,12,December,4,20902,42.787260616153205,Normal
ATM_0018,2022-10-28,Friday,Morning,34579,10343,Supermarket,0,0,63549,Rainy,2,20398,2022,10,October,4,24236,54.4131300256495,Normal
ATM_0005,2023-04-14,Friday,Evening,33680,11910,Gas Station,0,1,80186,Cloudy,2,34550,2023,4,April,2,21770,42.00234454892375,Normal
ATM_0009,2023-01-21,Saturday,Morning,41831,12465,Mall,0,0,88416,Rainy,3,38246,2023,1,January,1,29366,47.31157256605139,Normal
ATM_0049,2022-05-12,Thursday,Night,62342,16204,Bank Branch,0,0,106396,Snowy,5,63024,2022,5,May,2,46138,58.594308056693855,Normal
ATM_0042,2023-01-26,Thursday,Evening,73082,14556,Standalone,0,0,89530,Rainy,5,48768,2023,1,January,1,58526,81.62850441192896,Normal
ATM_0012,2023-05-13,Saturday,Night,69397,11391,Gas Station,0,0,122246,Snowy,0,54211,2023,5,May,2,58006,56.768319617819806,Normal
ATM_0020,2023-09-15,Friday,Morning,56825,19111,Mall,0,0,121730,Snowy,0,44584,2023,9,September,3,37714,46.681179659903066,Normal
ATM_0012,2022-12-09,Friday,Evening,57847,10358,Mall,0,0,113932,Rainy,2,50501,2022,12,December,4,47489,50.77326826528105,Normal
ATM_0050,2022-10-23,Sunday,Evening,51805,13602,Supermarket,0,0,82828,Rainy,1,43415,2022,10,October,4,38203,62.54527454483991,Normal
ATM_0035,2023-07-03,Monday,Afternoon,75432,9774,Supermarket,0,0,120051,Cloudy,1,76200,2023,7,July,3,65658,62.83329584926406,Normal
ATM_0015,2022-03-09,Wednesday,Evening,58313,14045,Standalone,0,0,93423,Clear,2,36386,2022,3,March,1,44268,62.41824818299562,Normal
ATM_0044,2023-05-09,Tuesday,Evening,65521,4577,Supermarket,0,0,99893,Rainy,2,52786,2023,5,May,2,60944,65.59118256534492,Normal
ATM_0006,2022-04-28,Thursday,Evening,62539,14975,Supermarket,0,0,109215,Cloudy,4,43642,2022,4,April,2,47564,57.26228082223138,Normal
ATM_0021,2022-08-07,Sunday,Morning,44099,18757,Bank Branch,0,0,98306,Clear,2,29372,2022,8,August,3,25342,44.858909934286814,Normal
ATM_0001,2023-08-21,Monday,Evening,50654,10699,Standalone,0,0,139393,Cloudy,5,34910,2023,8,August,3,39955,36.33898402358798,Normal
ATM_0028,2023-03-12,Sunday,Morning,34422,7536,Supermarket,0,0,133679,Snowy,4,31981,2023,3,March,1,26886,25.749743789226432,Normal
ATM_0004,2022-03-03,Thursday,Morning,55893,9879,Supermarket,0,0,110388,Rainy,0,49852,2022,3,March,1,46014,50.63322100228286,Normal
ATM_0020,2022-07-31,Sunday,Morning,32599,10235,Standalone,0,0,148462,Clear,2,16576,2022,7,July,3,22364,21.95780738505476,Normal
ATM_0015,2023-03-20,Monday,Night,44014,12002,Supermarket,0,0,128637,Clear,0,40757,2023,3,March,1,32012,34.2156611239379,Normal
ATM_0032,2023-07-16,Sunday,Morning,43114,3092,Supermarket,0,0,67765,Clear,4,39862,2023,7,July,3,40022,63.622814137091424,Normal
ATM_0043,2023-02-20,Monday,Evening,47213,4436,Gas Station,0,0,118966,Snowy,3,35532,2023,2,February,1,42777,39.68612880991208,Normal
ATM_0004,2023-02-21,Tuesday,Morning,38276,7543,Bank Branch,0,0,105990,Rainy,1,33061,2023,2,February,1,30733,36.11284083404095,Normal
ATM_0047,2022-03-15,Tuesday,Evening,71033,12141,Standalone,0,0,102610,Rainy,0,67091,2022,3,March,1,58892,69.22619627716597,Normal
ATM_0026,2022-02-04,Friday,Morning,53222,5939,Bank Branch,0,0,104218,Rainy,4,56811,2022,2,February,1,47283,51.06795371241052,Normal
ATM_0028,2022-12-10,Saturday,Evening,66547,9839,Mall,0,0,105813,Rainy,1,48737,2022,12,December,4,56708,62.89113813992609,Normal
ATM_0019,2022-04-08,Friday,Morning,54928,0,Standalone,0,0,68220,Clear,3,47790,2022,4,April,2,54928,80.51597771914395,Normal
ATM_0027,2023-05-07,Sunday,Morning,40924,7192,Mall,0,0,76014,Snowy,2,44471,2023,5,May,2,33732,53.83745099586918,Normal
ATM_0048,2023-08-26,Saturday,Afternoon,61243,10010,Mall,0,0,95706,Cloudy,3,55127,2023,8,August,3,51233,63.99076337951644,Normal
ATM_0016,2022-07-30,Saturday,Afternoon,10599,9185,Bank Branch,0,0,101263,Rainy,2,4315,2022,7,July,3,1414,10.466804262168807,Normal
ATM_0003,2022-02-02,Wednesday,Evening,53628,2179,Bank Branch,0,0,104496,Rainy,1,48006,2022,2,February,1,51449,51.32062471290767,Normal
ATM_0043,2022-06-30,Thursday,Morning,60768,20070,Standalone,0,0,101027,Clear,0,56996,2022,6,June,2,40698,60.150256862026986,Normal
ATM_0043,2023-09-21,Thursday,Morning,37743,10943,Mall,0,0,118780,Rainy,2,38264,2023,9,September,3,26800,31.775551439636303,Normal
ATM_0035,2022-11-11,Friday,Afternoon,59314,23715,Bank Branch,0,0,85693,Rainy,1,35488,2022,11,November,4,35599,69.21685551912059,Normal
ATM_0042,2022-06-28,Tuesday,Evening,53783,17744,Bank Branch,0,0,129723,Clear,1,42182,2022,6,June,2,36039,41.459879897936375,Normal
ATM_0011,2022-09-07,Wednesday,Evening,72267,24453,Standalone,0,0,114075,Cloudy,5,57479,2022,9,September,3,47814,63.35042735042735,Normal
ATM_0019,2022-12-08,Thursday,Afternoon,44482,13643,Bank Branch,0,0,83038,Cloudy,2,43246,2022,12,December,4,30839,53.56824586333968,Normal
ATM_0050,2022-11-02,Wednesday,Night,58157,5501,Gas Station,0,0,87716,Rainy,2,50371,2022,11,November,4,52656,66.30147293538236,Normal
ATM_0038,2023-06-09,Friday,Night,25205,12331,Gas Station,0,0,128445,Rainy,5,10987,2023,6,June,2,12874,19.623185020826035,Normal
ATM_0004,2023-08-21,Monday,Evening,52908,10315,Bank Branch,0,0,124923,Cloudy,5,52637,2023,8,August,3,42593,42.352489133306115,Normal
ATM_0043,2023-04-30,Sunday,Afternoon,54662,16152,Standalone,0,0,73233,Snowy,1,41796,2023,4,April,2,38510,74.64121366050824,Normal
ATM_0040,2023-04-29,Saturday,Afternoon,54249,15033,Standalone,0,0,88660,Clear,2,37605,2023,4,April,2,39216,61.18768328445747,Normal
ATM_0045,2022-07-01,Friday,Night,64312,5011,Gas Station,0,0,111340,Snowy,4,65458,2022,7,July,3,59301,57.76181067001976,Normal
ATM_0005,2022-10-01,Saturday,Night,67839,16667,Gas Station,0,1,102495,Snowy,1,67007,2022,10,October,4,51172,66.18761890823943,Normal
ATM_0041,2023-06-08,Thursday,Morning,53867,4031,Supermarket,0,1,119915,Cloudy,2,65312,2023,6,June,2,49836,44.92098569820289,Normal
ATM_0007,2022-09-30,Friday,Night,75324,6970,Standalone,0,0,97477,Cloudy,4,69097,2022,9,September,3,68354,77.2736132626158,Normal
ATM_0045,2023-01-15,Sunday,Afternoon,54900,12464,Standalone,0,0,93491,Snowy,3,41744,2023,1,January,1,42436,58.72222994726766,Normal
ATM_0028,2022-11-22,Tuesday,Afternoon,66841,13305,Standalone,0,0,88623,Cloudy,1,56380,2022,11,November,4,53536,75.42173025061214,Normal
ATM_0049,2023-10-12,Thursday,Evening,36133,15235,Bank Branch,0,0,98878,Rainy,5,20327,2023,10,October,4,20898,36.543012601387574,Normal
ATM_0049,2023-02-02,Thursday,Night,60606,6412,Supermarket,0,0,80688,Clear,2,50613,2023,2,February,1,54194,75.11154074955384,Normal
ATM_0031,2022-03-25,Friday,Afternoon,48393,9088,Gas Station,0,0,102128,Cloudy,1,43683,2022,3,March,1,39305,47.38465455115149,Normal
ATM_0048,2023-10-03,Tuesday,Afternoon,68299,13601,Standalone,0,0,106652,Snowy,3,69396,2023,10,October,4,54698,64.03911787870832,Normal
ATM_0036,2022-12-03,Saturday,Night,31565,17287,Bank Branch,0,0,113725,Clear,3,14760,2022,12,December,4,14278,27.75555067047703,Normal
ATM_0007,2023-02-07,Tuesday,Afternoon,45103,12146,Standalone,0,0,123219,Rainy,4,39457,2023,2,February,1,32957,36.60393283503356,Normal
ATM_0039,2023-07-14,Friday,Morning,47821,9587,Gas Station,0,0,113742,Rainy,5,44146,2023,7,July,3,38234,42.04339645865204,Normal
ATM_0033,2022-03-27,Sunday,Morning,36812,407,Gas Station,0,0,100201,Rainy,5,41081,2022,3,March,1,36405,36.73815630582529,Normal
ATM_0030,2022-04-01,Friday,Morning,75476,10206,Bank Branch,0,0,96952,Rainy,3,66127,2022,4,April,2,65270,77.84883241191517,Normal
ATM_0009,2023-01-24,Tuesday,Morning,52944,16562,Gas Station,1,0,106882,Clear,0,44533,2023,1,January,1,36382,49.5350012162946,Normal
ATM_0018,2023-07-04,Tuesday,Night,59353,9386,Gas Station,0,1,83629,Clear,4,50760,2023,7,July,3,49967,70.97179208169415,Normal
ATM_0009,2023-01-31,Tuesday,Evening,80333,12632,Supermarket,1,0,81127,Rainy,0,69316,2023,1,January,1,67701,99.02128761078309,High Risk
ATM_0019,2023-02-12,Sunday,Afternoon,32432,19269,Supermarket,0,0,44870,Cloudy,3,16583,2023,2,February,1,13163,72.2799197682193,Normal
ATM_0012,2022-11-28,Monday,Evening,51778,9122,Bank Branch,0,0,137814,Rainy,3,41778,2022,11,November,4,42656,37.57092893319982,Normal
ATM_0045,2022-10-31,Monday,Evening,60605,10886,Gas Station,0,0,99978,Rainy,4,53718,2022,10,October,4,49719,60.61833603392747,Normal
ATM_0007,2023-04-17,Monday,Afternoon,41390,10046,Supermarket,0,0,114518,Snowy,0,32682,2023,4,April,2,31344,36.14278977977261,Normal
ATM_0014,2023-02-09,Thursday,Evening,72389,14544,Supermarket,0,0,85571,Clear,5,60377,2023,2,February,1,57845,84.59524839022566,High Risk
ATM_0008,2022-07-05,Tuesday,Night,30018,11991,Gas Station,0,0,137133,Cloudy,0,27313,2022,7,July,3,18027,21.8896983220669,Normal
ATM_0040,2023-02-24,Friday,Night,50486,2029,Mall,0,0,100605,Rainy,1,56887,2023,2,February,1,48457,50.182396501167936,Normal
ATM_0022,2022-08-14,Sunday,Morning,31794,14318,Mall,0,0,110497,Cloudy,0,20653,2022,8,August,3,17476,28.77363186330851,Normal
ATM_0011,2022-12-25,Sunday,Morning,47436,10041,Mall,1,0,84555,Rainy,4,48461,2022,12,December,4,37395,56.10076281710129,Normal
ATM_0039,2022-10-06,Thursday,Morning,44218,10835,Mall,0,0,105705,Rainy,2,42314,2022,10,October,4,33383,41.831512227425385,Normal
ATM_0018,2022-08-09,Tuesday,Night,54830,4130,Gas Station,0,0,66483,Rainy,5,57882,2022,8,August,3,50700,82.47221094114285,High Risk
ATM_0018,2023-07-01,Saturday,Morning,39080,8225,Standalone,0,0,142545,Snowy,0,30342,2023,7,July,3,30855,27.415903749693076,Normal
ATM_0047,2022-03-05,Saturday,Morning,22318,6224,Gas Station,0,0,137932,Rainy,0,13805,2022,3,March,1,16094,16.18043673694284,Normal
ATM_0005,2022-09-15,Thursday,Morning,67531,10276,Mall,0,0,93033,Snowy,4,52934,2022,9,September,3,57255,72.58822138381005,Normal
ATM_0042,2023-12-29,Friday,Morning,52885,9432,Mall,0,0,79780,Snowy,5,55987,2023,12,December,4,43453,66.28854349461018,High Risk
ATM_0011,2022-02-09,Wednesday,Afternoon,62795,15639,Supermarket,0,0,91885,Cloudy,3,54459,2022,2,February,1,47156,68.34086085868205,Normal
ATM_0008,2023-02-18,Saturday,Morning,57491,7602,Mall,0,0,79438,Clear,1,61532,2023,2,February,1,49889,72.37216445529847,High Risk
ATM_0019,2022-05-28,Saturday,Morning,57530,1465,Bank Branch,0,0,94643,Snowy,2,53259,2022,5,May,2,56065,60.78632334139873,Normal
ATM_0036,2022-09-25,Sunday,Afternoon,11695,15483,Mall,0,0,113762,Rainy,0,4500,2022,9,September,3,-3788,10.280234173098222,Normal
ATM_0028,2022-03-04,Friday,Night,41690,13646,Supermarket,0,1,117752,Clear,3,39763,2022,3,March,1,28044,35.404918812419325,Normal
ATM_0038,2022-04-13,Wednesday,Afternoon,47590,9510,Supermarket,0,0,75350,Clear,2,43093,2022,4,April,2,38080,63.15859323158593,Normal
ATM_0031,2022-04-12,Tuesday,Morning,55505,11399,Gas Station,0,0,108900,Rainy,5,35098,2022,4,April,2,44106,50.96877869605142,Normal
ATM_0007,2023-08-20,Sunday,Evening,54183,13649,Mall,0,1,96413,Snowy,3,40282,2023,8,August,3,40534,56.198852851793845,Normal
ATM_0043,2022-01-05,Wednesday,Afternoon,41232,16691,Supermarket,0,0,59124,Clear,2,25799,2022,1,January,1,24541,69.73817738989243,Normal
ATM_0006,2022-05-03,Tuesday,Afternoon,63151,11307,Supermarket,0,0,70207,Snowy,2,62597,2022,5,May,2,51844,89.949720113379,High Risk
ATM_0009,2023-05-12,Friday,Morning,37759,5754,Supermarket,0,0,95572,Cloudy,3,34543,2023,5,May,2,32005,39.508433432386056,Normal
ATM_0033,2023-01-13,Friday,Night,37937,0,Gas Station,0,0,110886,Cloudy,1,41069,2023,1,January,1,37937,34.21261475749869,Normal
ATM_0039,2022-03-15,Tuesday,Afternoon,40128,8779,Supermarket,0,0,85034,Clear,0,34530,2022,3,March,1,31349,47.19053555048569,Normal
ATM_0041,2023-05-27,Saturday,Evening,43696,2485,Supermarket,0,1,95997,Cloudy,0,53591,2023,5,May,2,41211,45.51808910695126,Normal
ATM_0037,2022-10-21,Friday,Afternoon,31271,11034,Bank Branch,0,0,86411,Clear,2,24431,2022,10,October,4,20237,36.18867968198493,Normal
ATM_0019,2022-02-19,Saturday,Morning,54358,0,Bank Branch,0,0,83316,Snowy,1,62774,2022,2,February,1,54358,65.24317057948053,High Risk
ATM_0022,2022-02-22,Tuesday,Night,25244,5089,Supermarket,0,0,102607,Rainy,3,24201,2022,2,February,1,20155,24.602609958384907,Normal
ATM_0005,2023-02-21,Tuesday,Evening,51273,11692,Standalone,0,0,103873,Snowy,1,48377,2023,2,February,1,39581,49.36123920556834,Normal
ATM_0049,2023-11-03,Friday,Night,50836,13323,Standalone,0,0,55213,Clear,1,40515,2023,11,November,4,37513,92.072519153098,Normal
ATM_0041,2023-01-08,Sunday,Evening,73165,8866,Gas Station,0,0,113452,Clear,5,75154,2023,1,January,1,64299,64.48982829742975,Normal
ATM_0030,2023-08-21,Monday,Evening,5070,9859,Supermarket,0,0,115847,Snowy,3,0,2023,8,August,3,-4789,4.376462057714054,Normal
ATM_0025,2023-09-12,Tuesday,Evening,64917,6919,Supermarket,0,0,92146,Rainy,0,55221,2023,9,September,3,57998,70.4501551885052,Normal
ATM_0002,2023-01-14,Saturday,Morning,56515,10658,Supermarket,0,1,109831,Snowy,3,60730,2023,1,January,1,45857,51.45632835902432,Normal
ATM_0029,2022-12-23,Friday,Night,53210,1291,Bank Branch,0,0,82913,Snowy,1,59350,2022,12,December,4,51919,64.1757022421092,High Risk
ATM_0012,2023-04-05,Wednesday,Morning,46529,9886,Gas Station,0,0,86598,Cloudy,1,28485,2023,4,April,2,36643,53.72987828818218,Normal
ATM_0049,2023-11-01,Wednesday,Evening,63680,19899,Gas Station,0,0,103723,Snowy,3,58909,2023,11,November,4,43781,61.39429056236322,Normal
ATM_0001,2023-05-03,Wednesday,Morning,22012,10142,Mall,0,0,119580,Snowy,0,15662,2023,5,May,2,11870,18.407760495066064,Normal
ATM_0015,2022-01-06,Thursday,Night,40352,9696,Supermarket,0,0,81826,Cloudy,1,31770,2022,1,January,1,30656,49.314398846332466,Normal
ATM_0017,2022-02-11,Friday,Night,32695,9531,Mall,0,0,118157,Clear,5,20188,2022,2,February,1,23164,27.670810870282757,Normal
ATM_0027,2023-02-23,Thursday,Morning,50261,17438,Standalone,0,1,111234,Clear,3,33307,2023,2,February,1,32823,45.184925472427494,Normal
ATM_0009,2023-07-04,Tuesday,Afternoon,65715,11825,Mall,0,0,116497,Rainy,1,64839,2023,7,July,3,53890,56.40917791874469,Normal
ATM_0033,2022-04-24,Sunday,Morning,36904,17798,Standalone,0,0,77058,Rainy,1,15456,2022,4,April,2,19106,47.89119883723948,Normal
ATM_0015,2022-05-27,Friday,Afternoon,39544,11424,Bank Branch,0,0,122819,Rainy,2,38480,2022,5,May,2,28120,32.19697278108436,Normal
ATM_0001,2023-07-03,Monday,Evening,56774,8200,Gas Station,0,0,108242,Rainy,4,48417,2023,7,July,3,48574,52.45098944956671,Normal
ATM_0013,2023-01-02,Monday,Evening,61958,2304,Mall,0,0,124566,Clear,0,64294,2023,1,January,1,59654,49.73909413483615,Normal
ATM_0047,2023-07-22,Saturday,Evening,40444,11820,Gas Station,0,0,80016,Clear,1,32734,2023,7,July,3,28624,50.54489102179565,Normal
ATM_0024,2022-04-15,Friday,Morning,31938,4692,Bank Branch,0,0,102312,Clear,2,31610,2022,4,April,2,27246,31.216279615294397,Normal
ATM_0013,2022-11-23,Wednesday,Night,35511,9257,Bank Branch,0,0,102603,Rainy,0,27147,2022,11,November,4,26254,34.610099119908774,Normal
ATM_0028,2022-10-24,Monday,Morning,67868,15354,Standalone,0,1,117086,Clear,4,50837,2022,10,October,4,52514,57.964231419640264,Normal
ATM_0049,2023-04-21,Friday,Afternoon,69376,15472,Mall,0,0,122656,Clear,0,55336,2023,4,April,2,53904,56.56144012522828,Normal
ATM_0002,2022-11-04,Friday,Morning,39257,10956,Supermarket,0,0,118844,Snowy,1,37423,2022,11,November,4,28301,33.03237858032379,Normal
ATM_0020,2022-03-21,Monday,Evening,65365,3456,Bank Branch,0,0,119699,Clear,5,70026,2022,3,March,1,61909,54.60780791819481,Normal
ATM_0017,2022-10-22,Saturday,Night,32760,15157,Supermarket,0,0,106436,Cloudy,2,23413,2022,10,October,4,17603,30.77905971663723,Normal
ATM_0047,2023-10-06,Friday,Afternoon,38279,13456,Supermarket,0,0,88192,Clear,5,23250,2023,10,October,4,24823,43.40416364296081,Normal
ATM_0033,2023-11-22,Wednesday,Afternoon,24184,5087,Mall,0,0,91391,Snowy,3,21893,2023,11,November,4,19097,26.46212427919598,Normal
ATM_0036,2023-10-20,Friday,Morning,70522,18268,Bank Branch,0,0,89304,Clear,5,62471,2023,10,October,4,52254,78.96846725790559,Normal
ATM_0010,2022-04-10,Sunday,Afternoon,47172,7943,Supermarket,0,0,86569,Cloudy,2,34989,2022,4,April,2,39229,54.490637526135224,Normal
ATM_0016,2023-02-17,Friday,Morning,22377,9829,Standalone,0,0,142315,Snowy,2,18619,2023,2,February,1,12548,15.723570951761937,Normal
ATM_0032,2023-01-17,Tuesday,Evening,63599,11401,Mall,0,0,105849,Snowy,1,45883,2023,1,January,1,52198,60.08464888662151,Normal
ATM_0037,2022-01-01,Saturday,Night,44563,14230,Supermarket,1,1,65170,Clear,5,41375,2022,1,January,1,30333,68.379622525702,Normal
ATM_0020,2023-01-03,Tuesday,Afternoon,64439,8230,Supermarket,0,0,75362,Cloudy,0,52613,2023,1,January,1,56209,85.50595790982193,Normal
ATM_0025,2022-03-10,Thursday,Morning,58689,13603,Gas Station,0,0,54298,Cloudy,1,53018,2022,3,March,1,45086,108.08685402777267,Normal
ATM_0015,2023-04-09,Sunday,Evening,46644,688,Standalone,0,0,86022,Clear,0,38024,2023,4,April,2,45956,54.22333821580526,Normal
ATM_0026,2022-11-22,Tuesday,Afternoon,36148,10894,Gas Station,0,0,98610,Rainy,3,27709,2022,11,November,4,25254,36.65753980326539,Normal
ATM_0043,2023-07-28,Friday,Morning,56865,15825,Standalone,0,0,92224,Clear,1,43157,2023,7,July,3,41040,61.6596547536433,Normal
ATM_0023,2022-08-14,Sunday,Morning,31071,10696,Supermarket,0,0,87333,Cloudy,5,23190,2022,8,August,3,20375,35.57761670846072,Normal
ATM_0026,2023-09-23,Saturday,Afternoon,40747,14233,Supermarket,0,0,119693,Snowy,2,31538,2023,9,September,3,26514,34.04292648692906,Normal
ATM_0020,2023-04-16,Sunday,Night,61757,10657,Bank Branch,0,0,96492,Clear,4,49999,2023,4,April,2,51100,64.0021970733325,Normal
ATM_0019,2023-11-23,Thursday,Afternoon,68154,8131,Bank Branch,0,0,107399,Snowy,1,50110,2023,11,November,4,60023,63.45869142170783,Normal
ATM_0014,2022-11-05,Saturday,Morning,37939,6703,Mall,0,0,95276,Cloudy,5,36940,2022,11,November,4,31236,39.82010159956337,Normal
ATM_0009,2022-11-12,Saturday,Morning,37940,13989,Standalone,0,0,73039,Cloudy,4,24016,2022,11,November,4,23951,51.94485138076917,Normal
ATM_0007,2022-12-02,Friday,Evening,51488,7794,Standalone,0,0,105113,Clear,3,39792,2022,12,December,4,43694,48.98347492698334,Normal
ATM_0012,2023-05-26,Friday,Night,60153,9453,Mall,0,0,100273,Rainy,2,46588,2023,5,May,2,50700,59.989229403727826,Normal
ATM_0029,2022-03-04,Friday,Afternoon,53774,7565,Bank Branch,0,0,86622,Rainy,4,54478,2022,3,March,1,46209,62.078917595991776,Normal
ATM_0022,2023-11-23,Thursday,Evening,58590,4344,Standalone,0,0,87991,Rainy,0,50710,2023,11,November,4,54246,66.58635542271368,Normal
ATM_0021,2023-10-18,Wednesday,Afternoon,55591,16724,Supermarket,0,0,87732,Clear,2,46441,2023,10,October,4,38867,63.36456481101537,Normal
ATM_0002,2022-05-24,Tuesday,Night,38998,5550,Gas Station,0,0,94477,Clear,3,27514,2022,5,May,2,33448,41.27777130941922,Normal
ATM_0011,2022-04-12,Tuesday,Night,33670,11802,Standalone,0,1,127938,Rainy,1,23990,2022,4,April,2,21868,26.317435007581796,Normal
ATM_0002,2022-11-06,Sunday,Morning,62262,12446,Gas Station,0,0,60679,Rainy,0,52317,2022,11,November,4,49816,102.60881029680779,Normal
ATM_0023,2023-12-02,Saturday,Afternoon,56650,13446,Supermarket,0,0,96812,Cloudy,3,53831,2023,12,December,4,43204,58.51547328843532,Normal
ATM_0039,2022-08-03,Wednesday,Night,75645,13876,Mall,0,0,92576,Rainy,2,77043,2022,8,August,3,61769,81.71124265468373,Normal
ATM_0049,2022-02-03,Thursday,Afternoon,35847,8064,Mall,0,0,94192,Rainy,4,29868,2022,2,February,1,27783,38.05737217598097,Normal
ATM_0003,2022-11-06,Sunday,Evening,67251,2698,Mall,0,0,85856,Clear,3,75956,2022,11,November,4,64553,78.32999440924338,High Risk
ATM_0007,2023-11-19,Sunday,Morning,51120,4994,Mall,0,0,132007,Rainy,1,44663,2023,11,November,4,46126,38.72521911716803,Normal
ATM_0024,2023-09-26,Tuesday,Afternoon,76758,9978,Gas Station,0,0,151787,Clear,4,76743,2023,9,September,3,66780,50.56954811676889,Normal
ATM_0004,2022-01-03,Monday,Morning,52170,16388,Mall,0,0,110214,Snowy,3,50260,2022,1,January,1,35782,47.33518427785944,Normal
ATM_0007,2023-01-21,Saturday,Afternoon,37757,10760,Bank Branch,0,0,77813,Cloudy,5,34677,2023,1,January,1,26997,48.52274041612584,Normal
ATM_0046,2023-11-25,Saturday,Evening,23286,14629,Gas Station,0,0,98361,Snowy,2,13173,2023,11,November,4,8657,23.674017140940006,Normal
ATM_0039,2022-11-13,Sunday,Morning,76204,7154,Gas Station,0,0,61643,Rainy,1,76892,2022,11,November,4,69050,123.62149798030595,High Risk
ATM_0001,2022-10-20,Thursday,Evening,17268,6825,Bank Branch,0,0,109219,Rainy,0,10896,2022,10,October,4,10443,15.810435913165291,Normal
ATM_0025,2023-10-29,Sunday,Night,57177,12694,Gas Station,0,1,82785,Clear,2,47815,2023,10,October,4,44483,69.06685993839463,Normal
ATM_0022,2023-01-21,Saturday,Evening,70313,20558,Gas Station,0,0,110455,Rainy,3,59340,2023,1,January,1,49755,63.65759811688017,Normal
ATM_0001,2022-05-02,Monday,Evening,40242,16249,Standalone,0,0,89962,Clear,0,21415,2022,5,May,2,23993,44.732220270781,Normal
ATM_0043,2023-04-08,Saturday,Night,41830,8640,Gas Station,0,1,87558,Cloudy,2,42791,2023,4,April,2,33190,47.77404691747185,Normal
ATM_0004,2022-12-19,Monday,Afternoon,42631,13372,Gas Station,0,0,94496,Cloudy,0,40302,2022,12,December,4,29259,45.114078902810704,Normal
ATM_0009,2022-01-28,Friday,Afternoon,45078,11949,Supermarket,0,0,92735,Snowy,3,31841,2022,1,January,1,33129,48.609478621879546,Normal
ATM_0036,2022-02-26,Saturday,Night,40175,2659,Mall,0,0,119663,Clear,1,44007,2022,2,February,1,37516,33.57345211134603,Normal
ATM_0009,2022-09-09,Friday,Morning,50185,7612,Mall,0,0,72512,Cloudy,0,53613,2022,9,September,3,42573,69.20923433362753,Normal
ATM_0025,2023-10-07,Saturday,Night,46057,17368,Gas Station,0,0,50276,Rainy,1,33717,2023,10,October,4,28689,91.60832206221656,Normal
ATM_0010,2022-07-23,Saturday,Night,66800,0,Mall,0,0,125677,Rainy,0,62532,2022,7,July,3,66800,53.15212807434933,Normal
ATM_0009,2023-01-23,Monday,Evening,47441,12037,Supermarket,0,0,112788,Rainy,3,41305,2023,1,January,1,35404,42.0620988048374,Normal
ATM_0006,2022-03-27,Sunday,Evening,63392,14079,Bank Branch,0,0,105058,Rainy,0,43514,2022,3,March,1,49313,60.34000266519446,Normal
ATM_0003,2022-01-30,Sunday,Afternoon,38734,14477,Gas Station,0,0,116744,Rainy,4,34361,2022,1,January,1,24257,33.178578770643455,Normal
ATM_0049,2023-07-05,Wednesday,Afternoon,60856,4193,Bank Branch,0,0,121547,Clear,1,63607,2023,7,July,3,56663,50.06787497840342,Normal
ATM_0010,2022-09-23,Friday,Night,27178,18817,Standalone,0,0,92770,Cloudy,3,7362,2022,9,September,3,8361,29.296108655815456,Normal
ATM_0040,2022-08-02,Tuesday,Afternoon,44307,9638,Gas Station,0,0,85247,Snowy,0,42941,2022,8,August,3,34669,51.974849554823045,Normal
ATM_0032,2023-11-06,Monday,Afternoon,36476,6159,Gas Station,0,0,72544,Clear,2,29002,2023,11,November,4,30317,50.28120864578739,Normal
ATM_0014,2023-06-21,Wednesday,Afternoon,42441,6341,Mall,0,0,103878,Snowy,5,40096,2023,6,June,2,36100,40.856581759371565,Normal
ATM_0002,2023-02-02,Thursday,Evening,47562,11676,Bank Branch,0,0,118875,Cloudy,2,31152,2023,2,February,1,35886,40.01009463722397,Normal
ATM_0012,2023-03-18,Saturday,Night,63868,20120,Bank Branch,0,0,98004,Snowy,0,42167,2023,3,March,1,43748,65.16876862168891,Normal
ATM_0010,2023-05-15,Monday,Afternoon,24097,14108,Standalone,0,0,53038,Snowy,1,14961,2023,5,May,2,9989,45.43346280025642,Normal
ATM_0016,2023-05-16,Tuesday,Evening,49914,841,Gas Station,0,0,81977,Cloudy,4,41297,2023,5,May,2,49073,60.88780999548654,Normal
ATM_0031,2023-02-25,Saturday,Evening,41756,9595,Supermarket,0,0,74808,Snowy,4,35159,2023,2,February,1,32161,55.817559619292055,Normal
ATM_0028,2022-06-13,Monday,Afternoon,55357,6998,Standalone,0,0,120325,Snowy,5,48410,2022,6,June,2,48359,46.00623311863703,Normal
ATM_0024,2022-05-04,Wednesday,Morning,70860,8419,Standalone,0,0,80677,Rainy,2,62691,2022,5,May,2,62441,87.83172403535085,High Risk
ATM_0001,2023-02-28,Tuesday,Afternoon,76188,13435,Supermarket,0,0,105484,Cloudy,4,56434,2023,2,February,1,62753,72.22706761214971,Normal
ATM_0022,2022-04-23,Saturday,Afternoon,45941,13116,Mall,0,0,97544,Rainy,3,25782,2022,4,April,2,32825,47.09772000328057,Normal
ATM_0027,2023-12-30,Saturday,Night,63534,11918,Bank Branch,0,0,82437,Rainy,5,69053,2023,12,December,4,51616,77.06976236398705,High Risk
ATM_0021,2023-12-21,Thursday,Morning,30212,9214,Supermarket,0,0,89515,Rainy,2,21556,2023,12,December,4,20998,33.75076802770485,Normal
ATM_0044,2022-10-03,Monday,Afternoon,55044,15265,Mall,0,0,102964,Clear,2,47211,2022,10,October,4,39779,53.459461559379974,Normal
ATM_0028,2023-11-04,Saturday,Evening,70683,11468,Mall,0,0,111859,Rainy,2,64441,2023,11,November,4,59215,63.189372334814365,Normal
ATM_0032,2023-04-18,Tuesday,Morning,38716,6042,Standalone,0,1,76362,Cloudy,5,49182,2023,4,April,2,32674,50.70061025117205,Normal
ATM_0037,2023-04-20,Thursday,Afternoon,52633,14377,Standalone,0,0,98172,Snowy,5,51879,2023,4,April,2,38256,53.61304648983417,Normal
ATM_0042,2022-02-23,Wednesday,Night,34201,7964,Mall,0,0,112145,Rainy,0,27829,2022,2,February,1,26237,30.497124258772125,Normal
ATM_0019,2023-04-09,Sunday,Afternoon,49580,14146,Bank Branch,0,0,82877,Rainy,5,32466,2023,4,April,2,35434,59.823594000748095,Normal
ATM_0004,2023-08-05,Saturday,Evening,35679,5983,Standalone,0,0,136609,Cloudy,3,39194,2023,8,August,3,29696,26.117605721438558,Normal
ATM_0026,2023-04-01,Saturday,Morning,82579,8231,Gas Station,0,0,101834,Rainy,5,64669,2023,4,April,2,74348,81.09177681324509,Normal
ATM_0009,2023-06-17,Saturday,Night,47182,15537,Bank Branch,0,0,126112,Clear,1,38186,2023,6,June,2,31645,37.41277594519158,Normal
ATM_0010,2022-01-28,Friday,Morning,30397,18791,Supermarket,0,0,108804,Snowy,1,14706,2022,1,January,1,11606,27.93739200764678,Normal
ATM_0025,2022-09-17,Saturday,Afternoon,37649,12625,Bank Branch,0,1,120838,Rainy,3,37669,2022,9,September,3,25024,31.156589814462336,Normal
ATM_0029,2023-11-23,Thursday,Night,74085,5623,Mall,0,1,101456,Rainy,5,89492,2023,11,November,4,68462,73.02180255480208,Normal
ATM_0035,2023-09-12,Tuesday,Night,75662,16164,Gas Station,0,0,93265,Clear,5,64753,2023,9,September,3,59498,81.12582426419343,Normal
ATM_0014,2023-01-26,Thursday,Morning,51577,6836,Standalone,0,0,103448,Snowy,4,53519,2023,1,January,1,44741,49.857899621065656,Normal
ATM_0019,2023-03-22,Wednesday,Afternoon,53698,3727,Mall,0,0,86689,Snowy,3,46800,2023,3,March,1,49971,61.94326846543391,Normal
ATM_0018,2023-08-05,Saturday,Morning,63547,0,Mall,0,0,65373,Rainy,2,53262,2023,8,August,3,63547,97.2067979135117,Normal
ATM_0040,2023-01-14,Saturday,Morning,42515,11434,Supermarket,0,1,126505,Snowy,0,39240,2023,1,January,1,31081,33.607367297735266,Normal
ATM_0042,2022-01-01,Saturday,Morning,50864,8767,Mall,1,0,111591,Snowy,3,42094,2022,1,January,1,42097,45.58073679777043,Normal
ATM_0008,2023-05-02,Tuesday,Evening,36936,10412,Supermarket,0,0,97403,Clear,4,32536,2023,5,May,2,26524,37.92080326067986,Normal
ATM_0004,2022-08-10,Wednesday,Morning,52378,15877,Standalone,0,0,67887,Clear,0,47991,2022,8,August,3,36501,77.15468351819936,Normal
ATM_0019,2022-03-04,Friday,Evening,48859,13769,Bank Branch,0,0,110157,Cloudy,3,45643,2022,3,March,1,35090,44.353967519086396,Normal
ATM_0033,2022-12-15,Thursday,Morning,27048,1323,Bank Branch,0,0,74482,Rainy,4,25534,2022,12,December,4,25725,36.314814317553235,Normal
ATM_0041,2023-11-02,Thursday,Morning,49497,16613,Standalone,0,0,102622,Rainy,3,39616,2023,11,November,4,32884,48.23234783964452,Normal
ATM_0020,2023-04-15,Saturday,Evening,66387,12997,Standalone,0,0,121981,Rainy,0,48291,2023,4,April,2,53390,54.42404964707619,Normal
ATM_0040,2023-10-17,Tuesday,Morning,29506,18587,Mall,0,1,112787,Snowy,3,22482,2023,10,October,4,10919,26.160816406146097,Normal
ATM_0019,2023-04-04,Tuesday,Morning,92705,7661,Gas Station,0,0,85506,Cloudy,4,82983,2023,4,April,2,85044,108.41929221341194,High Risk
ATM_0017,2022-02-06,Sunday,Morning,47857,10622,Supermarket,0,0,101933,Cloudy,5,31160,2022,2,February,1,37235,46.94946680662788,Normal
ATM_0007,2023-02-19,Sunday,Afternoon,47940,9099,Gas Station,0,0,99848,Cloudy,0,48055,2023,2,February,1,38841,48.012979729188366,Normal
ATM_0007,2023-01-10,Tuesday,Night,64152,18803,Gas Station,0,1,83191,Cloudy,0,49280,2023,1,January,1,45349,77.11411090141964,Normal
ATM_0006,2023-08-06,Sunday,Night,52806,7308,Gas Station,0,0,104795,Rainy,5,48053,2023,8,August,3,45498,50.38980867407796,Normal
ATM_0013,2022-06-13,Monday,Night,66554,7699,Mall,0,0,109208,Clear,5,47241,2022,6,June,2,58855,60.94242180060069,Normal
ATM_0021,2022-01-29,Saturday,Evening,36552,15981,Supermarket,0,0,118265,Rainy,2,18678,2022,1,January,1,20571,30.90686170887414,Normal
ATM_0023,2023-10-22,Sunday,Morning,58525,6901,Supermarket,0,0,115048,Snowy,3,43646,2023,10,October,4,51624,50.8700716222794,Normal
ATM_0046,2022-06-03,Friday,Evening,38484,17228,Bank Branch,0,0,93528,Rainy,1,23645,2022,6,June,2,21256,41.14703618167822,Normal
ATM_0038,2023-11-03,Friday,Afternoon,57528,10343,Standalone,0,0,121083,Cloudy,5,44962,2023,11,November,4,47185,47.51121131785634,Normal
ATM_0010,2022-04-07,Thursday,Night,42249,8834,Gas Station,0,0,128957,Clear,0,27314,2022,4,April,2,33415,32.76208348519274,Normal
ATM_0044,2022-12-05,Monday,Evening,45813,13527,Gas Station,0,0,103110,Cloudy,4,33250,2022,12,December,4,32286,44.43118999127146,Normal
ATM_0014,2022-01-05,Wednesday,Afternoon,20020,5843,Mall,0,0,115878,Snowy,1,16776,2022,1,January,1,14177,17.276791107889334,Normal
ATM_0011,2023-04-19,Wednesday,Afternoon,69856,9367,Gas Station,0,0,115498,Cloudy,4,77706,2023,4,April,2,60489,60.482432596235434,Normal
ATM_0036,2023-10-25,Wednesday,Afternoon,54294,19022,Standalone,0,0,98031,Snowy,5,42102,2023,10,October,4,35272,55.38452122287848,Normal
ATM_0046,2022-03-04,Friday,Afternoon,70145,14370,Standalone,0,0,114708,Snowy,2,49343,2022,3,March,1,55775,61.15092234194651,Normal
ATM_0028,2022-04-20,Wednesday,Afternoon,19827,14645,Mall,0,0,97449,Cloudy,1,10947,2022,4,April,2,5182,20.34602715266447,Normal
ATM_0001,2023-07-03,Monday,Night,43341,10167,Bank Branch,0,0,73939,Clear,5,38527,2023,7,July,3,33174,58.617238534467596,Normal
ATM_0030,2022-08-18,Thursday,Afternoon,63075,10951,Gas Station,0,0,123016,Cloudy,3,67873,2022,8,August,3,52124,51.273818039929765,Normal
ATM_0048,2022-04-29,Friday,Morning,48704,9728,Supermarket,0,0,81659,Snowy,1,43484,2022,4,April,2,38976,59.643150173281576,Normal
ATM_0045,2023-05-08,Monday,Night,66969,3037,Bank Branch,0,0,103115,Clear,0,54615,2023,5,May,2,63932,64.94593415119041,Normal
ATM_0029,2022-03-26,Saturday,Afternoon,48499,11906,Mall,0,0,116363,Rainy,5,34178,2022,3,March,1,36593,41.67905605733782,Normal
ATM_0018,2022-05-25,Wednesday,Afternoon,47641,14684,Standalone,0,0,109268,Cloudy,1,46192,2022,5,May,2,32957,43.60013910751547,Normal
ATM_0044,2022-02-23,Wednesday,Evening,51090,7658,Gas Station,0,0,116430,Cloudy,3,44010,2022,2,February,1,43432,43.8804431847462,Normal
ATM_0007,2023-09-26,Tuesday,Night,59166,4335,Mall,0,0,68539,Cloudy,0,53891,2023,9,September,3,54831,86.32457432994354,High Risk
ATM_0025,2023-01-09,Monday,Night,50946,13782,Standalone,0,0,95904,Cloudy,3,36245,2023,1,January,1,37164,53.121871871871875,Normal
ATM_0027,2022-10-31,Monday,Morning,48590,11997,Supermarket,0,0,76589,Cloudy,4,34605,2022,10,October,4,36593,63.44253091174973,Normal
ATM_0016,2022-07-19,Tuesday,Evening,65476,9811,Standalone,0,0,107719,Snowy,1,67546,2022,7,July,3,55665,60.78407708946425,Normal
ATM_0011,2022-10-16,Sunday,Afternoon,41149,2600,Gas Station,0,0,105569,Snowy,1,31906,2022,10,October,4,38549,38.978298553552655,Normal
ATM_0050,2023-04-15,Saturday,Afternoon,83168,8065,Bank Branch,0,0,131384,Clear,4,82713,2023,4,April,2,75103,63.30146745418011,Normal
ATM_0005,2022-09-22,Thursday,Afternoon,61572,9957,Supermarket,0,0,94045,Cloudy,0,53894,2022,9,September,3,51615,65.47078526237439,Normal
ATM_0024,2023-12-11,Monday,Evening,60891,7419,Gas Station,0,0,96204,Cloudy,0,55082,2023,12,December,4,53472,63.293626044655106,Normal
ATM_0049,2022-04-27,Wednesday,Evening,41083,4274,Gas Station,0,0,63481,Clear,0,33410,2022,4,April,2,36809,64.71700193758763,Normal
ATM_0022,2022-02-08,Tuesday,Morning,55453,9925,Mall,0,0,76590,Rainy,3,57433,2022,2,February,1,45528,72.4024024024024,High Risk
ATM_0001,2022-02-01,Tuesday,Morning,41972,18452,Bank Branch,0,0,83257,Rainy,5,23665,2022,2,February,1,23520,50.41257792137598,Normal
ATM_0017,2023-04-25,Tuesday,Evening,54252,9057,Supermarket,0,0,71422,Rainy,1,45207,2023,4,April,2,45195,75.95978830052364,Normal
ATM_0021,2022-10-23,Sunday,Afternoon,58060,13363,Standalone,0,0,87434,Clear,4,43340,2022,10,October,4,44697,66.4043735846467,Normal
ATM_0012,2022-04-21,Thursday,Evening,47037,20639,Supermarket,0,0,85102,Clear,2,35900,2022,4,April,2,26398,55.27132147305587,Normal
ATM_0025,2022-09-06,Tuesday,Night,83125,445,Gas Station,0,0,97179,Rainy,1,98745,2022,9,September,3,82680,85.53802776319986,Normal
ATM_0002,2022-08-01,Monday,Morning,57143,6409,Gas Station,0,0,88005,Cloudy,3,44297,2022,8,August,3,50734,64.93153798079655,Normal
ATM_0024,2022-05-30,Monday,Afternoon,49329,8056,Standalone,0,0,90599,Snowy,2,43617,2022,5,May,2,41273,54.447620834667056,Normal
ATM_0038,2022-06-20,Monday,Night,54807,21586,Bank Branch,0,0,78277,Clear,0,35361,2022,6,June,2,33221,70.01673543952886,Normal
ATM_0045,2023-11-23,Thursday,Afternoon,40955,3396,Mall,0,0,102793,Clear,0,37603,2023,11,November,4,37559,39.842207154183654,Normal
ATM_0020,2023-11-14,Tuesday,Night,71800,15051,Mall,0,0,106817,Clear,4,63015,2023,11,November,4,56749,67.21776496250597,Normal
ATM_0050,2022-12-13,Tuesday,Evening,72683,9815,Bank Branch,0,0,45170,Cloudy,0,59235,2022,12,December,4,62868,160.90989594863848,High Risk
ATM_0026,2023-10-30,Monday,Afternoon,55823,1603,Mall,0,0,119502,Rainy,1,48615,2023,10,October,4,54220,46.71302572341885,Normal
ATM_0021,2023-03-07,Tuesday,Afternoon,49465,6778,Gas Station,0,0,102000,Rainy,0,42866,2023,3,March,1,42687,48.495098039215684,Normal
ATM_0006,2022-03-01,Tuesday,Morning,46959,12213,Mall,0,0,100838,Rainy,0,41514,2022,3,March,1,34746,46.568753842797356,Normal
ATM_0036,2023-03-31,Friday,Morning,60965,14262,Mall,0,0,96680,Snowy,4,60438,2023,3,March,1,46703,63.058543649151844,Normal
ATM_0003,2022-06-27,Monday,Afternoon,53302,9448,Standalone,0,0,104447,Snowy,0,53125,2022,6,June,2,43854,51.032581117696054,Normal
ATM_0022,2023-07-11,Tuesday,Afternoon,52409,9909,Supermarket,0,0,158763,Rainy,0,46732,2023,7,July,3,42500,33.01084005719216,Normal
ATM_0017,2023-12-25,Monday,Afternoon,40000,6621,Gas Station,1,0,113881,Clear,1,38214,2023,12,December,4,33379,35.12438422563904,Normal
ATM_0050,2023-03-04,Saturday,Night,33703,12457,Bank Branch,0,0,110085,Clear,4,21609,2023,3,March,1,21246,30.615433528636967,Normal
ATM_0006,2022-05-24,Tuesday,Afternoon,45272,6465,Gas Station,0,0,96600,Snowy,4,38237,2022,5,May,2,38807,46.86542443064182,Normal
ATM_0020,2023-04-15,Saturday,Evening,45381,13470,Gas Station,0,0,125642,Snowy,5,37970,2023,4,April,2,31911,36.119291319781595,Normal
ATM_0015,2022-03-17,Thursday,Morning,41790,16093,Mall,0,1,92996,Rainy,5,38653,2022,3,March,1,25697,44.93741666308229,Normal
ATM_0050,2022-09-08,Thursday,Morning,34793,6382,Supermarket,0,0,93975,Rainy,4,22687,2022,9,September,3,28411,37.02367650971003,Normal
ATM_0029,2023-09-26,Tuesday,Evening,44916,10707,Bank Branch,0,0,114063,Clear,5,44697,2023,9,September,3,34209,39.37823834196891,Normal
ATM_0020,2022-05-24,Tuesday,Night,50222,14677,Supermarket,0,0,96228,Cloudy,5,38612,2022,5,May,2,35545,52.19063058569231,Normal
ATM_0023,2023-10-26,Thursday,Morning,48816,6082,Mall,0,0,82348,Cloudy,3,54711,2023,10,October,4,42734,59.280128236265604,High Risk
ATM_0031,2023-12-08,Friday,Morning,61636,4583,Supermarket,0,0,93617,Cloudy,1,67825,2023,12,December,4,57053,65.83846950874307,Normal
ATM_0043,2023-06-28,Wednesday,Afternoon,65230,7044,Gas Station,0,1,78976,Cloudy,4,70268,2023,6,June,2,58186,82.59471231766614,High Risk
ATM_0034,2023-11-12,Sunday,Evening,32946,13735,Mall,0,0,80001,Cloudy,5,21666,2023,11,November,4,19211,41.18198522518469,Normal
ATM_0011,2023-04-16,Sunday,Night,69760,4576,Bank Branch,0,0,115462,Rainy,3,75194,2023,4,April,2,65184,60.41814622992846,Normal
ATM_0028,2023-03-22,Wednesday,Night,41393,19937,Supermarket,0,0,102360,Clear,4,21592,2023,3,March,1,21456,40.438647909339586,Normal
ATM_0045,2023-12-06,Wednesday,Afternoon,31745,17954,Gas Station,0,0,86793,Clear,3,11483,2023,12,December,4,13791,36.57553028470038,Normal
ATM_0021,2022-06-23,Thursday,Afternoon,40769,448,Supermarket,0,1,111963,Clear,3,44327,2022,6,June,2,40321,36.4129221260595,Normal
ATM_0019,2023-08-18,Friday,Afternoon,69487,14016,Standalone,0,0,67075,Clear,1,52741,2023,8,August,3,55471,103.59597465523666,Normal
ATM_0021,2022-12-16,Friday,Night,33450,11242,Gas Station,0,0,79237,Cloudy,2,23461,2022,12,December,4,22208,42.21512677158398,Normal
ATM_0039,2023-05-23,Tuesday,Night,39393,18212,Standalone,0,0,100872,Rainy,4,16770,2023,5,May,2,21181,39.0524625267666,Normal
ATM_0024,2023-06-29,Thursday,Morning,30605,4913,Standalone,0,0,119832,Clear,5,24826,2023,6,June,2,25692,25.53992255824821,Normal
ATM_0019,2022-05-08,Sunday,Night,59015,11482,Mall,0,0,108531,Cloudy,2,37528,2022,5,May,2,47533,54.376169020832755,Normal
ATM_0031,2023-07-19,Wednesday,Afternoon,60429,15636,Supermarket,0,0,85654,Rainy,4,51302,2023,7,July,3,44793,70.55012025124337,Normal
ATM_0023,2023-02-10,Friday,Evening,48287,13492,Mall,0,0,66919,Cloudy,0,33240,2023,2,February,1,34795,72.1573843004229,Normal
ATM_0042,2022-04-27,Wednesday,Evening,45389,16219,Supermarket,0,0,106560,Clear,5,31625,2022,4,April,2,29170,42.59478228228228,Normal
ATM_0024,2022-02-14,Monday,Morning,55092,14706,Supermarket,0,0,88217,Snowy,4,52623,2022,2,February,1,40386,62.450548080301985,Normal
ATM_0046,2023-10-16,Monday,Afternoon,34251,11346,Supermarket,0,1,100858,Cloudy,2,25528,2023,10,October,4,22905,33.95962640544131,Normal
ATM_0041,2023-04-20,Thursday,Morning,49959,7407,Bank Branch,0,0,88402,Rainy,4,33916,2023,4,April,2,42552,56.51342729802493,Normal
ATM_0013,2022-01-19,Wednesday,Morning,33824,12413,Mall,0,0,86637,Rainy,2,20056,2022,1,January,1,21411,39.0410563616007,Normal
ATM_0041,2022-01-14,Friday,Morning,64531,8810,Supermarket,0,0,91782,Clear,3,53052,2022,1,January,1,55721,70.30899304874593,Normal
ATM_0018,2022-06-25,Saturday,Morning,45856,17057,Gas Station,0,0,110165,Snowy,1,28217,2022,6,June,2,28799,41.62483547406163,Normal
ATM_0012,2022-06-15,Wednesday,Afternoon,74940,14949,Bank Branch,0,0,130506,Rainy,0,65896,2022,6,June,2,59991,57.422647234609904,Normal
ATM_0041,2023-07-29,Saturday,Morning,64512,8486,Gas Station,0,0,83252,Clear,0,61254,2023,7,July,3,56026,77.49003026954307,High Risk
ATM_0032,2023-10-17,Tuesday,Afternoon,44716,8583,Mall,0,1,125826,Snowy,1,49116,2023,10,October,4,36133,35.537965126444455,Normal
ATM_0025,2023-10-29,Sunday,Night,42576,3578,Bank Branch,0,0,132542,Cloudy,2,40351,2023,10,October,4,38998,32.12264791537777,Normal
ATM_0016,2023-04-26,Wednesday,Evening,66609,12197,Mall,0,0,103892,Snowy,3,49956,2023,4,April,2,54412,64.11369499095214,Normal
ATM_0045,2022-04-05,Tuesday,Evening,38115,7939,Standalone,0,0,139214,Snowy,3,32331,2022,4,April,2,30176,27.37871191115836,Normal
ATM_0044,2023-05-23,Tuesday,Evening,90082,8311,Mall,0,0,84036,Cloudy,1,76393,2023,5,May,2,81771,107.19453567518681,High Risk
ATM_0024,2023-10-24,Tuesday,Evening,82267,19031,Standalone,0,1,114925,Rainy,2,87216,2023,10,October,4,63236,71.58320643898195,Normal
ATM_0022,2022-03-09,Wednesday,Evening,35590,14465,Gas Station,0,0,95227,Cloudy,2,26132,2022,3,March,1,21125,37.37385405399729,Normal
ATM_0033,2022-07-23,Saturday,Evening,37371,5959,Supermarket,0,0,94991,Snowy,4,25271,2022,7,July,3,31412,39.34162183785833,Normal
ATM_0048,2022-08-23,Tuesday,Evening,42525,9828,Supermarket,0,1,98353,Rainy,3,43845,2022,8,August,3,32697,43.23711528880664,Normal
ATM_0032,2022-08-10,Wednesday,Night,35249,5238,Gas Station,0,0,93428,Snowy,1,24107,2022,8,August,3,30011,37.728518217236804,Normal
ATM_0010,2022-01-31,Monday,Night,48374,17294,Gas Station,1,0,105388,Cloudy,0,40701,2022,1,January,1,31080,45.900861578168296,Normal
ATM_0033,2023-09-16,Saturday,Evening,53471,11548,Bank Branch,0,0,61345,Cloudy,4,44948,2023,9,September,3,41923,87.16439807645285,Normal
ATM_0036,2022-08-12,Friday,Evening,46251,3978,Standalone,0,0,108461,Cloudy,4,46232,2022,8,August,3,42273,42.64297766017278,Normal
ATM_0045,2022-12-12,Monday,Morning,29693,13124,Standalone,0,0,71855,Snowy,2,24386,2022,12,December,4,16569,41.32349871268527,Normal
ATM_0004,2023-01-05,Thursday,Morning,45221,4614,Supermarket,0,0,113267,Snowy,3,50538,2023,1,January,1,40607,39.924249781489756,Normal
ATM_0030,2022-06-19,Sunday,Morning,64374,3587,Mall,0,0,116211,Snowy,1,55870,2022,6,June,2,60787,55.3940676872241,Normal
ATM_0049,2023-09-10,Sunday,Afternoon,41466,15479,Supermarket,0,0,106691,Cloudy,3,23945,2023,9,September,3,25987,38.86550880580368,Normal
ATM_0015,2023-05-17,Wednesday,Afternoon,62349,16304,Supermarket,0,0,89342,Snowy,5,43297,2023,5,May,2,46045,69.78688634684694,Normal
ATM_0041,2023-12-04,Monday,Morning,33004,3472,Bank Branch,0,0,78745,Clear,0,26694,2023,12,December,4,29532,41.912502381103565,Normal
ATM_0027,2022-05-22,Sunday,Evening,20918,4322,Supermarket,0,1,112849,Clear,2,26298,2022,5,May,2,16596,18.536274136235146,Normal
ATM_0003,2023-11-24,Friday,Afternoon,30926,9754,Mall,0,0,106850,Snowy,0,25258,2023,11,November,4,21172,28.943378568086104,Normal
ATM_0043,2022-07-09,Saturday,Morning,41880,8859,Standalone,0,0,126341,Rainy,0,26781,2022,7,July,3,33021,33.14838413499972,Normal
ATM_0009,2023-04-21,Friday,Evening,47273,8625,Bank Branch,0,0,107410,Cloudy,4,33640,2023,4,April,2,38648,44.011730751326695,Normal
ATM_0049,2022-12-05,Monday,Afternoon,38508,6954,Mall,0,0,71974,Clear,0,38643,2022,12,December,4,31554,53.50265373607136,Normal
ATM_0010,2022-09-02,Friday,Evening,26143,14355,Supermarket,0,0,52360,Rainy,3,22900,2022,9,September,3,11788,49.92933537051184,Normal
ATM_0023,2022-07-09,Saturday,Night,46324,4489,Standalone,0,0,102874,Cloudy,5,36120,2022,7,July,3,41835,45.029842331395685,Normal
ATM_0025,2022-07-07,Thursday,Evening,43732,12959,Mall,0,0,99616,Snowy,3,33662,2022,7,July,3,30773,43.90057822036621,Normal
ATM_0015,2023-06-26,Monday,Afternoon,50086,10450,Supermarket,0,0,71886,Snowy,2,36073,2023,6,June,2,39636,69.67420638232757,Normal
ATM_0019,2022-12-17,Saturday,Morning,26953,1656,Standalone,0,0,91097,Cloudy,0,22207,2022,12,December,4,25297,29.587143374644608,Normal
ATM_0039,2023-10-03,Tuesday,Morning,39443,10069,Supermarket,0,0,85596,Clear,0,37143,2023,10,October,4,29374,46.08042431889341,Normal
ATM_0031,2023-11-13,Monday,Evening,51060,14391,Standalone,0,0,116784,Snowy,5,41681,2023,11,November,4,36669,43.721742704480064,Normal
ATM_0015,2023-12-07,Thursday,Night,53578,7832,Mall,0,1,92244,Cloudy,1,64181,2023,12,December,4,45746,58.08291054160705,Normal
ATM_0031,2022-07-10,Sunday,Morning,36833,6371,Gas Station,0,0,99255,Rainy,3,35315,2022,7,July,3,30462,37.10946551810992,Normal
ATM_0017,2023-01-30,Monday,Morning,41759,6302,Bank Branch,0,0,86400,Snowy,3,43982,2023,1,January,1,35457,48.332175925925924,Normal
ATM_0024,2023-03-10,Friday,Afternoon,57549,9516,Gas Station,0,0,91431,Clear,1,63302,2023,3,March,1,48033,62.9425468385996,Normal
ATM_0049,2023-03-11,Saturday,Morning,53921,7927,Supermarket,0,0,122530,Clear,4,41663,2023,3,March,1,45994,44.00636578797029,Normal
ATM_0042,2023-03-29,Wednesday,Night,35392,8265,Bank Branch,0,0,66407,Clear,3,31920,2023,3,March,1,27127,53.295586308672284,Normal
ATM_0037,2022-08-28,Sunday,Morning,61762,10144,Supermarket,0,0,82402,Rainy,0,56350,2022,8,August,3,51618,74.95206427028471,High Risk
ATM_0016,2023-09-26,Tuesday,Evening,37994,10612,Mall,0,0,89687,Cloudy,0,26813,2023,9,September,3,27382,42.362884253013256,Normal
ATM_0020,2022-12-10,Saturday,Morning,53432,16759,Standalone,0,0,83273,Rainy,1,36204,2022,12,December,4,36673,64.16485535527721,Normal
ATM_0044,2023-12-22,Friday,Night,62438,5032,Gas Station,0,0,85511,Clear,1,51294,2023,12,December,4,57406,73.01750651962905,Normal
ATM_0049,2022-08-09,Tuesday,Evening,51961,12705,Bank Branch,0,0,119704,Clear,2,44411,2022,8,August,3,39256,43.40790616854909,Normal
ATM_0033,2022-12-19,Monday,Morning,29024,12050,Standalone,0,0,79239,Clear,1,22076,2022,12,December,4,16974,36.62842792059466,Normal
ATM_0024,2023-09-15,Friday,Afternoon,54056,10109,Gas Station,0,0,105623,Clear,5,36568,2023,9,September,3,43947,51.17824716207644,Normal
ATM_0010,2023-07-21,Friday,Afternoon,48638,8309,Bank Branch,0,0,88479,Snowy,1,43399,2023,7,July,3,40329,54.97123611252388,Normal
ATM_0031,2023-01-06,Friday,Evening,58329,16626,Gas Station,0,0,115969,Rainy,4,47027,2023,1,January,1,41703,50.297062145918304,Normal
ATM_0040,2022-03-07,Monday,Morning,52719,8324,Standalone,0,0,77338,Clear,5,52866,2022,3,March,1,44395,68.16700716336082,Normal
ATM_0019,2023-10-06,Friday,Evening,27707,12463,Bank Branch,0,0,106490,Rainy,5,22301,2023,10,October,4,15244,26.01840548408301,Normal
ATM_0020,2022-09-12,Monday,Night,32489,5611,Supermarket,0,0,103415,Clear,0,34393,2022,9,September,3,26878,31.41613885799932,Normal
ATM_0044,2023-10-31,Tuesday,Afternoon,37158,10450,Supermarket,0,0,103374,Clear,5,35774,2023,10,October,4,26708,35.94520865981775,Normal
ATM_0042,2022-04-20,Wednesday,Evening,53452,20958,Mall,0,0,151225,Clear,5,35633,2022,4,April,2,32494,35.34600760456274,Normal
ATM_0030,2023-09-12,Tuesday,Afternoon,58932,10931,Gas Station,0,1,121220,Snowy,0,66182,2023,9,September,3,48001,48.6157399769015,Normal
ATM_0029,2022-08-07,Sunday,Afternoon,54273,16343,Supermarket,0,0,72268,Cloudy,1,44261,2022,8,August,3,37930,75.09962915813362,Normal
ATM_0044,2023-09-22,Friday,Morning,51476,8870,Mall,0,0,108684,Cloudy,1,45339,2023,9,September,3,42606,47.362997313311986,Normal
ATM_0040,2022-06-09,Thursday,Afternoon,64941,5738,Mall,0,0,97052,Rainy,3,72842,2022,6,June,2,59203,66.91361332069407,Normal
ATM_0037,2022-03-19,Saturday,Evening,55822,20251,Gas Station,0,0,90769,Cloudy,3,48989,2022,3,March,1,35571,61.498969912635374,Normal
ATM_0050,2023-05-11,Thursday,Morning,55771,21773,Mall,0,0,88295,Cloudy,3,30010,2023,5,May,2,33998,63.1643920946826,Normal
ATM_0001,2023-03-29,Wednesday,Evening,51231,6098,Standalone,0,0,120936,Clear,2,52033,2023,3,March,1,45133,42.362075808692204,Normal
ATM_0013,2022-02-27,Sunday,Evening,52209,10898,Standalone,0,0,119056,Clear,1,48060,2022,2,February,1,41311,43.85247278591587,Normal
ATM_0001,2022-05-15,Sunday,Night,61600,7883,Supermarket,0,0,74819,Cloudy,4,59121,2022,5,May,2,53717,82.3320279608121,High Risk
ATM_0040,2022-02-05,Saturday,Afternoon,49375,7857,Standalone,0,0,74338,Clear,1,38118,2022,2,February,1,41518,66.4195969759746,Normal
ATM_0039,2022-11-20,Sunday,Night,56696,9474,Gas Station,0,0,84934,Clear,1,59142,2022,11,November,4,47222,66.75300821814587,High Risk
ATM_0042,2022-02-18,Friday,Evening,66563,1375,Mall,0,0,51514,Rainy,2,63338,2022,2,February,1,65188,129.21341771169003,High Risk
ATM_0027,2023-12-03,Sunday,Night,58645,0,Standalone,0,0,131857,Clear,4,55332,2023,12,December,4,58645,44.47621286696952,Normal
ATM_0046,2022-05-30,Monday,Afternoon,52558,12519,Gas Station,0,0,101703,Clear,0,38245,2022,5,May,2,40039,51.677924938300734,Normal
ATM_0005,2022-09-07,Wednesday,Afternoon,57098,15510,Gas Station,0,0,86976,Clear,2,58796,2022,9,September,3,41588,65.64799484915379,Normal
ATM_0007,2022-09-07,Wednesday,Afternoon,53633,560,Standalone,0,0,114050,Clear,4,51677,2022,9,September,3,53073,47.025865848312144,Normal
ATM_0020,2022-06-13,Monday,Afternoon,48629,14402,Mall,0,0,100628,Rainy,2,33456,2022,6,June,2,34227,48.32551576102079,Normal
ATM_0016,2022-06-27,Monday,Morning,52476,9566,Supermarket,0,0,100833,Clear,5,46571,2022,6,June,2,42910,52.04248609086311,Normal
ATM_0025,2023-06-20,Tuesday,Morning,73528,7904,Gas Station,0,0,75254,Clear,1,60827,2023,6,June,2,65624,97.70643420947724,High Risk
ATM_0035,2023-08-02,Wednesday,Morning,47728,10695,Gas Station,0,1,85794,Cloudy,4,51101,2023,8,August,3,37033,55.63092990185794,Normal
ATM_0001,2023-04-23,Sunday,Evening,27002,1292,Gas Station,0,0,113417,Rainy,0,24423,2023,4,April,2,25710,23.807718419637265,Normal
ATM_0003,2022-01-24,Monday,Evening,21037,7569,Bank Branch,1,0,108561,Clear,0,21341,2022,1,January,1,13468,19.378045522793634,Normal
ATM_0031,2022-01-10,Monday,Night,66303,5344,Mall,0,0,76058,Snowy,4,65934,2022,1,January,1,60959,87.17426174761367,High Risk
ATM_0024,2022-01-29,Saturday,Evening,90600,10374,Mall,0,0,105470,Cloudy,0,98977,2022,1,January,1,80226,85.90120413387693,Normal
ATM_0034,2023-01-16,Monday,Morning,27768,10785,Mall,0,0,101424,Clear,4,22893,2023,1,January,1,16983,27.37813535257927,Normal
ATM_0017,2023-10-21,Saturday,Evening,36437,9374,Standalone,0,0,141423,Snowy,3,29472,2023,10,October,4,27063,25.7645503206692,Normal
ATM_0039,2023-04-29,Saturday,Afternoon,26790,3952,Supermarket,0,0,83435,Snowy,3,19144,2023,4,April,2,22838,32.10882723077845,Normal
ATM_0008,2023-09-07,Thursday,Afternoon,54729,0,Gas Station,0,0,129553,Clear,1,47120,2023,9,September,3,54729,42.24448681234707,Normal
ATM_0029,2023-04-02,Sunday,Morning,54123,11022,Supermarket,0,0,93546,Rainy,3,50973,2023,4,April,2,43101,57.85709704316593,Normal
ATM_0016,2023-08-22,Tuesday,Evening,52227,5015,Gas Station,0,0,87888,Cloudy,3,53853,2023,8,August,3,47212,59.42449481157838,Normal
ATM_0050,2023-03-28,Tuesday,Afternoon,73786,15278,Mall,0,0,93518,Cloudy,1,65216,2023,3,March,1,58508,78.90031865523216,Normal
ATM_0030,2022-04-11,Monday,Afternoon,26884,6640,Supermarket,0,0,118423,Cloudy,5,25009,2022,4,April,2,20244,22.701671128074782,Normal
ATM_0019,2022-02-17,Thursday,Afternoon,42277,19893,Bank Branch,0,0,115722,Snowy,5,26139,2022,2,February,1,22384,36.53324346278149,Normal
ATM_0025,2022-03-12,Saturday,Evening,76963,7681,Standalone,0,0,108100,Cloudy,1,59713,2022,3,March,1,69282,71.19611470860315,Normal
ATM_0032,2023-03-11,Saturday,Afternoon,35460,14219,Bank Branch,0,0,117980,Clear,0,28051,2023,3,March,1,21241,30.055941685031364,Normal
ATM_0030,2023-03-03,Friday,Morning,85955,7645,Standalone,0,0,110827,Clear,2,86799,2023,3,March,1,78310,77.55781533380855,Normal
ATM_0012,2022-10-30,Sunday,Afternoon,52617,8238,Mall,0,0,101258,Cloudy,1,54097,2022,10,October,4,44379,51.96330166505363,Normal
ATM_0027,2022-09-26,Monday,Night,44370,10877,Mall,0,0,106941,Cloudy,2,39072,2022,9,September,3,33493,41.49016747552389,Normal
ATM_0025,2023-07-06,Thursday,Night,57956,8008,Supermarket,0,0,141700,Cloudy,0,56718,2023,7,July,3,49948,40.90049400141143,Normal
ATM_0014,2023-01-22,Sunday,Afternoon,15661,12707,Mall,0,0,103524,Rainy,3,6312,2023,1,January,1,2954,15.127893048954832,Normal
ATM_0044,2023-09-10,Sunday,Afternoon,58260,14340,Gas Station,0,0,85482,Clear,2,45723,2023,9,September,3,43920,68.15469923492665,Normal
ATM_0037,2022-07-05,Tuesday,Afternoon,54487,9083,Supermarket,0,0,78124,Rainy,3,38146,2022,7,July,3,45404,69.7442527264349,Normal
ATM_0004,2023-01-28,Saturday,Evening,60757,7178,Supermarket,0,0,70042,Clear,0,62374,2023,1,January,1,53579,86.74366808486337,High Risk
ATM_0017,2022-02-21,Monday,Night,41913,10765,Bank Branch,0,0,127647,Clear,4,39973,2022,2,February,1,31148,32.835084255799195,Normal
ATM_0029,2022-06-24,Friday,Afternoon,92594,11780,Supermarket,0,0,117232,Cloudy,0,89171,2022,6,June,2,80814,78.98355397843592,Normal
ATM_0034,2022-07-17,Sunday,Morning,60402,11532,Mall,0,0,94805,Cloudy,5,58846,2022,7,July,3,48870,63.71182954485523,Normal
ATM_0038,2023-02-15,Wednesday,Morning,35413,20668,Gas Station,0,0,102283,Cloudy,4,20989,2023,2,February,1,14745,34.622566799956985,Normal
ATM_0040,2023-06-18,Sunday,Evening,31650,22061,Supermarket,0,0,82308,Snowy,4,10448,2023,6,June,2,9589,38.453127278028866,Normal
ATM_0040,2023-04-05,Wednesday,Morning,57488,7390,Standalone,0,0,77218,Rainy,0,43500,2023,4,April,2,50098,74.448962677096,Normal
ATM_0032,2022-05-08,Sunday,Morning,47070,7305,Standalone,0,0,123693,Cloudy,2,35538,2022,5,May,2,39765,38.0538914894133,Normal
ATM_0027,2022-12-31,Saturday,Morning,43068,10271,Supermarket,1,0,73274,Clear,0,31025,2022,12,December,4,32797,58.776646559489045,Normal
ATM_0028,2022-03-20,Sunday,Night,74389,14337,Bank Branch,0,0,128603,Snowy,3,58720,2022,3,March,1,60052,57.84390721833861,Normal
ATM_0016,2022-04-07,Thursday,Night,73030,5682,Bank Branch,0,0,84356,Rainy,4,72416,2022,4,April,2,67348,86.57356915927735,High Risk
ATM_0030,2023-01-11,Wednesday,Evening,52344,14531,Gas Station,0,0,93763,Cloudy,0,50987,2023,1,January,1,37813,55.82585881424442,Normal
ATM_0027,2023-09-04,Monday,Evening,48048,14446,Supermarket,0,0,116602,Cloudy,4,38040,2023,9,September,3,33602,41.20684036294403,Normal
ATM_0033,2022-03-14,Monday,Morning,58870,9455,Supermarket,0,0,103360,Rainy,4,46710,2022,3,March,1,49415,56.9562693498452,Normal
ATM_0045,2023-12-29,Friday,Morning,56947,8218,Gas Station,0,0,111493,Rainy,5,42540,2023,12,December,4,48729,51.07674921295507,Normal
ATM_0004,2022-04-27,Wednesday,Afternoon,39936,17079,Mall,0,0,120021,Cloudy,3,19265,2022,4,April,2,22857,33.27417701902167,Normal
ATM_0023,2022-07-13,Wednesday,Afternoon,62786,11962,Mall,0,0,104771,Rainy,3,49536,2022,7,July,3,50824,59.92688816561835,Normal
ATM_0008,2022-09-05,Monday,Morning,65642,4748,Gas Station,0,0,84394,Snowy,2,62443,2022,9,September,3,60894,77.78041092968695,High Risk
ATM_0038,2022-02-07,Monday,Morning,59001,9892,Standalone,0,0,89317,Clear,1,56854,2022,2,February,1,49109,66.05797328616053,Normal
ATM_0031,2023-11-20,Monday,Afternoon,66896,10702,Supermarket,0,0,106859,Snowy,2,53609,2023,11,November,4,56194,62.60212055138079,Normal
ATM_0034,2022-12-07,Wednesday,Afternoon,67313,9383,Standalone,0,0,141204,Rainy,5,48636,2022,12,December,4,57930,47.670745871221776,Normal
ATM_0039,2023-08-24,Thursday,Morning,43282,19989,Bank Branch,0,0,80505,Snowy,5,19959,2023,8,August,3,23293,53.763120303086765,Normal
ATM_0014,2023-09-11,Monday,Afternoon,66793,7608,Bank Branch,0,1,105817,Snowy,0,61441,2023,9,September,3,59185,63.121237608323796,Normal
ATM_0029,2022-10-06,Thursday,Morning,40241,18417,Supermarket,0,0,80080,Rainy,2,37833,2022,10,October,4,21824,50.250999000998995,Normal
ATM_0036,2022-03-10,Thursday,Evening,29815,14757,Gas Station,0,0,88167,Rainy,0,15636,2022,3,March,1,15058,33.816507309991266,Normal
ATM_0046,2022-07-06,Wednesday,Afternoon,49891,9615,Gas Station,0,0,125298,Clear,5,42606,2022,7,July,3,40276,39.817874187935956,Normal
ATM_0035,2023-02-09,Thursday,Afternoon,66684,4702,Supermarket,0,0,93490,Snowy,2,58201,2023,2,February,1,61982,71.327414696759,Normal
ATM_0007,2022-08-01,Monday,Evening,55937,9347,Standalone,0,0,95063,Snowy,3,46914,2022,8,August,3,46590,58.842031074129785,Normal
ATM_0014,2022-02-23,Wednesday,Afternoon,62267,11216,Mall,0,0,118039,Cloudy,4,46299,2022,2,February,1,51051,52.75120934606359,Normal
ATM_0026,2023-06-18,Sunday,Evening,43441,6436,Supermarket,0,0,100130,Cloudy,5,35469,2023,6,June,2,37005,43.38460001997404,Normal
ATM_0043,2022-11-10,Thursday,Evening,62026,4968,Supermarket,0,0,96771,Rainy,5,58874,2022,11,November,4,57058,64.09564848973349,Normal
ATM_0018,2022-02-02,Wednesday,Afternoon,48948,18730,Mall,0,0,73046,Rainy,2,40019,2022,2,February,1,30218,67.00982942255564,Normal
ATM_0042,2022-04-06,Wednesday,Night,59301,5933,Gas Station,0,0,133688,Clear,1,55824,2022,4,April,2,53368,44.35775836275507,Normal
ATM_0014,2023-09-29,Friday,Night,50194,8434,Bank Branch,0,1,155664,Cloudy,0,49630,2023,9,September,3,41760,32.24509199301059,Normal
ATM_0031,2023-12-11,Monday,Afternoon,48321,14755,Mall,0,0,119977,Rainy,5,34310,2023,12,December,4,33566,40.275219417054934,Normal
ATM_0019,2022-01-12,Wednesday,Afternoon,6326,3444,Standalone,0,0,117604,Rainy,5,3603,2022,1,January,1,2882,5.379068739158532,Normal
ATM_0011,2022-10-04,Tuesday,Morning,66506,19020,Supermarket,0,0,83394,Rainy,0,37588,2022,10,October,4,47486,79.7491426241696,Normal
ATM_0027,2023-11-21,Tuesday,Afternoon,22136,13284,Bank Branch,0,0,95047,Cloudy,2,12055,2023,11,November,4,8852,23.289530442833545,Normal
ATM_0020,2022-01-15,Saturday,Morning,29387,9609,Supermarket,0,0,114550,Snowy,2,22776,2022,1,January,1,19778,25.6542994325622,Normal
ATM_0018,2022-06-22,Wednesday,Evening,47765,9902,Supermarket,0,0,61410,Snowy,1,34488,2022,6,June,2,37863,77.78049177658362,Normal
ATM_0043,2023-11-16,Thursday,Morning,59885,2194,Bank Branch,0,0,120253,Rainy,2,63867,2023,11,November,4,57691,49.799173409395195,Normal
ATM_0001,2023-12-16,Saturday,Evening,43862,5669,Gas Station,0,0,105574,Clear,0,36225,2023,12,December,4,38193,41.546214029969505,Normal
ATM_0043,2023-06-12,Monday,Night,56080,4307,Mall,0,1,74713,Cloudy,2,71013,2023,6,June,2,51773,75.06056509576646,High Risk
ATM_0001,2023-09-20,Wednesday,Evening,53723,11638,Mall,0,0,101147,Snowy,1,43927,2023,9,September,3,42085,53.113784887342185,Normal
ATM_0040,2023-07-07,Friday,Morning,19890,1260,Bank Branch,0,0,138558,Snowy,2,17662,2023,7,July,3,18630,14.354999350452518,Normal
ATM_0041,2022-05-18,Wednesday,Evening,50001,9709,Standalone,0,1,90932,Clear,4,49419,2022,5,May,2,40292,54.98724321470989,Normal
ATM_0012,2023-01-30,Monday,Morning,41977,1742,Mall,0,0,139474,Rainy,2,45056,2023,1,January,1,40235,30.09664883777622,Normal
ATM_0025,2022-11-24,Thursday,Evening,47550,7685,Bank Branch,0,0,113449,Rainy,0,36701,2022,11,November,4,39865,41.913106329716435,Normal
ATM_0041,2022-06-28,Tuesday,Afternoon,67466,9209,Gas Station,0,0,110370,Cloudy,3,53974,2022,6,June,2,58257,61.12711787623448,Normal
ATM_0038,2023-11-11,Saturday,Night,56163,7073,Supermarket,0,0,93510,Rainy,4,56258,2023,11,November,4,49090,60.060956047481554,Normal
ATM_0023,2022-08-28,Sunday,Afternoon,67803,16725,Supermarket,0,0,93215,Snowy,0,58772,2022,8,August,3,51078,72.73829319315561,Normal
ATM_0005,2023-10-03,Tuesday,Afternoon,54379,12228,Supermarket,0,0,112425,Rainy,2,49213,2023,10,October,4,42151,48.369134978874804,Normal
ATM_0009,2022-10-15,Saturday,Afternoon,63897,14763,Standalone,0,0,124069,Cloudy,5,54310,2022,10,October,4,49134,51.50118079455787,Normal
ATM_0012,2023-06-09,Friday,Afternoon,58012,1744,Standalone,0,0,108301,Rainy,2,54443,2023,6,June,2,56268,53.56552571075059,Normal
ATM_0044,2023-06-14,Wednesday,Afternoon,68060,7715,Bank Branch,0,0,94957,Cloudy,2,62257,2023,6,June,2,60345,71.67454742673,Normal
ATM_0007,2023-06-24,Saturday,Night,50329,0,Gas Station,0,1,88289,Snowy,5,66025,2023,6,June,2,50329,57.0048363895842,Normal
ATM_0003,2023-06-04,Sunday,Night,62827,12236,Standalone,0,0,88103,Rainy,2,55920,2023,6,June,2,50591,71.31085207087159,Normal
ATM_0016,2023-07-30,Sunday,Afternoon,50611,24651,Gas Station,0,1,136916,Rainy,4,46760,2023,7,July,3,25960,36.9650004382249,Normal
ATM_0022,2022-12-18,Sunday,Morning,35306,5991,Gas Station,0,0,107243,Snowy,0,33177,2022,12,December,4,29315,32.9214960416997,Normal
ATM_0037,2022-12-22,Thursday,Afternoon,42126,11663,Supermarket,0,0,102034,Snowy,4,35991,2022,12,December,4,30463,41.286237920693104,Normal
ATM_0018,2023-05-07,Sunday,Morning,32844,7909,Bank Branch,0,0,119191,Cloudy,2,24330,2023,5,May,2,24935,27.555771828409863,Normal
ATM_0021,2022-08-03,Wednesday,Evening,65446,6503,Supermarket,0,0,76042,Cloudy,3,55103,2022,8,August,3,58943,86.06559532889719,High Risk
ATM_0022,2022-02-15,Tuesday,Evening,60245,11972,Gas Station,0,0,111210,Rainy,0,44836,2022,2,February,1,48273,54.17228666486827,Normal
ATM_0003,2023-08-30,Wednesday,Evening,35683,4024,Standalone,0,0,101070,Cloudy,1,25764,2023,8,August,3,31659,35.30523399624023,Normal
ATM_0018,2022-10-19,Wednesday,Night,45657,18553,Gas Station,0,0,108520,Cloudy,3,33215,2022,10,October,4,27104,42.072429045337266,Normal
ATM_0029,2023-08-27,Sunday,Evening,79560,4627,Gas Station,0,0,111863,Clear,3,68867,2023,8,August,3,74933,71.12271260381002,Normal
ATM_0045,2023-10-20,Friday,Morning,72440,8531,Gas Station,0,0,78897,Clear,2,60057,2023,10,October,4,63909,91.81591188511604,High Risk
ATM_0040,2023-03-27,Monday,Morning,43781,8891,Mall,0,0,134616,Rainy,4,41138,2023,3,March,1,34890,32.52287989540619,Normal
ATM_0017,2023-04-04,Tuesday,Morning,62732,11981,Standalone,0,0,114962,Snowy,3,59120,2023,4,April,2,50751,54.56759624919538,Normal
ATM_0028,2022-11-30,Wednesday,Morning,50204,16430,Standalone,0,0,111339,Cloudy,0,40721,2022,11,November,4,33774,45.091118116742564,Normal
ATM_0044,2022-04-09,Saturday,Night,61759,8554,Gas Station,0,0,102525,Snowy,4,52678,2022,4,April,2,53205,60.23799073396733,Normal
ATM_0047,2023-12-01,Friday,Afternoon,40807,2314,Bank Branch,1,0,113380,Rainy,2,43776,2023,12,December,4,38493,35.9913565002646,Normal
ATM_0040,2023-10-18,Wednesday,Night,38515,8589,Supermarket,0,0,62871,Clear,2,35327,2023,10,October,4,29926,61.26035851187351,Normal
ATM_0021,2022-01-18,Tuesday,Evening,56058,6891,Gas Station,0,0,98087,Rainy,3,61907,2022,1,January,1,49167,57.15130445420902,Normal
ATM_0022,2022-11-15,Tuesday,Morning,50555,7864,Bank Branch,0,0,106860,Snowy,1,50137,2022,11,November,4,42691,47.30956391540333,Normal
ATM_0036,2023-03-22,Wednesday,Morning,56992,15958,Gas Station,0,0,114117,Rainy,2,43540,2023,3,March,1,41034,49.94172647370681,Normal
ATM_0029,2022-05-08,Sunday,Evening,35957,5951,Mall,0,0,106397,Snowy,0,24760,2022,5,May,2,30006,33.79512580241924,Normal
ATM_0044,2022-09-04,Sunday,Evening,64141,23929,Gas Station,0,0,119636,Rainy,3,44950,2022,9,September,3,40212,53.61346083118793,Normal
ATM_0020,2023-06-11,Sunday,Morning,84177,8928,Gas Station,0,0,100950,Rainy,4,79008,2023,6,June,2,75249,83.38484398216939,Normal
ATM_0042,2022-10-22,Saturday,Afternoon,35593,6126,Gas Station,0,0,80123,Clear,5,30508,2022,10,October,4,29467,44.42294971481348,Normal
ATM_0025,2022-07-20,Wednesday,Evening,62481,12734,Supermarket,0,0,94710,Clear,5,42695,2022,7,July,3,49747,65.97085840988281,Normal
ATM_0006,2022-01-23,Sunday,Morning,41842,9349,Bank Branch,0,0,100328,Cloudy,4,39805,2022,1,January,1,32493,41.70520692129814,Normal
ATM_0022,2022-03-28,Monday,Afternoon,44443,5790,Mall,0,0,92967,Snowy,1,36720,2022,3,March,1,38653,47.80513515548528,Normal
ATM_0046,2023-05-17,Wednesday,Night,53633,10415,Standalone,0,0,108442,Cloudy,0,49750,2023,5,May,2,43218,49.45777466295347,Normal
ATM_0014,2023-02-01,Wednesday,Evening,54282,4652,Gas Station,0,0,94617,Rainy,5,52153,2023,2,February,1,49630,57.37024002029234,Normal
ATM_0028,2022-08-09,Tuesday,Evening,34935,13251,Standalone,0,0,117169,Rainy,5,21621,2022,8,August,3,21684,29.81590693784192,Normal
ATM_0039,2022-09-22,Thursday,Night,53764,11830,Supermarket,0,0,68050,Cloudy,5,49807,2022,9,September,3,41934,79.00661278471712,Normal
ATM_0048,2022-09-08,Thursday,Afternoon,48891,9701,Mall,0,0,138936,Rainy,1,42077,2022,9,September,3,39190,35.18958369321126,Normal
ATM_0015,2023-01-15,Sunday,Night,45995,18380,Gas Station,0,0,99400,Clear,3,20552,2023,1,January,1,27615,46.272635814889334,Normal
ATM_0015,2022-05-08,Sunday,Night,54975,10211,Standalone,0,0,91916,Snowy,3,43100,2022,5,May,2,44764,59.81004395317464,Normal
ATM_0030,2023-03-15,Wednesday,Afternoon,26784,11748,Gas Station,0,0,131363,Cloudy,1,16156,2023,3,March,1,15036,20.3893029239588,Normal
ATM_0026,2023-04-01,Saturday,Evening,55223,13922,Mall,0,0,88656,Cloudy,3,47167,2023,4,April,2,41301,62.28907236960838,Normal
ATM_0017,2023-05-23,Tuesday,Evening,57174,10168,Supermarket,0,0,107672,Snowy,5,36816,2023,5,May,2,47006,53.1001560294227,Normal
ATM_0016,2022-10-20,Thursday,Evening,48208,6823,Bank Branch,0,0,80730,Rainy,3,43323,2022,10,October,4,41385,59.71509971509972,Normal
ATM_0048,2023-04-16,Sunday,Evening,72790,13650,Mall,0,1,104554,Rainy,3,65575,2023,4,April,2,59140,69.61952675172638,Normal
ATM_0025,2023-04-22,Saturday,Night,38989,17874,Supermarket,0,0,80378,Clear,2,23494,2023,4,April,2,21115,48.50705416905123,Normal
ATM_0010,2022-01-24,Monday,Night,27768,5314,Gas Station,1,0,102064,Clear,2,28832,2022,1,January,1,22454,27.206458692585045,Normal
ATM_0039,2023-04-01,Saturday,Evening,39316,1579,Bank Branch,0,0,111784,Clear,2,40692,2023,4,April,2,37737,35.17140198955128,Normal
ATM_0049,2023-04-28,Friday,Afternoon,64954,7476,Bank Branch,0,0,85958,Clear,0,66807,2023,4,April,2,57478,75.56481072151516,High Risk
ATM_0042,2022-02-17,Thursday,Evening,72540,2620,Mall,0,0,103817,Snowy,3,83046,2022,2,February,1,69920,69.87294951693845,Normal
ATM_0023,2023-06-03,Saturday,Afternoon,48033,8283,Bank Branch,0,0,107070,Snowy,2,42587,2023,6,June,2,39750,44.86130568786775,Normal
ATM_0016,2023-06-22,Thursday,Evening,52843,12088,Gas Station,0,0,101867,Snowy,1,46545,2023,6,June,2,40755,51.874503028458676,Normal
ATM_0013,2023-11-25,Saturday,Afternoon,39284,6098,Gas Station,0,0,93276,Clear,5,41025,2023,11,November,4,33186,42.11587117800935,Normal
ATM_0044,2023-11-19,Sunday,Morning,48208,7507,Mall,0,0,103937,Clear,4,33655,2023,11,November,4,40701,46.381942907722944,Normal
ATM_0048,2022-03-22,Tuesday,Morning,51106,15013,Mall,0,0,103730,Snowy,4,33412,2022,3,March,1,36093,49.26829268292683,Normal
ATM_0049,2023-11-13,Monday,Evening,53398,6473,Gas Station,0,0,139377,Cloudy,2,44336,2023,11,November,4,46925,38.3119166002999,Normal
ATM_0006,2022-03-30,Wednesday,Morning,62902,9425,Standalone,0,0,93939,Cloudy,2,55843,2022,3,March,1,53477,66.9604743503763,Normal
ATM_0026,2023-03-13,Monday,Morning,41816,12748,Standalone,0,0,103252,Cloudy,3,36835,2023,3,March,1,29068,40.498973385503426,Normal
ATM_0028,2022-04-06,Wednesday,Night,46237,2715,Supermarket,0,0,117361,Clear,2,52560,2022,4,April,2,43522,39.397244399758016,Normal
ATM_0047,2023-04-18,Tuesday,Night,57450,8146,Gas Station,0,0,100413,Cloudy,4,42908,2023,4,April,2,49304,57.21370738848556,Normal
ATM_0010,2023-12-27,Wednesday,Morning,48024,7042,Standalone,0,0,123783,Snowy,3,43089,2023,12,December,4,40982,38.7969268801047,Normal
ATM_0022,2023-09-07,Thursday,Evening,28816,1110,Mall,0,0,95516,Clear,2,33432,2023,9,September,3,27706,30.168767536328993,Normal
ATM_0046,2022-06-18,Saturday,Afternoon,47471,11959,Bank Branch,0,0,80212,Rainy,4,30775,2022,6,June,2,35512,59.181917917518575,Normal
ATM_0046,2022-07-10,Sunday,Night,50480,5616,Gas Station,0,1,118376,Clear,2,55148,2022,7,July,3,44864,42.64377914442117,Normal
ATM_0018,2023-05-08,Monday,Afternoon,61962,8907,Supermarket,0,0,101047,Rainy,1,50157,2023,5,May,2,53055,61.3199798113749,Normal
ATM_0005,2022-09-17,Saturday,Morning,67452,7522,Standalone,0,0,123306,Clear,4,75409,2022,9,September,3,59930,54.70293416378765,Normal
ATM_0025,2023-01-21,Saturday,Morning,69384,3020,Standalone,0,0,120124,Cloudy,1,68492,2023,1,January,1,66364,57.760314341846765,Normal
ATM_0014,2023-07-20,Thursday,Morning,62283,9778,Standalone,0,0,122904,Snowy,1,57753,2023,7,July,3,52505,50.67613747314977,Normal
ATM_0017,2023-04-12,Wednesday,Evening,64380,10767,Standalone,0,0,76517,Clear,1,56750,2023,4,April,2,53613,84.13816537501471,High Risk
ATM_0021,2023-09-13,Wednesday,Evening,41286,14630,Standalone,0,0,99926,Rainy,5,29652,2023,9,September,3,26656,41.31657426495607,Normal
ATM_0015,2023-06-01,Thursday,Night,43953,10438,Bank Branch,0,0,109441,Clear,4,28295,2023,6,June,2,33515,40.16136548459901,Normal
ATM_0048,2023-11-30,Thursday,Night,52088,7835,Gas Station,0,0,145169,Cloudy,3,42524,2023,11,November,4,44253,35.88093876791877,Normal
ATM_0020,2022-04-08,Friday,Afternoon,14495,10380,Mall,0,1,117869,Snowy,0,14291,2022,4,April,2,4115,12.2975506706598,Normal
ATM_0033,2023-11-22,Wednesday,Afternoon,42200,15108,Mall,0,0,101193,Snowy,1,38658,2023,11,November,4,27092,41.702489302619746,Normal
ATM_0018,2023-03-05,Sunday,Evening,42021,8566,Supermarket,0,0,113403,Snowy,1,35902,2023,3,March,1,33455,37.054575275786355,Normal
ATM_0040,2023-06-24,Saturday,Evening,49529,13144,Bank Branch,0,0,99009,Cloudy,4,34432,2023,6,June,2,36385,50.02474522518155,Normal
ATM_0039,2022-12-02,Friday,Evening,54235,5418,Supermarket,0,0,120788,Clear,4,40236,2022,12,December,4,48817,44.9009835414114,Normal
ATM_0034,2022-11-07,Monday,Morning,54359,19912,Bank Branch,0,1,147845,Cloudy,2,49436,2022,11,November,4,34447,36.767560620920555,Normal
ATM_0024,2023-06-16,Friday,Morning,61449,10342,Gas Station,0,0,81078,Rainy,1,63357,2023,6,June,2,51107,75.78998001924073,High Risk
ATM_0035,2022-07-30,Saturday,Morning,63571,18648,Supermarket,0,0,83511,Clear,4,50672,2022,7,July,3,44923,76.12290596448372,Normal
ATM_0046,2022-02-12,Saturday,Morning,62318,12774,Bank Branch,0,1,82086,Clear,2,74152,2022,2,February,1,49544,75.91793972175523,High Risk
ATM_0025,2022-07-13,Wednesday,Evening,61348,3993,Bank Branch,0,0,83245,Rainy,2,47452,2022,7,July,3,57355,73.69571746050813,Normal
ATM_0011,2022-04-16,Saturday,Evening,63347,11431,Supermarket,0,0,135311,Rainy,0,63679,2022,4,April,2,51916,46.81585384780247,Normal
ATM_0038,2022-04-15,Friday,Afternoon,46292,9545,Mall,0,0,129880,Rainy,3,36907,2022,4,April,2,36747,35.64213119802895,Normal
ATM_0013,2022-10-30,Sunday,Morning,67663,14563,Mall,0,0,119026,Cloudy,0,64365,2022,10,October,4,53100,56.84724345941223,Normal
ATM_0013,2022-09-13,Tuesday,Morning,21335,6685,Standalone,0,0,88225,Snowy,2,18114,2022,9,September,3,14650,24.18248795692831,Normal
ATM_0013,2022-02-25,Friday,Morning,49823,9817,Standalone,0,0,111040,Rainy,0,42488,2022,2,February,1,40006,44.86941642651297,Normal
ATM_0020,2022-10-31,Monday,Morning,58539,2936,Gas Station,0,0,108006,Clear,5,57664,2022,10,October,4,55603,54.199766679628915,Normal
ATM_0046,2022-04-13,Wednesday,Morning,18822,8450,Supermarket,0,1,122302,Cloudy,2,20669,2022,4,April,2,10372,15.38977285735311,Normal
ATM_0040,2023-07-17,Monday,Evening,71141,13594,Standalone,0,0,73290,Cloudy,5,51443,2023,7,July,3,57547,97.06781279847182,Normal
ATM_0046,2023-03-19,Sunday,Afternoon,68891,13620,Standalone,0,0,97656,Snowy,0,67924,2023,3,March,1,55271,70.54456459408536,Normal
ATM_0036,2022-07-08,Friday,Morning,19624,14767,Bank Branch,0,0,88156,Snowy,2,5775,2022,7,July,3,4857,22.26053813693906,Normal
ATM_0010,2022-02-26,Saturday,Night,73075,9373,Standalone,0,0,99697,Clear,0,75806,2022,2,February,1,63702,73.29709018325526,Normal
ATM_0027,2022-04-18,Monday,Night,73679,9006,Gas Station,0,0,79949,Clear,0,79995,2022,4,April,2,64673,92.15750040650916,High Risk
ATM_0004,2023-12-21,Thursday,Afternoon,70305,17373,Bank Branch,0,0,94104,Rainy,5,58994,2023,12,December,4,52932,74.70989543483805,Normal
ATM_0008,2023-02-19,Sunday,Afternoon,35191,8406,Gas Station,0,0,76369,Rainy,1,24269,2023,2,February,1,26785,46.08021579436682,Normal
ATM_0044,2022-03-27,Sunday,Night,60912,0,Standalone,0,1,85327,Cloudy,1,74681,2022,3,March,1,60912,71.38654822037573,High Risk
ATM_0042,2023-01-26,Thursday,Night,39117,15935,Bank Branch,0,0,77723,Rainy,5,19970,2023,1,January,1,23182,50.32873152091402,Normal
ATM_0018,2023-05-24,Wednesday,Morning,65645,12979,Mall,0,0,102424,Rainy,1,57979,2023,5,May,2,52666,64.09142388502694,Normal
ATM_0043,2023-10-12,Thursday,Evening,41679,12652,Gas Station,0,0,68502,Rainy,4,38585,2023,10,October,4,29027,60.843479022510294,Normal
ATM_0041,2023-04-12,Wednesday,Morning,31494,11261,Bank Branch,0,0,106782,Clear,0,20998,2023,4,April,2,20233,29.493734899140307,Normal
ATM_0042,2023-11-08,Wednesday,Night,35140,16886,Standalone,0,0,74002,Cloudy,5,18142,2023,11,November,4,18254,47.48520310261885,Normal
ATM_0009,2022-09-18,Sunday,Afternoon,69343,6038,Supermarket,0,0,101225,Clear,1,66788,2022,9,September,3,63305,68.50382810570511,Normal
ATM_0040,2022-12-25,Sunday,Morning,24523,1074,Standalone,1,0,95435,Clear,2,24024,2022,12,December,4,23449,25.696023471472728,Normal
ATM_0044,2023-06-09,Friday,Morning,65169,13733,Bank Branch,0,1,86708,Cloudy,0,51614,2023,6,June,2,51436,75.15915486460304,Normal
ATM_0025,2022-02-14,Monday,Evening,26172,12547,Supermarket,0,0,126845,Rainy,2,15203,2022,2,February,1,13625,20.63305609208089,Normal
ATM_0001,2023-03-05,Sunday,Evening,42126,12858,Standalone,0,0,124570,Snowy,3,33763,2023,3,March,1,29268,33.81713093040058,Normal
ATM_0026,2023-12-11,Monday,Evening,31405,9113,Mall,0,0,105057,Clear,2,29156,2023,12,December,4,22292,29.893296020255672,Normal
ATM_0006,2023-10-12,Thursday,Evening,64400,11498,Gas Station,0,0,134817,Snowy,1,66122,2023,10,October,4,52902,47.76845650029299,Normal
ATM_0003,2022-04-07,Thursday,Night,45098,12324,Standalone,0,0,104558,Snowy,3,39166,2022,4,April,2,32774,43.13204154631879,Normal
ATM_0009,2022-08-14,Sunday,Night,44387,7095,Supermarket,0,0,100649,Cloudy,5,32407,2022,8,August,3,37292,44.10078589951217,Normal
ATM_0025,2022-12-22,Thursday,Night,35577,4323,Supermarket,0,0,47690,Rainy,0,32820,2022,12,December,4,31254,74.60054518767038,Normal
ATM_0014,2023-02-03,Friday,Morning,48248,6663,Gas Station,0,0,42479,Rainy,4,47954,2023,2,February,1,41585,113.58082817392123,Normal
ATM_0002,2022-04-01,Friday,Morning,39072,13211,Bank Branch,0,0,103167,Clear,2,25910,2022,4,April,2,25861,37.87257553287389,Normal
ATM_0031,2023-08-27,Sunday,Evening,66277,8077,Gas Station,0,1,82377,Clear,4,73094,2023,8,August,3,58200,80.45570972480182,High Risk
ATM_0040,2022-01-16,Sunday,Afternoon,34914,6286,Supermarket,0,0,79339,Snowy,0,31474,2022,1,January,1,28628,44.00610040459295,Normal
ATM_0049,2022-09-20,Tuesday,Evening,64438,12562,Bank Branch,0,0,84937,Snowy,2,44376,2022,9,September,3,51876,75.86564159318084,Normal
ATM_0005,2023-08-27,Sunday,Morning,51141,4476,Standalone,0,0,86385,Clear,2,46721,2023,8,August,3,46665,59.20125021705157,Normal
ATM_0015,2022-11-12,Saturday,Night,68493,7656,Bank Branch,0,0,117776,Snowy,0,76827,2022,11,November,4,60837,58.155311778290994,Normal
ATM_0048,2023-02-23,Thursday,Night,63537,14762,Bank Branch,0,0,107756,Snowy,5,52349,2023,2,February,1,48775,58.96376999888637,Normal
ATM_0015,2022-05-10,Tuesday,Night,75702,1900,Gas Station,0,0,106965,Snowy,4,80458,2022,5,May,2,73802,70.77268265320433,Normal
ATM_0049,2023-06-14,Wednesday,Night,54249,2549,Supermarket,0,0,86916,Cloudy,2,53776,2023,6,June,2,51700,62.415435592986334,Normal
ATM_0025,2023-12-07,Thursday,Afternoon,46526,20834,Supermarket,0,0,116058,Snowy,5,27011,2023,12,December,4,25692,40.088576401454446,Normal
ATM_0043,2023-07-02,Sunday,Afternoon,56721,12614,Bank Branch,0,0,98569,Rainy,5,44955,2023,7,July,3,44107,57.5444612403494,Normal
ATM_0035,2022-01-02,Sunday,Morning,35619,19104,Supermarket,0,0,144265,Rainy,2,13124,2022,1,January,1,16515,24.689980244688595,Normal
ATM_0014,2022-02-12,Saturday,Night,53074,5327,Supermarket,0,0,127503,Cloudy,4,42022,2022,2,February,1,47747,41.62568723873164,Normal
ATM_0047,2022-11-02,Wednesday,Night,78103,5532,Gas Station,0,1,98343,Cloudy,4,91176,2022,11,November,4,72571,79.41897237220748,Normal
ATM_0002,2023-09-18,Monday,Night,43252,3440,Standalone,0,0,109329,Rainy,3,38492,2023,9,September,3,39812,39.5613240768689,Normal
ATM_0018,2022-10-15,Saturday,Evening,63396,10738,Supermarket,0,0,124342,Rainy,0,55412,2022,10,October,4,52658,50.985186019205095,Normal
ATM_0015,2023-01-01,Sunday,Afternoon,27166,0,Mall,1,1,78280,Snowy,2,41957,2023,1,January,1,27166,34.70362800204395,Normal
ATM_0044,2023-12-28,Thursday,Evening,39397,5909,Supermarket,0,0,116349,Cloudy,2,34998,2023,12,December,4,33488,33.86105596094509,Normal
ATM_0035,2023-12-27,Wednesday,Night,25731,2761,Standalone,0,0,71806,Clear,5,28891,2023,12,December,4,22970,35.83405286466312,Normal
ATM_0041,2022-10-26,Wednesday,Night,58601,14379,Bank Branch,0,0,115777,Snowy,0,45200,2022,10,October,4,44222,50.615407205230746,Normal
ATM_0048,2023-10-30,Monday,Morning,66631,12252,Supermarket,0,0,89407,Cloudy,2,65839,2023,10,October,4,54379,74.52548458174417,Normal
ATM_0022,2022-08-18,Thursday,Evening,24045,1244,Supermarket,0,0,112671,Snowy,0,19175,2022,8,August,3,22801,21.340895172670873,Normal
ATM_0050,2023-01-02,Monday,Night,57316,13719,Standalone,0,0,113606,Cloudy,3,38781,2023,1,January,1,43597,50.451560657007555,Normal
ATM_0034,2023-09-06,Wednesday,Night,43621,14189,Bank Branch,0,1,126543,Clear,0,30263,2023,9,September,3,29432,34.47128644018239,Normal
ATM_0037,2022-07-31,Sunday,Evening,45101,8751,Supermarket,0,0,96766,Clear,0,30340,2022,7,July,3,36350,46.60831283715355,Normal
ATM_0026,2022-07-16,Saturday,Morning,6587,15963,Mall,0,0,135893,Snowy,4,0,2022,7,July,3,-9376,4.8471959556415705,Normal
ATM_0031,2023-10-30,Monday,Afternoon,40814,9062,Bank Branch,0,1,119910,Rainy,1,33929,2023,10,October,4,31752,34.03719456258861,Normal
ATM_0034,2022-10-15,Saturday,Afternoon,30223,14328,Standalone,0,0,111990,Rainy,3,21861,2022,10,October,4,15895,26.9872310027681,Normal
ATM_0025,2023-02-25,Saturday,Morning,65908,1281,Supermarket,0,0,114192,Snowy,3,71690,2023,2,February,1,64627,57.71682779879501,Normal
ATM_0042,2023-12-12,Tuesday,Morning,21356,6048,Mall,0,0,131220,Clear,2,15218,2023,12,December,4,15308,16.274958085657673,Normal
ATM_0001,2022-07-28,Thursday,Afternoon,62470,10503,Standalone,0,0,110282,Clear,2,50263,2022,7,July,3,51967,56.64569013982336,Normal
ATM_0015,2023-03-26,Sunday,Afternoon,25823,10784,Standalone,0,0,90851,Cloudy,3,23817,2023,3,March,1,15039,28.42346259259667,Normal
ATM_0048,2023-05-13,Saturday,Morning,30490,11488,Standalone,0,0,95737,Snowy,3,16516,2023,5,May,2,19002,31.847666001650353,Normal
ATM_0002,2022-12-20,Tuesday,Afternoon,57300,3414,Supermarket,0,0,83445,Cloudy,0,56317,2022,12,December,4,53886,68.66798490023369,High Risk
ATM_0040,2023-03-24,Friday,Night,46356,15385,Standalone,0,1,128341,Cloudy,5,41671,2023,3,March,1,30971,36.1194006591814,Normal
ATM_0045,2022-05-22,Sunday,Night,71306,15063,Bank Branch,0,0,119920,Snowy,5,52371,2022,5,May,2,56243,59.46130753835891,Normal
ATM_0014,2023-02-09,Thursday,Evening,76613,11598,Supermarket,0,0,96346,Clear,4,75557,2023,2,February,1,65015,79.51861000975651,Normal
ATM_0045,2022-06-06,Monday,Evening,42827,8476,Gas Station,0,0,103486,Rainy,4,36302,2022,6,June,2,34351,41.384341843341126,Normal
ATM_0024,2022-02-13,Sunday,Afternoon,46575,13436,Mall,0,0,128750,Snowy,2,44574,2022,2,February,1,33139,36.1747572815534,Normal
ATM_0047,2023-10-27,Friday,Afternoon,32680,4203,Supermarket,0,0,100604,Clear,5,26808,2023,10,October,4,28477,32.48379786092004,Normal
ATM_0032,2023-04-10,Monday,Evening,18866,16845,Standalone,0,0,84613,Clear,1,5719,2023,4,April,2,2021,22.296810182832424,Normal
ATM_0025,2022-07-06,Wednesday,Night,40305,4640,Standalone,0,0,96129,Snowy,3,37323,2022,7,July,3,35665,41.928034204038326,Normal
ATM_0031,2023-10-19,Thursday,Evening,48430,11730,Standalone,0,0,84469,Clear,3,40043,2023,10,October,4,36700,57.33464347867265,Normal
ATM_0036,2023-09-17,Sunday,Morning,44894,6439,Gas Station,0,0,96302,Clear,5,46549,2023,9,September,3,38455,46.6179310917738,Normal
ATM_0037,2023-12-15,Friday,Morning,37746,11308,Supermarket,0,0,135324,Cloudy,3,35340,2023,12,December,4,26438,27.893056664006384,Normal
ATM_0024,2023-01-15,Sunday,Morning,53443,8808,Bank Branch,0,0,97616,Snowy,2,38362,2023,1,January,1,44635,54.748197016882486,Normal
ATM_0007,2022-11-11,Friday,Afternoon,49117,2673,Standalone,0,0,113085,Clear,3,51209,2022,11,November,4,46444,43.433700313923154,Normal
ATM_0018,2023-09-27,Wednesday,Afternoon,52324,13836,Supermarket,0,0,114268,Rainy,4,38190,2023,9,September,3,38488,45.7905975426191,Normal
ATM_0050,2023-10-22,Sunday,Evening,61814,8057,Supermarket,0,0,99652,Cloudy,3,50867,2023,10,October,4,53757,62.02986392646409,Normal
ATM_0028,2022-12-25,Sunday,Night,75825,8629,Standalone,1,0,103454,Clear,3,74086,2022,12,December,4,67196,73.29344442940824,Normal
ATM_0002,2023-01-06,Friday,Evening,68668,8064,Standalone,0,0,93273,Snowy,5,70778,2023,1,January,1,60604,73.6204475035648,Normal
ATM_0046,2022-08-04,Thursday,Evening,60101,14790,Bank Branch,0,1,100942,Cloudy,4,55225,2022,8,August,3,45311,59.54013195696538,Normal
ATM_0031,2023-11-05,Sunday,Night,29009,11798,Mall,0,0,100635,Cloudy,4,21409,2023,11,November,4,17211,28.82595518457793,Normal
ATM_0012,2022-05-25,Wednesday,Morning,46847,8157,Supermarket,0,0,140234,Clear,3,39100,2022,5,May,2,38690,33.40630660182266,Normal
ATM_0026,2023-12-12,Tuesday,Afternoon,37656,9695,Standalone,0,0,123532,Snowy,1,28300,2023,12,December,4,27961,30.482789884402422,Normal
ATM_0024,2023-08-31,Thursday,Night,61988,11819,Gas Station,0,0,100148,Clear,5,45009,2023,8,August,3,50169,61.89639333785997,Normal
ATM_0004,2022-04-23,Saturday,Morning,53063,6559,Standalone,0,0,93878,Cloudy,3,55503,2022,4,April,2,46504,56.52336010566906,Normal
ATM_0015,2022-10-22,Saturday,Evening,48571,3511,Bank Branch,0,0,85531,Snowy,5,47454,2022,10,October,4,45060,56.78759747927652,Normal
ATM_0035,2023-05-11,Thursday,Afternoon,2011,9319,Bank Branch,0,0,139603,Snowy,3,0,2023,5,May,2,-7308,1.4405134560145556,Normal
ATM_0033,2022-12-11,Sunday,Night,25350,8176,Standalone,0,0,90266,Snowy,2,17784,2022,12,December,4,17174,28.083663837989942,Normal
ATM_0042,2023-10-12,Thursday,Night,38208,3620,Standalone,0,0,117481,Snowy,5,28859,2023,10,October,4,34588,32.52270579923562,Normal
ATM_0024,2023-04-24,Monday,Afternoon,49918,15836,Supermarket,0,0,100084,Rainy,1,35994,2023,4,April,2,34082,49.87610407257904,Normal
ATM_0010,2023-07-04,Tuesday,Evening,58105,11769,Standalone,0,0,137853,Clear,5,50194,2023,7,July,3,46336,42.14997134628916,Normal
ATM_0048,2023-08-20,Sunday,Evening,52271,17005,Gas Station,0,0,115893,Snowy,3,44848,2023,8,August,3,35266,45.10281035092715,Normal
ATM_0024,2023-05-29,Monday,Morning,15595,1065,Gas Station,0,0,82048,Rainy,4,14080,2023,5,May,2,14530,19.007166536661465,Normal
ATM_0050,2022-09-26,Monday,Morning,45688,8554,Bank Branch,0,0,116506,Rainy,1,34258,2022,9,September,3,37134,39.21514771771411,Normal
ATM_0048,2023-11-02,Thursday,Evening,46021,15121,Gas Station,0,0,86570,Clear,3,28693,2023,11,November,4,30900,53.160448192214396,Normal
ATM_0007,2022-09-15,Thursday,Night,33694,11065,Supermarket,0,1,84661,Cloudy,5,25691,2022,9,September,3,22629,39.79872668643177,Normal
ATM_0046,2022-04-09,Saturday,Evening,42110,21558,Gas Station,0,0,98503,Cloudy,5,22520,2022,4,April,2,20552,42.749967006081036,Normal
ATM_0045,2022-09-09,Friday,Evening,37090,4565,Mall,0,0,80912,Snowy,4,34601,2022,9,September,3,32525,45.83992485663437,Normal
ATM_0022,2022-02-12,Saturday,Afternoon,56233,8866,Gas Station,0,1,87382,Snowy,5,58805,2022,2,February,1,47367,64.3530704264036,Normal
ATM_0050,2023-02-17,Friday,Morning,52025,14696,Mall,0,0,106867,Rainy,4,40577,2023,2,February,1,37329,48.68200660634246,Normal
ATM_0025,2022-04-14,Thursday,Morning,61332,11977,Mall,0,0,124249,Clear,5,49261,2022,4,April,2,49355,49.36216790477187,Normal
ATM_0003,2022-04-18,Monday,Night,42526,15050,Mall,0,1,68322,Cloudy,4,30219,2022,4,April,2,27476,62.243494042914435,Normal
ATM_0042,2022-10-04,Tuesday,Morning,32346,12972,Gas Station,0,0,75425,Rainy,4,30560,2022,10,October,4,19374,42.88498508452105,Normal
ATM_0021,2022-11-18,Friday,Morning,45125,15975,Gas Station,0,1,76142,Rainy,0,45635,2022,11,November,4,29150,59.26426939140028,Normal
ATM_0048,2023-01-09,Monday,Afternoon,72153,8135,Supermarket,0,0,77101,Cloudy,3,76555,2023,1,January,1,64018,93.58244380747331,High Risk
ATM_0026,2023-11-25,Saturday,Afternoon,49897,15592,Standalone,0,1,128714,Cloudy,3,43227,2023,11,November,4,34305,38.76579082306509,Normal
ATM_0016,2023-01-12,Thursday,Evening,32254,5504,Supermarket,0,0,122084,Clear,3,23418,2023,1,January,1,26750,26.41951443268569,Normal
ATM_0004,2023-04-11,Tuesday,Afternoon,49833,17021,Bank Branch,0,0,138160,Rainy,2,37958,2023,4,April,2,32812,36.069050376375216,Normal
ATM_0050,2022-03-29,Tuesday,Afternoon,53890,14673,Bank Branch,0,0,104492,Clear,1,44126,2022,3,March,1,39217,51.57332618765073,Normal
ATM_0040,2022-01-08,Saturday,Morning,31480,5568,Standalone,0,0,93576,Cloudy,2,30924,2022,1,January,1,25912,33.641104556723946,Normal
ATM_0011,2023-05-20,Saturday,Evening,65981,11518,Supermarket,0,0,131723,Cloudy,5,51267,2023,5,May,2,54463,50.09072067900063,Normal
ATM_0015,2022-11-18,Friday,Night,59703,20690,Supermarket,0,0,114247,Clear,5,41800,2022,11,November,4,39013,52.25782733901109,Normal
ATM_0018,2023-06-17,Saturday,Morning,38185,20016,Bank Branch,0,0,93453,Clear,5,33312,2023,6,June,2,18169,40.860111499898345,Normal
ATM_0004,2023-04-13,Thursday,Afternoon,40060,9207,Standalone,0,0,93661,Cloudy,2,37289,2023,4,April,2,30853,42.771270859802904,Normal
ATM_0036,2022-06-07,Tuesday,Night,73514,10610,Mall,0,0,124140,Snowy,1,80835,2022,6,June,2,62904,59.21862413404221,Normal
ATM_0043,2023-03-02,Thursday,Afternoon,73739,10423,Gas Station,0,0,93698,Snowy,5,80905,2023,3,March,1,63316,78.69858481504409,Normal
ATM_0050,2022-03-11,Friday,Afternoon,50992,9526,Supermarket,0,0,66860,Cloudy,3,43439,2022,3,March,1,41466,76.26682620400838,Normal
ATM_0038,2022-04-17,Sunday,Morning,32553,0,Bank Branch,0,0,53448,Rainy,1,37950,2022,4,April,2,32553,60.90592725639874,Normal
ATM_0005,2022-09-28,Wednesday,Afternoon,61557,6905,Standalone,0,0,90901,Cloudy,0,47448,2022,9,September,3,54652,67.71872696670003,Normal
ATM_0007,2023-08-23,Wednesday,Night,58197,10476,Supermarket,0,0,98317,Rainy,2,59744,2023,8,August,3,47721,59.19322192499771,Normal
ATM_0040,2022-11-10,Thursday,Night,26408,5901,Standalone,0,0,112050,Snowy,5,25277,2022,11,November,4,20507,23.56804997768853,Normal
ATM_0041,2022-10-07,Friday,Night,85196,13281,Standalone,0,0,129856,Rainy,2,83612,2022,10,October,4,71915,65.60805815672745,Normal
ATM_0044,2022-11-21,Monday,Evening,60810,20066,Standalone,0,1,89528,Clear,4,49673,2022,11,November,4,40744,67.92288446072737,Normal
ATM_0007,2023-12-06,Wednesday,Evening,46737,4982,Mall,0,0,133480,Cloudy,1,32907,2023,12,December,4,41755,35.01423434222355,Normal
ATM_0033,2022-01-19,Wednesday,Evening,53245,14858,Bank Branch,0,0,94026,Clear,5,34914,2022,1,January,1,38387,56.62795397017846,Normal
ATM_0038,2022-08-10,Wednesday,Night,32897,3453,Gas Station,0,0,81840,Clear,4,34079,2022,8,August,3,29444,40.19672531769306,Normal
ATM_0050,2022-10-14,Friday,Night,55212,2556,Mall,0,0,99991,Rainy,1,56704,2022,10,October,4,52656,55.216969527257454,Normal
ATM_0002,2022-03-18,Friday,Evening,57186,4139,Supermarket,0,0,119360,Rainy,2,65383,2022,3,March,1,53047,47.91052278820375,Normal
ATM_0018,2022-03-03,Thursday,Morning,85082,14174,Mall,0,0,96743,Rainy,4,68257,2022,3,March,1,70908,87.94641472768056,Normal
ATM_0014,2023-02-03,Friday,Morning,38588,11261,Bank Branch,0,0,77230,Cloudy,3,28107,2023,2,February,1,27327,49.96503949242522,Normal
ATM_0019,2023-04-25,Tuesday,Night,21654,7144,Mall,0,0,74346,Clear,3,12726,2023,4,April,2,14510,29.12597853280607,Normal
ATM_0043,2023-11-12,Sunday,Night,47915,18824,Gas Station,0,0,113023,Rainy,3,37642,2023,11,November,4,29091,42.39402599470904,Normal
ATM_0025,2022-05-28,Saturday,Evening,29463,3123,Mall,0,0,59965,Cloudy,5,32263,2022,5,May,2,26340,49.13366130242642,Normal
ATM_0005,2023-10-14,Saturday,Night,57985,11604,Bank Branch,0,1,109011,Cloudy,1,46205,2023,10,October,4,46381,53.19187971856051,Normal
ATM_0003,2022-10-16,Sunday,Night,53945,12580,Supermarket,0,0,130597,Snowy,0,38504,2022,10,October,4,41365,41.306461863595636,Normal
ATM_0033,2023-02-04,Saturday,Afternoon,32973,5666,Mall,0,0,104051,Rainy,3,32718,2023,2,February,1,27307,31.68926776292395,Normal
ATM_0020,2023-11-02,Thursday,Evening,17905,1009,Gas Station,0,0,80416,Cloudy,3,13762,2023,11,November,4,16896,22.265469558296857,Normal
ATM_0020,2022-04-22,Friday,Morning,51195,9282,Gas Station,0,0,110392,Rainy,4,41117,2022,4,April,2,41913,46.37564316254801,Normal
ATM_0044,2022-01-21,Friday,Night,47882,5084,Standalone,0,0,78731,Clear,4,44632,2022,1,January,1,42798,60.81721304187677,Normal
ATM_0047,2023-12-28,Thursday,Night,61032,10148,Mall,0,0,112674,Rainy,2,52433,2023,12,December,4,50884,54.16688854571596,Normal
ATM_0043,2022-04-28,Thursday,Night,59196,4896,Mall,0,0,83678,Clear,5,68154,2022,4,April,2,54300,70.74260857095055,High Risk
ATM_0024,2023-07-27,Thursday,Morning,43694,14995,Bank Branch,0,0,123969,Rainy,4,26385,2023,7,July,3,28699,35.24590825125637,Normal
ATM_0026,2023-04-21,Friday,Morning,45606,10445,Gas Station,0,0,104050,Clear,2,41078,2023,4,April,2,35161,43.830850552618934,Normal
ATM_0016,2022-03-10,Thursday,Afternoon,15468,9237,Gas Station,0,0,127682,Snowy,1,4796,2022,3,March,1,6231,12.114471891104463,Normal
ATM_0026,2022-01-04,Tuesday,Afternoon,43428,15696,Bank Branch,0,0,93870,Clear,4,25060,2022,1,January,1,27732,46.26398210290828,Normal
ATM_0046,2023-06-07,Wednesday,Night,33511,13627,Standalone,0,0,117636,Clear,1,25789,2023,6,June,2,19884,28.487027780611378,Normal
ATM_0039,2022-08-26,Friday,Afternoon,50396,16286,Standalone,0,0,134857,Snowy,1,31979,2022,8,August,3,34110,37.36995484105386,Normal
ATM_0044,2023-09-29,Friday,Morning,45249,1700,Mall,0,0,116807,Cloudy,1,45683,2023,9,September,3,43549,38.73826054945337,Normal
ATM_0021,2022-03-28,Monday,Night,45860,5582,Standalone,0,0,101164,Snowy,3,40101,2022,3,March,1,40278,45.33233165948361,Normal
ATM_0037,2022-08-11,Thursday,Evening,34477,2056,Mall,0,0,84556,Rainy,5,29311,2022,8,August,3,32421,40.77416150243626,Normal
ATM_0006,2022-11-08,Tuesday,Morning,43847,17768,Mall,0,0,73256,Rainy,1,30721,2022,11,November,4,26079,59.854482909249754,Normal
ATM_0006,2023-08-09,Wednesday,Evening,52117,1761,Standalone,0,0,98891,Cloudy,4,52590,2023,8,August,3,50356,52.701459182332066,Normal
ATM_0038,2022-01-13,Thursday,Afternoon,44197,5881,Standalone,0,0,85701,Cloudy,0,32641,2022,1,January,1,38316,51.571160196497125,Normal
ATM_0032,2023-05-20,Saturday,Morning,81172,7321,Gas Station,0,0,108817,Rainy,0,86214,2023,5,May,2,73851,74.59496218421754,Normal
ATM_0023,2023-02-25,Saturday,Night,52182,14406,Mall,0,0,105328,Snowy,0,40529,2023,2,February,1,37776,49.542381892754065,Normal
ATM_0009,2022-09-17,Saturday,Night,47923,5441,Mall,0,0,98782,Cloudy,2,49711,2022,9,September,3,42482,48.51389929339353,Normal
ATM_0035,2022-08-26,Friday,Evening,53619,12010,Bank Branch,0,0,103605,Cloudy,4,44970,2022,8,August,3,41609,51.753293759953664,Normal
ATM_0017,2022-04-29,Friday,Night,41695,11566,Gas Station,0,0,95577,Cloudy,0,28090,2022,4,April,2,30129,43.624512173430844,Normal
ATM_0001,2023-02-02,Thursday,Evening,52708,12983,Bank Branch,0,0,100664,Cloudy,5,41422,2023,2,February,1,39725,52.36032742589207,Normal
ATM_0041,2023-11-16,Thursday,Afternoon,60427,10076,Mall,0,0,72233,Cloudy,1,46902,2023,11,November,4,50351,83.65566984619218,Normal
ATM_0003,2022-08-22,Monday,Afternoon,42189,0,Bank Branch,0,0,99371,Cloudy,5,42935,2022,8,August,3,42189,42.45604854535026,Normal
ATM_0047,2023-04-08,Saturday,Evening,73267,13847,Gas Station,0,0,130733,Snowy,2,53480,2023,4,April,2,59420,56.04323315459754,Normal
ATM_0008,2022-01-01,Saturday,Evening,41577,9284,Supermarket,1,0,79111,Clear,4,35801,2022,1,January,1,32293,52.55527044279557,Normal
ATM_0020,2023-12-19,Tuesday,Night,30399,16829,Bank Branch,0,0,58160,Clear,2,17336,2023,12,December,4,13570,52.26788170563962,Normal
ATM_0025,2022-01-21,Friday,Evening,70552,16230,Standalone,0,0,109995,Clear,3,54772,2022,1,January,1,54322,64.14109732260557,Normal
ATM_0039,2023-08-21,Monday,Evening,41773,13125,Supermarket,0,0,100061,Snowy,3,33717,2023,8,August,3,28648,41.7475340042574,Normal
ATM_0027,2022-05-01,Sunday,Morning,34347,8867,Mall,0,0,102186,Cloudy,3,27869,2022,5,May,2,25480,33.61223650989372,Normal
ATM_0020,2023-04-06,Thursday,Evening,57656,11774,Standalone,0,0,89846,Snowy,3,45470,2023,4,April,2,45882,64.17202769182823,Normal
ATM_0022,2023-04-18,Tuesday,Afternoon,45886,12116,Supermarket,0,0,60649,Cloudy,1,46102,2023,4,April,2,33770,75.65829609721513,Normal
ATM_0011,2023-02-01,Wednesday,Afternoon,41442,7603,Standalone,0,0,90992,Snowy,5,41756,2023,2,February,1,33839,45.544663267100404,Normal
ATM_0002,2022-07-28,Thursday,Morning,42814,10029,Supermarket,0,0,102580,Cloudy,4,36764,2022,7,July,3,32785,41.73718073698577,Normal
ATM_0023,2023-03-03,Friday,Morning,45650,19664,Gas Station,0,0,76167,Rainy,5,40729,2023,3,March,1,25986,59.934092192156704,Normal
ATM_0046,2023-02-22,Wednesday,Morning,36990,246,Bank Branch,0,0,83417,Cloudy,4,30721,2023,2,February,1,36744,44.343479146936474,Normal
ATM_0031,2022-02-04,Friday,Night,58869,5259,Gas Station,0,0,127400,Cloudy,4,60654,2022,2,February,1,53610,46.20800627943485,Normal
ATM_0024,2023-04-25,Tuesday,Morning,43191,18038,Bank Branch,0,0,108327,Cloudy,1,31058,2023,4,April,2,25153,39.87094630147608,Normal
ATM_0025,2022-08-17,Wednesday,Night,36172,14691,Gas Station,0,0,69530,Cloudy,0,30198,2022,8,August,3,21481,52.02358694088882,Normal
ATM_0043,2022-03-29,Tuesday,Morning,56373,15861,Gas Station,0,0,111395,Snowy,0,51550,2022,3,March,1,40512,50.60640064634858,Normal
ATM_0009,2023-07-22,Saturday,Night,50926,9694,Bank Branch,0,0,128851,Clear,3,53455,2023,7,July,3,41232,39.52317017330094,Normal
ATM_0035,2023-10-31,Tuesday,Afternoon,73443,10408,Standalone,0,0,67766,Rainy,1,73281,2023,10,October,4,63035,108.37735737685566,High Risk
ATM_0044,2022-09-05,Monday,Morning,38753,20572,Bank Branch,0,0,123442,Rainy,2,16361,2022,9,September,3,18181,31.393690964177505,Normal
ATM_0018,2023-01-24,Tuesday,Morning,56022,8673,Gas Station,1,0,128827,Clear,3,52665,2023,1,January,1,47349,43.486225713553836,Normal
ATM_0037,2022-09-22,Thursday,Afternoon,40782,15305,Mall,0,0,72459,Snowy,5,27733,2022,9,September,3,25477,56.28286341241253,Normal
ATM_0009,2022-07-15,Friday,Evening,32027,7307,Gas Station,0,0,127254,Cloudy,2,27829,2022,7,July,3,24720,25.167774686846776,Normal
ATM_0050,2022-05-24,Tuesday,Evening,41451,8565,Mall,0,0,106232,Snowy,1,39371,2022,5,May,2,32886,39.0193162135703,Normal
ATM_0031,2022-02-19,Saturday,Morning,60415,11336,Gas Station,0,0,125735,Snowy,2,57630,2022,2,February,1,49079,48.049469121565195,Normal
ATM_0034,2023-07-24,Monday,Evening,61316,2465,Standalone,0,0,95727,Snowy,1,67012,2023,7,July,3,58851,64.05298400660212,Normal
ATM_0007,2022-04-30,Saturday,Morning,36068,10507,Standalone,0,0,94637,Snowy,2,34137,2022,4,April,2,25561,38.11194353159969,Normal
ATM_0010,2023-06-27,Tuesday,Morning,40398,3906,Standalone,0,0,58997,Cloudy,3,41086,2023,6,June,2,36492,68.47466820346797,Normal
ATM_0049,2022-11-06,Sunday,Afternoon,69007,16325,Standalone,0,0,74890,Clear,3,59925,2022,11,November,4,52682,92.14447856856724,High Risk
ATM_0036,2023-03-11,Saturday,Night,54399,1343,Supermarket,0,0,107190,Rainy,0,44285,2023,3,March,1,53056,50.75006996921355,Normal
ATM_0015,2023-08-28,Monday,Afternoon,43996,5964,Bank Branch,0,0,93331,Clear,3,39394,2023,8,August,3,38032,47.13974992231948,Normal
ATM_0003,2022-04-06,Wednesday,Evening,39435,12785,Supermarket,0,0,96835,Cloudy,1,29940,2022,4,April,2,26650,40.723911808746834,Normal
ATM_0038,2023-08-14,Monday,Afternoon,59583,12779,Supermarket,0,0,93822,Cloudy,1,45498,2023,8,August,3,46804,63.50642706401484,Normal
ATM_0034,2023-05-24,Wednesday,Afternoon,60966,6804,Mall,0,0,85276,Rainy,2,59596,2023,5,May,2,54162,71.49256531732257,High Risk
ATM_0037,2023-01-06,Friday,Night,64865,20193,Bank Branch,0,0,125336,Clear,3,55873,2023,1,January,1,44672,51.7528882364205,Normal
ATM_0043,2023-08-15,Tuesday,Night,44597,20145,Standalone,0,0,122097,Cloudy,0,23488,2023,8,August,3,24452,36.52587696667403,Normal
ATM_0016,2022-07-19,Tuesday,Afternoon,47166,14389,Supermarket,0,0,75356,Clear,3,28440,2022,7,July,3,32777,62.59090185253995,Normal
ATM_0001,2022-01-20,Thursday,Evening,24671,13922,Mall,0,0,118171,Rainy,4,11316,2022,1,January,1,10749,20.877372621032233,Normal
ATM_0032,2022-11-16,Wednesday,Evening,56858,4193,Mall,0,0,80614,Clear,1,62083,2022,11,November,4,52665,70.531173245342,High Risk
ATM_0044,2022-06-13,Monday,Morning,65906,1757,Mall,0,0,86135,Cloudy,2,65202,2022,6,June,2,64149,76.51477332094967,High Risk
ATM_0020,2023-01-11,Wednesday,Evening,39197,8769,Mall,0,0,97737,Cloudy,4,31557,2023,1,January,1,30428,40.104566336187936,Normal
ATM_0009,2023-11-06,Monday,Morning,43539,12860,Mall,0,0,121177,Snowy,3,29525,2023,11,November,4,30679,35.93008574234384,Normal
ATM_0027,2022-05-15,Sunday,Night,54447,9590,Standalone,0,0,102260,Clear,0,43537,2022,5,May,2,44857,53.24369254840602,Normal
ATM_0023,2022-06-25,Saturday,Night,70668,20039,Supermarket,0,0,131843,Snowy,1,71588,2022,6,June,2,50629,53.60011528863876,Normal
ATM_0004,2022-08-24,Wednesday,Night,30151,2900,Mall,0,0,76185,Snowy,2,27136,2022,8,August,3,27251,39.57603202730196,Normal
ATM_0048,2023-07-10,Monday,Afternoon,41167,17035,Bank Branch,0,0,119648,Snowy,4,36426,2023,7,July,3,24132,34.40675982883124,Normal
ATM_0032,2022-05-26,Thursday,Afternoon,42363,14676,Supermarket,0,0,89337,Clear,3,25506,2022,5,May,2,27687,47.41932234124719,Normal
ATM_0004,2022-04-01,Friday,Evening,30029,8901,Standalone,0,0,94081,Rainy,1,24896,2022,4,April,2,21128,31.91824066495892,Normal
ATM_0009,2023-02-15,Wednesday,Night,31090,13478,Mall,0,0,84638,Snowy,4,22647,2023,2,February,1,17612,36.73290956780642,Normal
ATM_0046,2022-04-13,Wednesday,Night,40038,5546,Mall,0,0,74858,Clear,5,44401,2022,4,April,2,34492,53.48526543589196,Normal
ATM_0007,2023-08-03,Thursday,Night,45870,17886,Gas Station,0,0,89891,Cloudy,5,38166,2023,8,August,3,27984,51.02846781101557,Normal
ATM_0009,2022-01-29,Saturday,Afternoon,52592,0,Standalone,0,0,113246,Rainy,0,52023,2022,1,January,1,52592,46.44049237942179,Normal
ATM_0008,2023-07-30,Sunday,Afternoon,81927,0,Supermarket,0,0,98493,Snowy,1,83281,2023,7,July,3,81927,83.18053059608297,Normal
ATM_0016,2022-08-21,Sunday,Afternoon,70879,14152,Supermarket,0,0,134042,Clear,2,65834,2022,8,August,3,56727,52.87820235448591,Normal
ATM_0037,2023-10-25,Wednesday,Afternoon,67403,5656,Gas Station,0,0,95386,Rainy,4,51463,2023,10,October,4,61747,70.66340972469754,Normal
ATM_0007,2022-12-18,Sunday,Evening,70133,8349,Standalone,0,0,81358,Clear,3,56407,2022,12,December,4,61784,86.20295484156443,High Risk
ATM_0014,2023-09-11,Monday,Night,36955,8994,Mall,0,0,126550,Rainy,0,26294,2023,9,September,3,27961,29.201896483603317,Normal
ATM_0030,2022-12-09,Friday,Night,49461,4852,Standalone,0,0,82857,Clear,2,42379,2022,12,December,4,44609,59.69441326622977,Normal
ATM_0012,2022-11-03,Thursday,Night,47072,11356,Bank Branch,0,0,118963,Rainy,3,44364,2022,11,November,4,35716,39.56860536469322,Normal
ATM_0009,2022-12-21,Wednesday,Morning,74077,13976,Supermarket,0,1,124499,Rainy,5,80816,2022,12,December,4,60101,59.50007630583378,Normal
ATM_0005,2022-07-02,Saturday,Evening,35139,4254,Supermarket,0,1,110359,Cloudy,5,32647,2022,7,July,3,30885,31.840629219184663,Normal
ATM_0029,2022-08-30,Tuesday,Night,29881,8548,Gas Station,0,0,115423,Snowy,2,19231,2022,8,August,3,21333,25.88825450733389,Normal
ATM_0013,2023-10-13,Friday,Evening,71200,11602,Bank Branch,0,0,78529,Snowy,2,64722,2023,10,October,4,59598,90.66714207490226,High Risk
ATM_0040,2023-04-19,Wednesday,Night,49580,10442,Bank Branch,0,0,83309,Cloudy,2,32376,2023,4,April,2,39138,59.51337790634865,Normal
ATM_0031,2022-04-23,Saturday,Evening,39095,6264,Gas Station,0,0,67598,Snowy,1,39759,2022,4,April,2,32831,57.83455131808633,Normal
ATM_0034,2023-11-24,Friday,Morning,61944,8687,Bank Branch,0,0,83779,Clear,1,57155,2023,11,November,4,53257,73.93738287637713,High Risk
ATM_0018,2023-07-01,Saturday,Morning,61164,18721,Standalone,0,0,99471,Cloudy,4,56866,2023,7,July,3,42443,61.489278282112366,Normal
ATM_0027,2022-02-21,Monday,Morning,46146,8000,Mall,0,0,68782,Clear,4,48970,2022,2,February,1,38146,67.09022709429793,Normal
ATM_0005,2023-03-06,Monday,Evening,59920,19209,Gas Station,0,0,92184,Cloudy,1,47226,2023,3,March,1,40711,65.00043391477914,Normal
ATM_0019,2022-06-21,Tuesday,Night,52502,6337,Gas Station,0,0,107945,Rainy,1,46440,2022,6,June,2,46165,48.6377321784242,Normal
ATM_0024,2022-09-25,Sunday,Afternoon,61791,17383,Mall,0,0,85567,Rainy,0,46528,2022,9,September,3,44408,72.21358701368518,Normal
ATM_0039,2022-03-28,Monday,Evening,27772,10787,Mall,0,1,124559,Snowy,1,20923,2022,3,March,1,16985,22.296261209547282,Normal
ATM_0030,2022-09-05,Monday,Morning,29569,14765,Mall,0,0,75643,Rainy,1,12515,2022,9,September,3,14804,39.09020001850799,Normal
ATM_0026,2022-11-15,Tuesday,Morning,53345,10344,Standalone,0,0,94964,Snowy,3,34697,2022,11,November,4,43001,56.173918537551074,Normal
ATM_0037,2022-01-14,Friday,Morning,57167,8217,Mall,0,0,101551,Rainy,4,42028,2022,1,January,1,48950,56.29388189185729,Normal
ATM_0015,2022-08-11,Thursday,Evening,44757,4724,Supermarket,0,0,99203,Snowy,3,45059,2022,8,August,3,40033,45.11657913571162,Normal
ATM_0020,2022-06-17,Friday,Afternoon,41115,5386,Supermarket,0,0,99953,Rainy,5,33960,2022,6,June,2,35729,41.13433313657419,Normal
ATM_0049,2022-11-27,Sunday,Night,39076,4537,Gas Station,0,1,117085,Cloudy,3,49369,2022,11,November,4,34539,33.37404449758722,Normal
ATM_0006,2022-12-28,Wednesday,Afternoon,63540,0,Supermarket,0,0,126551,Rainy,1,74411,2022,12,December,4,63540,50.20900664554211,Normal
ATM_0028,2022-06-17,Friday,Evening,47645,10708,Gas Station,0,0,93589,Rainy,3,32885,2022,6,June,2,36937,50.90876064494759,Normal
ATM_0021,2022-01-11,Tuesday,Morning,70935,4696,Bank Branch,0,0,129489,Clear,4,77307,2022,1,January,1,66239,54.78071496420546,Normal
ATM_0003,2023-12-22,Friday,Morning,45061,3458,Gas Station,0,0,118610,Cloudy,3,41142,2023,12,December,4,41603,37.99089452828598,Normal
ATM_0005,2023-10-23,Monday,Evening,54671,7903,Standalone,0,0,127761,Cloudy,1,47972,2023,10,October,4,46768,42.79161872558919,Normal
ATM_0048,2023-12-24,Sunday,Evening,38708,14052,Standalone,1,0,94919,Clear,5,37549,2023,12,December,4,24656,40.78003350224929,Normal
ATM_0019,2022-06-30,Thursday,Afternoon,58988,6502,Mall,0,0,109610,Cloudy,4,49973,2022,6,June,2,52486,53.81625764072621,Normal
ATM_0010,2023-12-24,Sunday,Morning,43819,13693,Gas Station,1,0,118367,Snowy,2,48280,2023,12,December,4,30126,37.01960850574907,Normal
ATM_0037,2022-08-19,Friday,Afternoon,58366,9460,Standalone,0,1,102803,Cloudy,4,62719,2022,8,August,3,48906,56.77460774491016,Normal
ATM_0002,2022-10-11,Tuesday,Evening,9645,8638,Bank Branch,0,0,95514,Rainy,5,5027,2022,10,October,4,1007,10.097996105282995,Normal
ATM_0023,2022-06-28,Tuesday,Night,60038,4606,Supermarket,0,0,105201,Snowy,3,51438,2022,6,June,2,55432,57.069799716732724,Normal
ATM_0013,2022-09-12,Monday,Morning,87704,15954,Bank Branch,0,0,100027,Cloudy,1,86804,2022,9,September,3,71750,87.68032631189578,Normal
ATM_0018,2022-12-15,Thursday,Afternoon,37573,12203,Bank Branch,0,0,130013,Rainy,3,35149,2022,12,December,4,25370,28.899417750532642,Normal
ATM_0020,2022-04-14,Thursday,Afternoon,30613,7931,Bank Branch,0,0,107534,Cloudy,2,20797,2022,4,April,2,22682,28.468205404802205,Normal
ATM_0002,2023-10-11,Wednesday,Evening,60368,6233,Bank Branch,0,0,91184,Cloudy,1,58329,2023,10,October,4,54135,66.20459729777154,Normal
ATM_0004,2022-09-05,Monday,Afternoon,53126,0,Standalone,0,0,150222,Clear,3,62912,2022,9,September,3,53126,35.36499314348098,Normal
ATM_0004,2022-05-09,Monday,Afternoon,49701,8437,Bank Branch,0,0,89552,Clear,3,48627,2022,5,May,2,41264,55.499597998927996,Normal
ATM_0046,2022-04-02,Saturday,Evening,64259,5369,Standalone,0,0,93750,Cloudy,0,51515,2022,4,April,2,58890,68.54293333333334,Normal
ATM_0038,2022-10-01,Saturday,Morning,80458,5291,Standalone,0,0,110118,Snowy,2,82442,2022,10,October,4,75167,73.06525726947456,Normal
ATM_0026,2022-11-09,Wednesday,Morning,46117,11806,Mall,0,0,133433,Rainy,2,35914,2022,11,November,4,34311,34.561914968561005,Normal
ATM_0024,2022-03-31,Thursday,Afternoon,66063,11483,Standalone,0,0,115971,Clear,3,59505,2022,3,March,1,54580,56.96510334480172,Normal
ATM_0050,2023-06-14,Wednesday,Morning,46044,10521,Supermarket,0,0,89106,Rainy,5,30350,2023,6,June,2,35523,51.67328799407447,Normal
ATM_0023,2022-01-22,Saturday,Evening,69357,14587,Bank Branch,0,0,74716,Snowy,4,61309,2022,1,January,1,54770,92.82750682584721,High Risk
ATM_0017,2022-03-12,Saturday,Night,70846,9208,Mall,0,0,90077,Cloudy,2,75727,2022,3,March,1,61638,78.65048791589417,Normal
ATM_0023,2023-05-24,Wednesday,Morning,51260,9577,Gas Station,0,0,86945,Rainy,1,40798,2023,5,May,2,41683,58.956811777560524,Normal
ATM_0033,2023-10-09,Monday,Afternoon,32449,13389,Standalone,0,0,98954,Clear,3,21161,2023,10,October,4,19060,32.79200436566486,Normal
ATM_0008,2023-02-25,Saturday,Afternoon,45374,19679,Mall,0,0,87454,Snowy,5,28426,2023,2,February,1,25695,51.88327577926681,Normal
ATM_0028,2022-09-01,Thursday,Evening,8372,18962,Bank Branch,0,0,113681,Clear,3,0,2022,9,September,3,-10590,7.364467237269201,Normal
ATM_0028,2022-03-16,Wednesday,Evening,38484,19131,Mall,0,0,81846,Clear,2,26292,2022,3,March,1,19353,47.02001319551353,Normal
ATM_0039,2023-07-30,Sunday,Night,42153,6352,Supermarket,0,0,101607,Cloudy,4,35928,2023,7,July,3,35801,41.48631491924769,Normal
ATM_0029,2023-04-17,Monday,Morning,70554,11891,Standalone,0,0,101638,Rainy,5,64207,2023,4,April,2,58663,69.41695035321435,Normal
ATM_0028,2022-01-25,Tuesday,Morning,70441,10945,Supermarket,1,0,131637,Clear,0,79867,2022,1,January,1,59496,53.51155070382947,Normal
ATM_0019,2023-03-04,Saturday,Morning,68181,17560,Mall,0,0,81076,Rainy,3,63628,2023,3,March,1,50621,84.0951699639844,High Risk
ATM_0033,2023-06-22,Thursday,Morning,75105,8874,Supermarket,0,0,130493,Clear,2,64829,2023,6,June,2,66231,57.554811369192215,Normal
ATM_0026,2023-11-04,Saturday,Morning,49921,7340,Gas Station,0,1,94598,Clear,3,49865,2023,11,November,4,42581,52.77172878919216,Normal
ATM_0033,2023-04-30,Sunday,Evening,31415,6372,Mall,0,0,78433,Snowy,3,27397,2023,4,April,2,25043,40.0532938941517,Normal
ATM_0039,2022-02-16,Wednesday,Evening,72649,6810,Mall,0,0,126701,Cloudy,2,69686,2022,2,February,1,65839,57.33893181584991,Normal
ATM_0026,2023-07-25,Tuesday,Afternoon,39730,8689,Gas Station,0,0,91413,Clear,0,33553,2023,7,July,3,31041,43.462089637141325,Normal
ATM_0031,2022-06-09,Thursday,Night,33903,16077,Bank Branch,0,0,75526,Clear,5,26559,2022,6,June,2,17826,44.88917723697799,Normal
ATM_0043,2022-10-25,Tuesday,Night,54061,4198,Bank Branch,0,0,121510,Cloudy,1,47837,2022,10,October,4,49863,44.49098839601679,Normal
ATM_0023,2023-03-07,Tuesday,Evening,51823,13033,Mall,0,0,149009,Rainy,5,49583,2023,3,March,1,38790,34.77843620184016,Normal
ATM_0047,2023-12-31,Sunday,Morning,34771,10852,Supermarket,1,0,122209,Cloudy,4,27904,2023,12,December,4,23919,28.452077997528825,Normal
ATM_0029,2023-06-17,Saturday,Evening,30955,14923,Mall,0,0,126510,Snowy,2,14122,2023,6,June,2,16032,24.468421468658605,Normal
ATM_0039,2023-07-16,Sunday,Afternoon,43358,6847,Gas Station,0,0,80454,Clear,2,47929,2023,7,July,3,36511,53.89166480224725,Normal
ATM_0025,2023-05-08,Monday,Evening,48469,12874,Supermarket,0,0,109805,Cloudy,3,48859,2023,5,May,2,35595,44.1409771868312,Normal
ATM_0034,2023-06-12,Monday,Night,48776,3513,Gas Station,0,0,103202,Snowy,3,48249,2023,6,June,2,45263,47.26264994864441,Normal
ATM_0007,2022-03-28,Monday,Night,41245,6941,Standalone,0,0,104555,Clear,2,31164,2022,3,March,1,34304,39.448137343981635,Normal
ATM_0043,2023-09-15,Friday,Evening,51381,947,Gas Station,0,0,130650,Snowy,1,56457,2023,9,September,3,50434,39.327210103329506,Normal
ATM_0049,2022-04-02,Saturday,Morning,29614,8827,Gas Station,0,0,76052,Rainy,0,24975,2022,4,April,2,20787,38.93914689948982,Normal
ATM_0047,2022-02-03,Thursday,Afternoon,40502,7375,Standalone,0,0,91291,Snowy,3,35400,2022,2,February,1,33127,44.36581919356782,Normal
ATM_0022,2022-08-08,Monday,Afternoon,46894,18919,Gas Station,0,0,82080,Cloudy,1,28614,2022,8,August,3,27975,57.132066276803116,Normal
ATM_0002,2023-11-25,Saturday,Afternoon,59182,16015,Mall,0,0,123606,Cloudy,0,52710,2023,11,November,4,43167,47.87955277251913,Normal
ATM_0038,2022-06-14,Tuesday,Night,31279,12548,Mall,0,0,109568,Cloudy,5,26996,2022,6,June,2,18731,28.547568633177573,Normal
ATM_0010,2022-01-13,Thursday,Morning,68544,11641,Bank Branch,0,0,75034,Clear,1,60316,2022,1,January,1,56903,91.35058773356079,High Risk
ATM_0024,2022-10-25,Tuesday,Evening,43159,10595,Standalone,0,0,88919,Clear,2,37142,2022,10,October,4,32564,48.53743294459002,Normal
ATM_0019,2023-08-28,Monday,Morning,68947,17212,Supermarket,0,1,92825,Clear,5,70470,2023,8,August,3,51735,74.27632642068409,Normal
ATM_0037,2023-08-24,Thursday,Afternoon,42497,17155,Supermarket,0,0,123317,Cloudy,5,24355,2023,8,August,3,25342,34.46159085933002,Normal
ATM_0030,2022-08-31,Wednesday,Night,24679,11202,Bank Branch,0,0,117605,Clear,3,14825,2022,8,August,3,13477,20.98465201309468,Normal
ATM_0014,2022-01-14,Friday,Afternoon,48806,3958,Standalone,0,0,86714,Rainy,5,51319,2022,1,January,1,44848,56.283875729409324,Normal
ATM_0004,2022-01-29,Saturday,Morning,43674,2260,Supermarket,0,0,117831,Rainy,2,39267,2022,1,January,1,41414,37.06494895231306,Normal
ATM_0011,2023-09-22,Friday,Evening,23600,11035,Supermarket,0,1,103720,Clear,3,22175,2023,9,September,3,12565,22.75356729656768,Normal
ATM_0045,2022-10-12,Wednesday,Morning,71624,11443,Gas Station,0,1,80461,Cloudy,2,77420,2022,10,October,4,60181,89.01703931097053,High Risk
ATM_0018,2023-02-28,Tuesday,Night,51921,7637,Bank Branch,0,0,109775,Cloudy,5,42230,2023,2,February,1,44284,47.29765429287178,Normal
ATM_0013,2023-01-03,Tuesday,Morning,33263,10123,Supermarket,0,0,76443,Cloudy,1,21496,2023,1,January,1,23140,43.5134675509857,Normal
ATM_0010,2022-12-11,Sunday,Afternoon,43628,7478,Gas Station,0,0,101432,Cloudy,0,30014,2022,12,December,4,36150,43.01206719772853,Normal
ATM_0001,2022-06-19,Sunday,Afternoon,61802,12952,Bank Branch,0,0,122797,Rainy,2,45472,2022,6,June,2,48850,50.328591089358866,Normal
ATM_0003,2023-01-17,Tuesday,Night,48775,11535,Gas Station,0,0,92456,Clear,1,36817,2023,1,January,1,37240,52.754823916241236,Normal
ATM_0024,2022-03-22,Tuesday,Evening,39744,10995,Supermarket,0,0,71748,Clear,2,25543,2022,3,March,1,28749,55.39387857501254,Normal
ATM_0007,2023-06-13,Tuesday,Afternoon,54545,19610,Supermarket,0,0,100352,Clear,2,41378,2023,6,June,2,34935,54.35367506377551,Normal
ATM_0005,2023-02-27,Monday,Night,50939,12244,Gas Station,0,0,94851,Clear,1,40029,2023,2,February,1,38695,53.70423084627468,Normal
ATM_0014,2023-08-17,Thursday,Afternoon,34826,7211,Gas Station,0,0,77300,Snowy,2,34122,2023,8,August,3,27615,45.05304010349288,Normal
ATM_0032,2023-10-13,Friday,Morning,74726,13777,Supermarket,0,0,126117,Rainy,3,67369,2023,10,October,4,60949,59.2513301141004,Normal
ATM_0006,2022-12-01,Thursday,Afternoon,64611,14165,Gas Station,1,0,93244,Snowy,4,48128,2022,12,December,4,50446,69.29239414868516,Normal
ATM_0019,2022-11-07,Monday,Evening,52113,7896,Bank Branch,0,0,95617,Rainy,2,49238,2022,11,November,4,44217,54.50181453088886,Normal
ATM_0045,2023-07-23,Sunday,Afternoon,51022,9190,Standalone,0,0,101110,Cloudy,1,50366,2023,7,July,3,41832,50.46187320739788,Normal
ATM_0047,2022-03-14,Monday,Afternoon,27215,4613,Gas Station,0,0,122146,Clear,2,21976,2022,3,March,1,22602,22.280713244805398,Normal
ATM_0024,2022-02-12,Saturday,Afternoon,49086,8681,Mall,0,0,111158,Clear,4,44332,2022,2,February,1,40405,44.158765001169506,Normal
ATM_0003,2023-12-14,Thursday,Afternoon,53691,11981,Gas Station,0,0,104457,Clear,2,39082,2023,12,December,4,41710,51.40009764783595,Normal
ATM_0008,2023-09-11,Monday,Afternoon,57738,22285,Supermarket,0,0,93974,Cloudy,0,52166,2023,9,September,3,35453,61.440398408070315,Normal
ATM_0002,2022-09-28,Wednesday,Night,73941,7277,Mall,0,0,80023,Clear,0,52782,2022,9,September,3,66664,92.39968509053647,Normal
ATM_0038,2023-09-23,Saturday,Afternoon,31367,17965,Standalone,0,0,79237,Cloudy,5,13054,2023,9,September,3,13402,39.586304378005224,Normal
ATM_0044,2023-09-06,Wednesday,Afternoon,28274,8538,Standalone,0,0,81244,Cloudy,4,21550,2023,9,September,3,19736,34.80133917581606,Normal
ATM_0036,2023-11-17,Friday,Afternoon,39625,14657,Standalone,0,0,116493,Clear,1,22069,2023,11,November,4,24968,34.01491935137734,Normal
ATM_0017,2022-03-22,Tuesday,Evening,53734,10842,Mall,0,0,88623,Clear,4,45689,2022,3,March,1,42892,60.63211581643591,Normal
ATM_0007,2022-04-24,Sunday,Morning,51947,8323,Standalone,0,0,74622,Snowy,0,45317,2022,4,April,2,43624,69.61351880142585,Normal
ATM_0045,2023-12-22,Friday,Afternoon,77061,8451,Bank Branch,0,0,115519,Clear,3,65280,2023,12,December,4,68610,66.70850682571698,Normal
ATM_0038,2023-11-16,Thursday,Morning,18133,8988,Standalone,0,0,148439,Clear,4,12737,2023,11,November,4,9145,12.21579234567735,Normal
ATM_0024,2023-03-01,Wednesday,Morning,46183,16824,Supermarket,0,0,141465,Clear,3,29375,2023,3,March,1,29359,32.64623758526844,Normal
ATM_0030,2022-04-13,Wednesday,Evening,48359,8454,Supermarket,0,0,101637,Rainy,0,40381,2022,4,April,2,39905,47.58011354132846,Normal
ATM_0002,2022-07-22,Friday,Morning,50894,928,Standalone,0,0,91464,Snowy,3,45059,2022,7,July,3,49966,55.64375054666317,Normal
ATM_0018,2022-11-19,Saturday,Night,54670,12562,Bank Branch,0,1,111780,Rainy,3,58652,2022,11,November,4,42108,48.90857040615495,Normal
ATM_0021,2023-11-09,Thursday,Night,50686,4760,Supermarket,0,0,62966,Clear,3,53973,2023,11,November,4,45926,80.49741130133722,High Risk
ATM_0047,2022-10-02,Sunday,Morning,41799,9496,Bank Branch,0,0,96068,Cloudy,2,28299,2022,10,October,4,32303,43.509805554398966,Normal
ATM_0017,2023-09-26,Tuesday,Night,62158,19896,Mall,0,0,143815,Rainy,1,53032,2023,9,September,3,42262,43.220804505788685,Normal
ATM_0039,2022-04-20,Wednesday,Afternoon,51455,9250,Gas Station,0,0,113583,Snowy,0,50026,2022,4,April,2,42205,45.30167366595353,Normal
ATM_0012,2023-10-08,Sunday,Night,32972,8445,Standalone,0,0,123122,Cloudy,0,23207,2023,10,October,4,24527,26.779941846298794,Normal
ATM_0015,2022-06-21,Tuesday,Night,39227,20028,Gas Station,0,0,125260,Clear,5,29425,2022,6,June,2,19199,31.316461759540154,Normal
ATM_0042,2023-07-24,Monday,Morning,55938,16921,Standalone,0,0,89623,Cloudy,1,33148,2023,7,July,3,39017,62.41478191981968,Normal
ATM_0006,2023-12-03,Sunday,Morning,60984,15387,Mall,0,0,124306,Cloudy,5,49594,2023,12,December,4,45597,49.0595787813943,Normal
ATM_0022,2022-10-30,Sunday,Night,34712,10747,Mall,0,0,59679,Rainy,3,26460,2022,10,October,4,23965,58.16451348045376,Normal
ATM_0003,2023-02-02,Thursday,Evening,19315,10605,Mall,0,0,107273,Cloudy,2,14027,2023,2,February,1,8710,18.005462697976192,Normal
ATM_0034,2023-02-14,Tuesday,Night,40513,10933,Supermarket,0,0,104548,Cloudy,5,28989,2023,2,February,1,29580,38.75062172399281,Normal
ATM_0041,2023-08-21,Monday,Evening,34297,15087,Supermarket,0,0,102298,Clear,3,32119,2023,8,August,3,19210,33.526559659035364,Normal
ATM_0001,2023-10-28,Saturday,Afternoon,74503,4793,Gas Station,0,0,78304,Clear,0,79106,2023,10,October,4,69710,95.14584184715979,High Risk
ATM_0030,2023-04-25,Tuesday,Morning,36414,10666,Mall,0,0,130829,Rainy,5,27365,2023,4,April,2,25748,27.83327855444894,Normal
ATM_0031,2022-11-17,Thursday,Evening,53745,0,Supermarket,0,0,115900,Rainy,0,63417,2022,11,November,4,53745,46.37187230371009,Normal
ATM_0029,2023-06-25,Sunday,Morning,66772,10368,Mall,0,1,84311,Clear,3,57902,2023,6,June,2,56404,79.197257771821,High Risk
ATM_0007,2023-08-11,Friday,Night,63954,9431,Mall,0,1,82779,Snowy,4,76727,2023,8,August,3,54523,77.25872503895916,High Risk
ATM_0002,2022-06-24,Friday,Morning,26962,679,Standalone,0,0,126250,Clear,2,29535,2022,6,June,2,26283,21.356039603960397,Normal
ATM_0022,2023-08-30,Wednesday,Night,76748,7185,Gas Station,0,0,87450,Rainy,1,77644,2023,8,August,3,69563,87.76214979988565,Normal
ATM_0043,2023-11-09,Thursday,Evening,48017,17829,Supermarket,0,0,112417,Snowy,2,30656,2023,11,November,4,30188,42.71329069446792,Normal
ATM_0011,2022-08-23,Tuesday,Morning,71741,9108,Gas Station,0,0,105983,Clear,1,70167,2022,8,August,3,62633,67.6910447902022,Normal
ATM_0047,2022-08-28,Sunday,Evening,45477,12658,Bank Branch,0,1,100361,Clear,2,37828,2022,8,August,3,32819,45.313418559002,Normal
ATM_0040,2023-12-13,Wednesday,Afternoon,35337,11680,Gas Station,0,0,89417,Snowy,1,27966,2023,12,December,4,23657,39.519330776026926,Normal
ATM_0047,2023-01-31,Tuesday,Morning,46734,9476,Supermarket,1,0,86350,Cloudy,1,37495,2023,1,January,1,37258,54.12159814707586,Normal
ATM_0007,2023-04-11,Tuesday,Afternoon,35481,1938,Supermarket,0,0,97069,Cloudy,5,34221,2023,4,April,2,33543,36.552349359733796,Normal
ATM_0010,2022-10-07,Friday,Night,59279,11405,Bank Branch,0,1,80208,Rainy,5,71628,2022,10,October,4,47874,73.90659285856772,High Risk
ATM_0036,2022-12-24,Saturday,Night,71332,8071,Standalone,1,1,97974,Rainy,4,65935,2022,12,December,4,63261,72.80707126380467,Normal
ATM_0010,2023-05-06,Saturday,Night,47580,1146,Supermarket,0,0,120175,Clear,2,45144,2023,5,May,2,46434,39.59226128562513,Normal
ATM_0045,2022-03-22,Tuesday,Afternoon,58964,17304,Standalone,0,0,78401,Clear,3,45779,2022,3,March,1,41660,75.20822438489306,Normal
ATM_0039,2023-02-04,Saturday,Night,43302,13355,Mall,0,0,78977,Snowy,2,45006,2023,2,February,1,29947,54.82862099092141,Normal
ATM_0036,2023-10-19,Thursday,Morning,44311,9160,Gas Station,0,0,82842,Snowy,3,46821,2023,10,October,4,35151,53.48856860046837,Normal
ATM_0039,2022-05-09,Monday,Morning,24881,7447,Mall,0,0,127085,Snowy,0,22343,2022,5,May,2,17434,19.578235039540466,Normal
ATM_0026,2023-12-16,Saturday,Afternoon,52685,6176,Standalone,0,0,125552,Cloudy,2,57609,2023,12,December,4,46509,41.962692748821205,Normal
ATM_0026,2022-08-02,Tuesday,Night,53184,14809,Mall,0,0,78633,Snowy,5,44974,2022,8,August,3,38375,67.63572545877685,Normal
ATM_0041,2023-10-24,Tuesday,Evening,54346,5965,Standalone,0,0,99079,Rainy,4,58577,2023,10,October,4,48381,54.85117936192332,Normal
ATM_0046,2022-09-01,Thursday,Evening,59169,11172,Bank Branch,0,0,112021,Clear,5,44703,2022,9,September,3,47997,52.81956061809839,Normal
ATM_0035,2023-02-09,Thursday,Night,32673,9812,Supermarket,0,1,93405,Snowy,2,35940,2023,2,February,1,22861,34.979926128151604,Normal
ATM_0009,2023-09-11,Monday,Morning,61787,16768,Standalone,0,0,100006,Rainy,3,36727,2023,9,September,3,45019,61.78329300241986,Normal
ATM_0004,2022-01-08,Saturday,Morning,50911,6162,Mall,0,0,89146,Clear,5,52270,2022,1,January,1,44749,57.10968523545644,Normal
ATM_0050,2022-02-26,Saturday,Morning,43874,17214,Standalone,0,0,98562,Cloudy,0,34706,2022,2,February,1,26660,44.514112944136684,Normal
ATM_0038,2023-04-16,Sunday,Afternoon,62394,9872,Supermarket,0,0,129384,Snowy,5,52441,2023,4,April,2,52522,48.223891671304024,Normal
ATM_0040,2023-10-04,Wednesday,Morning,61662,11131,Bank Branch,0,1,66676,Rainy,0,54659,2023,10,October,4,50531,92.48005279260903,High Risk
ATM_0004,2023-11-20,Monday,Afternoon,65351,14536,Bank Branch,0,0,110095,Snowy,5,62509,2023,11,November,4,50815,59.35873563740406,Normal
ATM_0025,2023-08-10,Thursday,Morning,39861,10851,Supermarket,0,0,89732,Cloudy,1,31788,2023,8,August,3,29010,44.42227967726118,Normal
ATM_0013,2023-11-22,Wednesday,Afternoon,60473,10219,Mall,0,0,129014,Snowy,4,47096,2023,11,November,4,50254,46.87320755886958,Normal
ATM_0008,2023-05-21,Sunday,Night,61486,8574,Bank Branch,0,0,78712,Cloudy,2,44790,2023,5,May,2,52912,78.11515397906291,Normal
ATM_0021,2023-03-06,Monday,Morning,47254,6533,Supermarket,0,0,92447,Clear,4,48111,2023,3,March,1,40721,51.11469274286888,Normal
ATM_0036,2022-05-20,Friday,Afternoon,65917,1996,Mall,0,0,101159,Clear,4,75995,2022,5,May,2,63921,65.16177502743207,Normal
ATM_0047,2023-02-12,Sunday,Evening,64500,17531,Mall,0,0,69038,Clear,5,46296,2023,2,February,1,46969,93.426808424346,Normal
ATM_0041,2023-10-05,Thursday,Afternoon,44727,5447,Mall,0,0,69000,Cloudy,2,30825,2023,10,October,4,39280,64.82173913043479,Normal
ATM_0049,2022-04-30,Saturday,Night,35769,1555,Supermarket,0,0,101169,Rainy,2,35801,2022,4,April,2,34214,35.35569196097619,Normal
ATM_0041,2023-09-17,Sunday,Morning,63444,14226,Gas Station,0,0,99945,Cloudy,2,56006,2023,9,September,3,49218,63.478913402371305,Normal
ATM_0001,2022-09-07,Wednesday,Afternoon,49180,9217,Bank Branch,0,0,89063,Clear,5,44319,2022,9,September,3,39963,55.21933911949968,Normal
ATM_0037,2022-08-22,Monday,Afternoon,51301,10561,Standalone,0,0,130222,Rainy,5,38266,2022,8,August,3,40740,39.395033097326106,Normal
ATM_0026,2023-04-11,Tuesday,Morning,52228,3891,Bank Branch,0,0,106117,Rainy,3,51200,2023,4,April,2,48337,49.21737327666632,Normal
ATM_0038,2022-09-24,Saturday,Evening,20119,15969,Bank Branch,0,1,128612,Snowy,1,20579,2022,9,September,3,4150,15.64317482039001,Normal
ATM_0040,2023-03-01,Wednesday,Evening,64765,3352,Standalone,0,0,108094,Snowy,1,51103,2023,3,March,1,61413,59.91544396543749,Normal
ATM_0048,2023-10-07,Saturday,Night,37581,12176,Supermarket,0,0,111006,Clear,0,28369,2023,10,October,4,25405,33.854926760715635,Normal
ATM_0005,2022-11-13,Sunday,Afternoon,52574,19270,Bank Branch,0,0,69512,Snowy,0,48552,2022,11,November,4,33304,75.6329842329382,Normal
ATM_0039,2023-12-26,Tuesday,Morning,75434,8371,Standalone,0,0,85949,Cloudy,0,78354,2023,12,December,4,67063,87.76600076789724,High Risk
ATM_0022,2022-11-21,Monday,Evening,57095,7289,Supermarket,0,0,172227,Clear,5,47150,2022,11,November,4,49806,33.15101581052913,Normal
ATM_0025,2023-12-17,Sunday,Afternoon,67978,6874,Gas Station,0,0,94403,Clear,1,56718,2023,12,December,4,61104,72.00830482082137,Normal
ATM_0023,2023-08-14,Monday,Morning,33976,12697,Bank Branch,0,0,106383,Snowy,3,27700,2023,8,August,3,21279,31.937433612513278,Normal
ATM_0016,2023-04-25,Tuesday,Afternoon,38445,11785,Mall,0,0,72729,Cloudy,3,20744,2023,4,April,2,26660,52.860619560285436,Normal
ATM_0047,2022-01-24,Monday,Afternoon,30595,8192,Bank Branch,1,0,114656,Snowy,0,26572,2022,1,January,1,22403,26.68416829472509,Normal
ATM_0035,2022-01-07,Friday,Afternoon,58925,15658,Supermarket,0,0,70193,Cloudy,3,53736,2022,1,January,1,43267,83.94711723391222,Normal
ATM_0050,2022-08-21,Sunday,Night,69992,11794,Supermarket,0,0,146960,Snowy,3,59356,2022,8,August,3,58198,47.626565051714756,Normal
ATM_0038,2022-11-20,Sunday,Evening,59139,6095,Mall,0,0,82495,Rainy,2,44793,2022,11,November,4,53044,71.68798108976301,Normal
ATM_0047,2023-04-08,Saturday,Evening,23471,4871,Mall,0,0,93631,Cloudy,5,15507,2023,4,April,2,18600,25.067552413196488,Normal
ATM_0014,2023-02-05,Sunday,Night,60909,5065,Mall,0,0,100463,Cloudy,1,57219,2023,2,February,1,55844,60.62829101261161,Normal
ATM_0023,2023-02-07,Tuesday,Night,27390,3742,Gas Station,0,0,111775,Rainy,2,19742,2023,2,February,1,23648,24.504585104003578,Normal
ATM_0036,2022-10-26,Wednesday,Afternoon,46635,12517,Bank Branch,0,0,93981,Clear,4,30266,2022,10,October,4,34118,49.62173205222332,Normal
ATM_0003,2023-01-06,Friday,Night,63825,8894,Bank Branch,0,0,112157,Rainy,4,45802,2023,1,January,1,54931,56.90683595317279,Normal
ATM_0011,2023-10-06,Friday,Evening,32096,18669,Supermarket,0,0,125547,Cloudy,1,18716,2023,10,October,4,13427,25.564927875616306,Normal
ATM_0011,2022-04-24,Sunday,Morning,57164,3401,Gas Station,0,0,97368,Rainy,0,63971,2022,4,April,2,53763,58.70922685071071,Normal
ATM_0011,2023-10-14,Saturday,Night,56399,9076,Bank Branch,0,0,110776,Snowy,2,47047,2023,10,October,4,47323,50.91265256012133,Normal
ATM_0035,2022-12-24,Saturday,Afternoon,64731,14879,Bank Branch,1,0,150072,Rainy,0,47858,2022,12,December,4,49852,43.133296017911405,Normal
ATM_0005,2023-09-24,Sunday,Night,16892,13754,Mall,0,0,60626,Rainy,4,5526,2023,9,September,3,3138,27.862633193679283,Normal
ATM_0031,2022-09-17,Saturday,Morning,35721,13901,Gas Station,0,0,88939,Rainy,3,28388,2022,9,September,3,21820,40.1634828365509,Normal
ATM_0040,2023-12-16,Saturday,Night,54506,19074,Bank Branch,0,0,88054,Snowy,0,32729,2023,12,December,4,35432,61.90065187271448,Normal
ATM_0011,2023-10-02,Monday,Evening,65871,11774,Standalone,0,0,71746,Clear,0,56814,2023,10,October,4,54097,91.81139018203105,High Risk
ATM_0024,2022-03-24,Thursday,Morning,39556,14998,Supermarket,0,0,95759,Snowy,5,32159,2022,3,March,1,24558,41.307866623502754,Normal
ATM_0035,2022-09-20,Tuesday,Afternoon,46008,2533,Bank Branch,0,0,79933,Rainy,1,53102,2022,9,September,3,43475,57.55820499668472,Normal
ATM_0045,2022-02-18,Friday,Morning,60618,8096,Bank Branch,0,0,100514,Cloudy,1,62709,2022,2,February,1,52522,60.30801679368049,Normal
ATM_0009,2022-09-04,Sunday,Evening,67198,4506,Mall,0,0,111405,Rainy,0,74222,2022,9,September,3,62692,60.3186571518334,Normal
ATM_0046,2022-07-14,Thursday,Evening,61325,14929,Bank Branch,0,0,71741,Snowy,1,55586,2022,7,July,3,46396,85.48110564391352,High Risk
ATM_0030,2022-12-05,Monday,Afternoon,48513,12417,Supermarket,0,0,115607,Cloudy,4,49710,2022,12,December,4,36096,41.963721919952945,Normal
ATM_0010,2023-07-28,Friday,Morning,34617,19169,Supermarket,0,0,109990,Cloudy,5,16473,2023,7,July,3,15448,31.4728611691972,Normal
ATM_0026,2022-08-15,Monday,Morning,61918,12532,Gas Station,0,0,132483,Cloudy,4,49407,2022,8,August,3,49386,46.73656242687741,Normal
ATM_0025,2023-07-26,Wednesday,Night,45331,7475,Standalone,0,0,77623,Rainy,0,32120,2023,7,July,3,37856,58.398928152738236,Normal
ATM_0017,2023-01-18,Wednesday,Evening,69352,16638,Standalone,0,0,96084,Clear,3,60312,2023,1,January,1,52714,72.1785104700054,Normal
ATM_0007,2023-03-23,Thursday,Night,44108,18267,Standalone,0,0,87256,Clear,0,23791,2023,3,March,1,25841,50.550105436875405,Normal
ATM_0044,2023-07-14,Friday,Evening,48248,12171,Standalone,0,0,134488,Snowy,4,31961,2023,7,July,3,36077,35.87531973112843,Normal
ATM_0002,2022-04-13,Wednesday,Evening,52996,10977,Mall,0,0,103586,Snowy,1,42756,2022,4,April,2,42019,51.16135385090649,Normal
ATM_0038,2023-02-27,Monday,Afternoon,37880,15064,Supermarket,0,0,93292,Rainy,2,28247,2023,2,February,1,22816,40.60369592247996,Normal
ATM_0007,2022-05-02,Monday,Evening,42055,18510,Mall,0,0,96976,Clear,5,32365,2022,5,May,2,23545,43.36639993400429,Normal
ATM_0040,2023-02-22,Wednesday,Night,76326,7485,Mall,0,0,76379,Rainy,0,83681,2023,2,February,1,68841,99.93060919886356,High Risk
ATM_0022,2022-06-16,Thursday,Evening,42485,15034,Standalone,0,0,79085,Rainy,5,31849,2022,6,June,2,27451,53.72068028071063,Normal
ATM_0011,2022-05-17,Tuesday,Morning,60267,3699,Standalone,0,0,87853,Rainy,3,61295,2022,5,May,2,56568,68.59982015412109,Normal
ATM_0042,2023-04-01,Saturday,Evening,41108,14518,Bank Branch,0,0,126773,Snowy,5,40272,2023,4,April,2,26590,32.426463048125385,Normal
ATM_0004,2023-12-18,Monday,Evening,45415,4062,Gas Station,0,1,76380,Rainy,2,44747,2023,12,December,4,41353,59.45928253469495,Normal
ATM_0048,2023-11-24,Friday,Afternoon,22428,13937,Supermarket,0,0,100338,Clear,0,14188,2023,11,November,4,8491,22.352448723315195,Normal
ATM_0008,2022-12-04,Sunday,Afternoon,34415,15127,Standalone,0,0,84281,Cloudy,1,23739,2022,12,December,4,19288,40.8336398476525,Normal
ATM_0030,2023-04-02,Sunday,Afternoon,32901,1381,Gas Station,0,0,117100,Clear,3,29630,2023,4,April,2,31520,28.09649871904355,Normal
ATM_0018,2023-06-29,Thursday,Morning,52805,12933,Bank Branch,0,0,108909,Snowy,4,51970,2023,6,June,2,39872,48.48543279251486,Normal
ATM_0033,2022-01-08,Saturday,Night,49252,9408,Mall,0,0,136107,Cloudy,0,35095,2022,1,January,1,39844,36.18623582916382,Normal
ATM_0020,2022-05-15,Sunday,Afternoon,42836,10240,Supermarket,0,1,125988,Rainy,2,36830,2022,5,May,2,32596,34.00006349811093,Normal
ATM_0045,2022-12-03,Saturday,Evening,71166,4692,Standalone,0,0,105048,Rainy,0,78796,2022,12,December,4,66474,67.74617317797578,Normal
ATM_0021,2022-12-28,Wednesday,Night,84556,12695,Gas Station,0,0,68121,Cloudy,4,88236,2022,12,December,4,71861,124.12618722567197,High Risk
ATM_0039,2022-04-01,Friday,Morning,39109,6880,Bank Branch,0,0,83559,Rainy,0,40129,2022,4,April,2,32229,46.8040546200888,Normal
ATM_0046,2022-11-09,Wednesday,Evening,60229,15458,Gas Station,0,0,110484,Rainy,3,50168,2022,11,November,4,44771,54.513775750334894,Normal
ATM_0017,2022-11-29,Tuesday,Morning,20687,10736,Mall,0,1,117228,Clear,4,21043,2022,11,November,4,9951,17.646807929846112,Normal
ATM_0037,2023-01-01,Sunday,Night,53566,8724,Mall,1,0,101737,Clear,2,45131,2023,1,January,1,44842,52.65144441058809,Normal
ATM_0043,2022-06-21,Tuesday,Afternoon,66887,9580,Mall,0,0,99395,Rainy,3,68517,2022,6,June,2,57307,67.2941294833744,Normal
ATM_0046,2023-06-19,Monday,Night,33379,18879,Mall,0,0,76472,Rainy,2,20985,2023,6,June,2,14500,43.64865571712522,Normal
ATM_0030,2023-03-20,Monday,Morning,40186,2982,Bank Branch,0,0,78145,Rainy,0,30583,2023,3,March,1,37204,51.42491522170325,Normal
ATM_0044,2023-05-23,Tuesday,Evening,54167,21722,Gas Station,0,1,124925,Clear,5,46214,2023,5,May,2,32445,43.359615769461676,Normal
ATM_0016,2023-08-09,Wednesday,Night,46278,11811,Supermarket,0,0,92346,Rainy,3,41237,2023,8,August,3,34467,50.11370281333247,Normal
ATM_0007,2023-10-11,Wednesday,Evening,35866,19362,Gas Station,0,1,130334,Rainy,1,21399,2023,10,October,4,16504,27.51852931698559,Normal
ATM_0034,2023-11-25,Saturday,Night,59868,9896,Supermarket,0,0,132785,Snowy,1,52712,2023,11,November,4,49972,45.086417893587374,Normal
ATM_0033,2023-01-10,Tuesday,Night,63859,12728,Supermarket,0,0,107925,Snowy,1,61547,2023,1,January,1,51131,59.169793838313645,Normal
ATM_0037,2023-04-24,Monday,Night,64708,10806,Bank Branch,0,0,94917,Clear,5,49727,2023,4,April,2,53902,68.17324609922353,Normal
ATM_0001,2023-04-27,Thursday,Afternoon,25922,5440,Gas Station,0,0,81182,Snowy,2,21011,2023,4,April,2,20482,31.930723559409724,Normal
ATM_0021,2023-04-19,Wednesday,Evening,42389,17811,Standalone,0,0,96848,Clear,3,32319,2023,4,April,2,24578,43.768585825210636,Normal
ATM_0026,2023-08-19,Saturday,Afternoon,73813,7122,Gas Station,0,0,95549,Snowy,2,73137,2023,8,August,3,66691,77.25146260034118,Normal
ATM_0042,2022-08-26,Friday,Evening,48407,12372,Gas Station,0,0,124658,Clear,5,30299,2022,8,August,3,36035,38.83184392497874,Normal
ATM_0026,2022-02-01,Tuesday,Evening,67680,12438,Bank Branch,0,0,85289,Rainy,4,48845,2022,2,February,1,55242,79.35372674084583,Normal
ATM_0034,2022-12-04,Sunday,Morning,64961,8957,Gas Station,0,0,93383,Cloudy,2,55369,2022,12,December,4,56004,69.56405341443303,Normal
ATM_0033,2022-11-18,Friday,Night,55834,13309,Supermarket,0,0,84341,Cloudy,2,49817,2022,11,November,4,42525,66.20030590104456,Normal
ATM_0027,2023-11-13,Monday,Morning,55772,16747,Gas Station,0,0,80870,Snowy,1,33765,2023,11,November,4,39025,68.96500556448622,Normal
ATM_0020,2023-11-25,Saturday,Morning,65320,15059,Gas Station,0,0,92913,Rainy,0,56534,2023,11,November,4,50261,70.30232583169202,Normal
ATM_0029,2023-10-30,Monday,Morning,83144,13253,Gas Station,0,0,119678,Cloudy,0,78184,2023,10,October,4,69891,69.473086114407,Normal
ATM_0044,2023-10-15,Sunday,Afternoon,55747,7999,Standalone,0,0,109295,Clear,3,50279,2023,10,October,4,47748,51.00599295484698,Normal
ATM_0033,2023-07-02,Sunday,Afternoon,68475,5897,Gas Station,0,0,64260,Rainy,1,62397,2023,7,July,3,62578,106.5592903828198,High Risk
ATM_0013,2023-12-30,Saturday,Evening,50713,5066,Standalone,0,0,96289,Rainy,3,57014,2023,12,December,4,45647,52.667490575247434,Normal
ATM_0038,2023-08-25,Friday,Evening,66448,11037,Bank Branch,0,1,75272,Snowy,5,57140,2023,8,August,3,55411,88.27718142204273,High Risk
ATM_0050,2022-02-14,Monday,Afternoon,35905,4753,Bank Branch,0,0,96495,Rainy,5,26490,2022,2,February,1,31152,37.209181822892376,Normal
ATM_0026,2022-11-19,Saturday,Afternoon,44713,15027,Bank Branch,0,0,116680,Snowy,5,26767,2022,11,November,4,29686,38.32104902296881,Normal
ATM_0043,2023-12-29,Friday,Evening,41309,8449,Mall,0,0,71995,Cloudy,1,35575,2023,12,December,4,32860,57.37759566636572,Normal
ATM_0017,2023-09-01,Friday,Morning,35605,18171,Bank Branch,0,0,94016,Rainy,1,13346,2023,9,September,3,17434,37.87121341048332,Normal
ATM_0018,2023-05-09,Tuesday,Night,44577,7960,Mall,0,0,93616,Snowy,0,37599,2023,5,May,2,36617,47.616860365749446,Normal
ATM_0038,2022-09-06,Tuesday,Evening,40100,7450,Standalone,0,0,125022,Cloudy,0,35269,2022,9,September,3,32650,32.07435491353522,Normal
ATM_0010,2022-02-07,Monday,Morning,58371,13808,Gas Station,0,0,137128,Snowy,0,56289,2022,2,February,1,44563,42.56679890321451,Normal
ATM_0013,2023-03-05,Sunday,Evening,61404,13131,Standalone,0,1,80105,Snowy,4,67758,2023,3,March,1,48273,76.65439111166594,High Risk
ATM_0018,2023-04-27,Thursday,Night,22647,3747,Mall,0,0,96471,Clear,4,20158,2023,4,April,2,18900,23.4754485804024,Normal
ATM_0037,2022-09-13,Tuesday,Morning,55305,15768,Bank Branch,0,0,101373,Clear,3,36693,2022,9,September,3,39537,54.55594684975289,Normal
ATM_0021,2022-01-31,Monday,Night,37851,14244,Gas Station,1,0,107385,Rainy,1,36030,2022,1,January,1,23607,35.24793965637659,Normal
ATM_0010,2023-07-09,Sunday,Afternoon,32216,5377,Mall,0,0,118686,Snowy,2,29412,2023,7,July,3,26839,27.143892287211635,Normal
ATM_0027,2023-07-25,Tuesday,Evening,54418,0,Bank Branch,0,0,70745,Snowy,2,60442,2023,7,July,3,54418,76.92133719697505,High Risk
ATM_0024,2022-11-28,Monday,Evening,51294,1969,Supermarket,0,0,111305,Rainy,3,48569,2022,11,November,4,49325,46.084183100489646,Normal
ATM_0014,2023-12-24,Sunday,Evening,34034,19512,Gas Station,1,0,73210,Cloudy,3,26453,2023,12,December,4,14522,46.48818467422483,Normal
ATM_0050,2023-07-06,Thursday,Evening,48169,12006,Bank Branch,0,0,102739,Rainy,3,37993,2023,7,July,3,36163,46.884824652760884,Normal
ATM_0027,2022-07-16,Saturday,Morning,53293,10658,Standalone,0,0,111272,Cloudy,0,54515,2022,7,July,3,42635,47.894348982673094,Normal
ATM_0002,2023-06-17,Saturday,Afternoon,42613,11386,Bank Branch,0,0,97715,Cloudy,5,36928,2023,6,June,2,31227,43.60947653891419,Normal
ATM_0043,2022-05-26,Thursday,Night,40078,14936,Supermarket,0,0,103515,Rainy,1,27504,2022,5,May,2,25142,38.717094140945754,Normal
ATM_0004,2023-08-01,Tuesday,Night,30598,16676,Standalone,0,1,96351,Clear,3,22153,2023,8,August,3,13922,31.756805845294807,Normal
ATM_0007,2023-04-14,Friday,Morning,42496,3635,Gas Station,0,0,92504,Cloudy,0,45437,2023,4,April,2,38861,45.93963504280896,Normal
ATM_0047,2022-03-10,Thursday,Evening,57077,5716,Mall,0,0,117704,Clear,1,55739,2022,3,March,1,51361,48.491979881737244,Normal
ATM_0038,2022-08-02,Tuesday,Evening,44837,0,Standalone,0,0,111643,Cloudy,3,41607,2022,8,August,3,44837,40.161049058158596,Normal
ATM_0039,2023-05-03,Wednesday,Afternoon,48121,17172,Mall,0,0,77253,Clear,4,35399,2023,5,May,2,30949,62.2901375998343,Normal
ATM_0042,2022-07-18,Monday,Afternoon,44639,13222,Bank Branch,0,0,132644,Clear,5,43236,2022,7,July,3,31417,33.65323723651277,Normal
ATM_0039,2022-06-11,Saturday,Night,45560,14591,Supermarket,0,0,97445,Clear,2,32179,2022,6,June,2,30969,46.75457950638822,Normal
ATM_0015,2022-01-26,Wednesday,Night,38329,4303,Mall,0,0,113692,Cloudy,0,42161,2022,1,January,1,34026,33.71301410829258,Normal
ATM_0004,2023-07-27,Thursday,Afternoon,46341,8584,Bank Branch,0,0,99818,Cloudy,3,44038,2023,7,July,3,37757,46.42549439980765,Normal
ATM_0048,2022-10-14,Friday,Afternoon,69472,18090,Gas Station,0,0,113668,Snowy,2,40734,2022,10,October,4,51382,61.11834465284864,Normal
ATM_0040,2023-07-28,Friday,Evening,49557,18073,Gas Station,0,0,86380,Cloudy,1,43901,2023,7,July,3,31484,57.37091919425793,Normal
ATM_0036,2022-05-29,Sunday,Morning,36931,6992,Gas Station,0,0,110457,Rainy,5,27927,2022,5,May,2,29939,33.43473025702309,Normal
ATM_0043,2023-06-15,Thursday,Morning,38568,12405,Mall,0,1,69657,Rainy,3,40714,2023,6,June,2,26163,55.36844825358542,Normal
ATM_0037,2023-07-21,Friday,Morning,67704,11871,Standalone,0,0,105513,Cloudy,2,56250,2023,7,July,3,55833,64.16650081032668,Normal
ATM_0033,2023-08-17,Thursday,Evening,42035,2431,Bank Branch,0,0,105048,Snowy,3,46170,2023,8,August,3,39604,40.015040743279265,Normal
ATM_0027,2022-01-14,Friday,Night,50732,5332,Mall,0,0,131373,Snowy,3,40936,2022,1,January,1,45400,38.61676295738089,Normal
ATM_0010,2023-12-13,Wednesday,Evening,59103,9993,Standalone,0,0,112547,Cloudy,1,57643,2023,12,December,4,49110,52.51406079238007,Normal
ATM_0029,2023-07-18,Tuesday,Night,46943,7477,Standalone,0,0,112685,Snowy,0,36712,2023,7,July,3,39466,41.6586058481608,Normal
ATM_0029,2022-01-04,Tuesday,Evening,31030,13192,Gas Station,0,0,87034,Cloudy,3,13698,2022,1,January,1,17838,35.65273341452765,Normal
ATM_0050,2022-02-24,Thursday,Night,57148,14536,Mall,0,0,103068,Cloudy,1,43103,2022,2,February,1,42612,55.44688943221951,Normal
ATM_0035,2022-11-10,Thursday,Afternoon,32005,524,Gas Station,0,0,122549,Rainy,4,27001,2022,11,November,4,31481,26.116084178573466,Normal
ATM_0010,2023-02-15,Wednesday,Morning,71835,6493,Gas Station,0,0,105011,Cloudy,0,65445,2023,2,February,1,65342,68.40711925417338,Normal
ATM_0001,2022-12-16,Friday,Afternoon,37620,7757,Gas Station,0,0,117965,Cloudy,0,32791,2022,12,December,4,29863,31.8908150722672,Normal
ATM_0022,2023-02-01,Wednesday,Night,19849,16350,Supermarket,0,0,104473,Rainy,0,7680,2023,2,February,1,3499,18.999167248954272,Normal
ATM_0045,2023-10-19,Thursday,Night,48208,15772,Gas Station,0,0,95058,Cloudy,4,42209,2023,10,October,4,32436,50.71430074270445,Normal
ATM_0024,2023-10-14,Saturday,Morning,29524,19736,Bank Branch,0,0,100559,Rainy,0,14346,2023,10,October,4,9788,29.359878280412495,Normal
ATM_0012,2022-09-26,Monday,Afternoon,34086,10701,Supermarket,0,0,99872,Rainy,2,26510,2022,9,September,3,23385,34.12968599807754,Normal
ATM_0044,2023-12-04,Monday,Evening,29480,12946,Mall,0,0,98908,Clear,0,20941,2023,12,December,4,16534,29.805475795688924,Normal
ATM_0037,2023-09-11,Monday,Morning,44323,7926,Supermarket,0,0,106354,Snowy,4,45394,2023,9,September,3,36397,41.674972262444285,Normal
ATM_0002,2023-06-19,Monday,Night,42731,697,Mall,0,1,119821,Clear,3,49091,2023,6,June,2,42034,35.6623630248454,Normal
ATM_0001,2023-12-10,Sunday,Night,35959,11511,Gas Station,0,0,89383,Clear,2,25628,2023,12,December,4,24448,40.230245124911896,Normal
ATM_0011,2022-02-10,Thursday,Night,71248,9986,Gas Station,0,0,80640,Clear,3,75032,2022,2,February,1,61262,88.3531746031746,High Risk
ATM_0019,2022-03-01,Tuesday,Evening,35633,12419,Bank Branch,0,0,102483,Snowy,5,33904,2022,3,March,1,23214,34.76966911585336,Normal
ATM_0029,2023-09-04,Monday,Night,37371,7880,Gas Station,0,0,114678,Snowy,3,37617,2023,9,September,3,29491,32.58776748809711,Normal
ATM_0006,2023-11-17,Friday,Morning,32808,14376,Standalone,0,1,96141,Clear,0,36990,2023,11,November,4,18432,34.1248790838456,Normal
ATM_0037,2022-01-01,Saturday,Morning,43831,3389,Gas Station,1,0,110512,Clear,3,46376,2022,1,January,1,40442,39.6617561893731,Normal
ATM_0036,2023-01-06,Friday,Morning,69781,9745,Bank Branch,0,0,81603,Clear,1,78212,2023,1,January,1,60036,85.51278752006667,High Risk
ATM_0023,2023-11-13,Monday,Evening,21817,10884,Supermarket,0,0,147006,Rainy,5,12413,2023,11,November,4,10933,14.840890847992599,Normal
ATM_0044,2023-09-25,Monday,Afternoon,69062,11797,Mall,0,0,51525,Rainy,4,44995,2023,9,September,3,57265,134.03590490053372,Normal
ATM_0031,2023-01-09,Monday,Night,61437,7103,Standalone,0,0,85965,Snowy,5,47414,2023,1,January,1,54334,71.46745768626766,Normal
ATM_0015,2023-09-06,Wednesday,Night,45151,10069,Standalone,0,0,88834,Cloudy,5,32332,2023,9,September,3,35082,50.826260215683185,Normal
ATM_0020,2022-09-18,Sunday,Afternoon,46789,4518,Standalone,0,0,87171,Snowy,5,41951,2022,9,September,3,42271,53.674960709410236,Normal
ATM_0042,2022-06-19,Sunday,Morning,52150,12844,Standalone,0,0,71736,Snowy,0,43524,2022,6,June,2,39306,72.69711163153787,Normal
ATM_0023,2022-08-05,Friday,Night,42582,6063,Standalone,0,0,104038,Snowy,0,37886,2022,8,August,3,36519,40.92927584151945,Normal
ATM_0013,2022-09-02,Friday,Night,28288,9329,Supermarket,0,0,101888,Cloudy,3,28453,2022,9,September,3,18959,27.763819095477388,Normal
ATM_0049,2023-02-09,Thursday,Night,40778,16369,Gas Station,0,0,70097,Cloudy,0,32571,2023,2,February,1,24409,58.17367362369288,Normal
ATM_0034,2022-11-24,Thursday,Evening,32926,12433,Gas Station,0,0,76767,Cloudy,2,26217,2022,11,November,4,20493,42.89082548490888,Normal
ATM_0039,2023-11-05,Sunday,Morning,34197,9334,Standalone,0,0,86002,Cloudy,4,28113,2023,11,November,4,24863,39.76302876677287,Normal
ATM_0033,2022-03-22,Tuesday,Evening,37075,3764,Standalone,0,0,96635,Clear,4,32491,2022,3,March,1,33311,38.36601645366586,Normal
ATM_0004,2022-08-05,Friday,Evening,47754,10968,Supermarket,0,0,85444,Snowy,5,40183,2022,8,August,3,36786,55.88923739525303,Normal
ATM_0003,2023-11-22,Wednesday,Evening,68640,14181,Gas Station,0,0,109535,Snowy,0,53963,2023,11,November,4,54459,62.66490162961611,Normal
ATM_0037,2023-09-25,Monday,Night,34898,12996,Bank Branch,0,0,85201,Snowy,1,26740,2023,9,September,3,21902,40.9596131500804,Normal
ATM_0021,2022-05-29,Sunday,Night,53826,11566,Supermarket,0,0,83777,Clear,0,45636,2022,5,May,2,42260,64.24913759146304,Normal
ATM_0045,2022-02-28,Monday,Evening,48213,0,Mall,0,1,85722,Snowy,3,61439,2022,2,February,1,48213,56.24343809057185,High Risk
ATM_0044,2023-03-11,Saturday,Evening,54460,2208,Supermarket,0,0,113537,Rainy,0,57642,2023,3,March,1,52252,47.966742119309124,Normal
ATM_0016,2023-01-01,Sunday,Night,26512,11572,Mall,1,0,86624,Rainy,0,20007,2023,1,January,1,14940,30.60583671961581,Normal
ATM_0043,2023-04-10,Monday,Afternoon,28907,14603,Standalone,0,0,110261,Clear,0,17964,2023,4,April,2,14304,26.216885390119803,Normal
ATM_0010,2022-06-01,Wednesday,Night,44289,9637,Standalone,0,0,120127,Cloudy,5,28064,2022,6,June,2,34652,36.868480857758875,Normal
ATM_0009,2022-01-09,Sunday,Evening,60361,1133,Standalone,0,0,125839,Rainy,4,65582,2022,1,January,1,59228,47.966846526116704,Normal
ATM_0034,2023-05-11,Thursday,Morning,52941,20126,Supermarket,0,0,112126,Clear,2,38094,2023,5,May,2,32815,47.21563241353478,Normal
ATM_0031,2023-12-01,Friday,Evening,28519,6927,Supermarket,1,0,96617,Snowy,3,33461,2023,12,December,4,21592,29.517579721995098,Normal
ATM_0020,2023-01-31,Tuesday,Morning,36893,8114,Standalone,1,0,72661,Rainy,3,29947,2023,1,January,1,28779,50.77414293775203,Normal
ATM_0007,2023-05-09,Tuesday,Evening,50085,19701,Gas Station,0,1,101270,Rainy,0,39368,2023,5,May,2,30384,49.45689740298212,Normal
ATM_0017,2023-03-17,Friday,Morning,50899,8697,Gas Station,0,0,115660,Snowy,4,47703,2023,3,March,1,42202,44.00743558706554,Normal
ATM_0004,2022-10-05,Wednesday,Evening,47849,12178,Bank Branch,0,0,94917,Rainy,3,30510,2022,10,October,4,35671,50.41141207581361,Normal
ATM_0029,2023-03-15,Wednesday,Night,52469,12370,Supermarket,0,1,71422,Cloudy,3,59017,2023,3,March,1,40099,73.46335862899387,High Risk
ATM_0022,2022-10-28,Friday,Evening,52365,6299,Standalone,0,0,87905,Cloudy,2,39052,2022,10,October,4,46066,59.56999033047039,Normal
ATM_0005,2022-08-30,Tuesday,Evening,74943,16154,Mall,0,0,34088,Rainy,5,50061,2022,8,August,3,58789,219.8515606665102,Normal
ATM_0038,2023-12-10,Sunday,Afternoon,67351,4964,Gas Station,0,1,81017,Clear,5,63564,2023,12,December,4,62387,83.13193527284398,High Risk
ATM_0022,2023-09-09,Saturday,Night,29681,4798,Bank Branch,0,0,106467,Snowy,5,32259,2023,9,September,3,24883,27.87812185935548,Normal
ATM_0005,2023-12-17,Sunday,Afternoon,50751,12779,Standalone,0,0,98672,Rainy,4,45206,2023,12,December,4,37972,51.43404410572402,Normal
ATM_0039,2022-01-28,Friday,Morning,34929,13233,Bank Branch,0,0,76681,Snowy,2,24718,2022,1,January,1,21696,45.55104915168034,Normal
ATM_0031,2023-09-11,Monday,Afternoon,39687,8193,Gas Station,0,0,113488,Snowy,3,28667,2023,9,September,3,31494,34.97021711546595,Normal
ATM_0008,2022-03-13,Sunday,Evening,52639,10100,Gas Station,0,0,137713,Cloudy,1,41731,2022,3,March,1,42539,38.22369710920538,Normal
ATM_0046,2022-05-16,Monday,Afternoon,22445,1146,Mall,0,1,85609,Cloudy,0,32576,2022,5,May,2,21299,26.21803782312607,Normal
ATM_0043,2023-03-05,Sunday,Evening,60316,7041,Supermarket,0,0,93339,Clear,2,51373,2023,3,March,1,53275,64.62036233514394,Normal
ATM_0015,2022-04-15,Friday,Night,24161,13212,Mall,0,0,66501,Rainy,3,18303,2022,4,April,2,10949,36.331784484443844,Normal
ATM_0041,2022-11-03,Thursday,Afternoon,43323,0,Bank Branch,0,0,125583,Cloudy,5,40321,2022,11,November,4,43323,34.49750364300901,Normal
ATM_0012,2023-10-29,Sunday,Night,61023,17562,Mall,0,0,84534,Rainy,2,41800,2023,10,October,4,43461,72.18752218042445,Normal
ATM_0020,2023-04-13,Thursday,Evening,64204,9101,Gas Station,0,0,109634,Clear,0,47371,2023,4,April,2,55103,58.56212488826459,Normal
ATM_0009,2023-10-03,Tuesday,Morning,51138,19060,Bank Branch,0,0,70732,Clear,3,39970,2023,10,October,4,32078,72.29825255895493,Normal
ATM_0035,2022-07-10,Sunday,Night,67315,16940,Supermarket,0,0,97252,Clear,3,60000,2022,7,July,3,50375,69.21708550980956,Normal
ATM_0027,2022-03-21,Monday,Evening,57955,18824,Standalone,0,0,98696,Snowy,4,44196,2022,3,March,1,39131,58.7207181648699,Normal
ATM_0026,2023-01-21,Saturday,Afternoon,30430,11859,Standalone,0,0,121289,Snowy,0,19281,2023,1,January,1,18571,25.088837404875957,Normal
ATM_0034,2022-01-30,Sunday,Afternoon,48184,1895,Supermarket,0,0,120433,Rainy,2,45270,2022,1,January,1,46289,40.00896764175932,Normal
ATM_0009,2022-03-19,Saturday,Afternoon,47324,11258,Supermarket,0,0,108444,Cloudy,3,47272,2022,3,March,1,36066,43.639113275054406,Normal
ATM_0038,2022-02-12,Saturday,Evening,49007,18800,Supermarket,0,0,101303,Snowy,1,36344,2022,2,February,1,30207,48.376652221553165,Normal
ATM_0035,2023-05-29,Monday,Afternoon,30606,9151,Supermarket,0,1,142466,Cloudy,0,34037,2023,5,May,2,21455,21.48302051015681,Normal
ATM_0022,2022-06-07,Tuesday,Morning,42434,7657,Bank Branch,0,0,84125,Rainy,5,41579,2022,6,June,2,34777,50.44160475482913,Normal
ATM_0011,2023-09-24,Sunday,Night,47950,3359,Mall,0,0,69765,Rainy,1,53827,2023,9,September,3,44591,68.73073890919515,Normal
ATM_0048,2022-06-13,Monday,Morning,83102,6143,Bank Branch,0,0,106419,Cloudy,4,74174,2022,6,June,2,76959,78.08943891598304,Normal
ATM_0028,2022-10-28,Friday,Afternoon,56878,2971,Gas Station,0,1,140457,Cloudy,4,52232,2022,10,October,4,53907,40.49495575158233,Normal
ATM_0025,2022-05-20,Friday,Night,54028,7936,Supermarket,0,0,94042,Snowy,1,42962,2022,5,May,2,46092,57.45092618191872,Normal
ATM_0031,2022-05-28,Saturday,Night,13287,9510,Gas Station,0,1,97202,Rainy,1,12458,2022,5,May,2,3777,13.669471821567459,Normal
ATM_0001,2023-06-02,Friday,Night,57329,9961,Gas Station,0,0,67752,Snowy,3,44997,2023,6,June,2,47368,84.61595229661117,Normal
ATM_0006,2022-01-08,Saturday,Night,66812,13421,Bank Branch,0,0,81476,Rainy,1,46196,2022,1,January,1,53391,82.00206195689528,Normal
ATM_0018,2023-10-16,Monday,Evening,59917,0,Standalone,0,0,106328,Snowy,3,66056,2023,10,October,4,59917,56.351102249642615,Normal
ATM_0012,2022-07-17,Sunday,Afternoon,50210,6502,Gas Station,0,0,135956,Clear,0,45343,2022,7,July,3,43708,36.931065933096,Normal
ATM_0017,2022-12-05,Monday,Afternoon,58646,3079,Standalone,0,0,84004,Cloudy,1,67084,2022,12,December,4,55567,69.81334222179896,High Risk
ATM_0004,2022-05-09,Monday,Night,53920,15389,Bank Branch,0,0,112731,Rainy,1,48960,2022,5,May,2,38531,47.830676566339335,Normal
ATM_0036,2022-12-19,Monday,Night,58621,8418,Mall,0,0,94193,Rainy,2,54604,2022,12,December,4,50203,62.23498561464228,Normal
ATM_0003,2022-06-06,Monday,Evening,48846,24668,Standalone,0,0,91889,Cloudy,4,18484,2022,6,June,2,24178,53.157614077854795,Normal
ATM_0039,2023-12-19,Tuesday,Afternoon,51328,12732,Supermarket,0,0,77962,Cloudy,5,39668,2023,12,December,4,38596,65.83720273979631,Normal
ATM_0003,2022-10-28,Friday,Morning,45444,15863,Mall,0,0,81925,Clear,2,29626,2022,10,October,4,29581,55.47024717729631,Normal
ATM_0038,2023-03-08,Wednesday,Evening,54123,8515,Gas Station,0,0,146906,Cloudy,1,39443,2023,3,March,1,45608,36.84192612963392,Normal
ATM_0034,2023-02-05,Sunday,Evening,62039,7159,Gas Station,0,0,68701,Snowy,2,46227,2023,2,February,1,54880,90.30290679902767,Normal
ATM_0033,2023-11-19,Sunday,Evening,70585,4484,Gas Station,0,0,149034,Rainy,1,71452,2023,11,November,4,66101,47.36167585919991,Normal
ATM_0012,2023-12-30,Saturday,Afternoon,29469,15127,Supermarket,0,0,109994,Rainy,2,13618,2023,12,December,4,14342,26.791461352437405,Normal
ATM_0035,2023-09-09,Saturday,Evening,62566,3455,Standalone,0,0,98981,Cloudy,0,49061,2023,9,September,3,59111,63.210111031410065,Normal
ATM_0001,2023-11-07,Tuesday,Night,54163,11648,Bank Branch,0,0,81799,Snowy,2,37534,2023,11,November,4,42515,66.21474590153915,Normal
ATM_0038,2023-08-31,Thursday,Evening,55924,13936,Bank Branch,0,0,84460,Clear,3,50386,2023,8,August,3,41988,66.2135922330097,Normal
ATM_0027,2022-01-25,Tuesday,Evening,70614,10963,Bank Branch,1,0,110565,Rainy,5,62263,2022,1,January,1,59651,63.86650386650386,Normal
ATM_0004,2022-08-19,Friday,Afternoon,45535,11466,Supermarket,0,0,94080,Clear,1,33726,2022,8,August,3,34069,48.40029761904761,Normal
ATM_0047,2023-06-01,Thursday,Night,24391,23713,Mall,0,0,93452,Cloudy,1,14287,2023,6,June,2,678,26.10002996190558,Normal
ATM_0035,2022-08-18,Thursday,Afternoon,69697,17023,Standalone,0,0,118904,Clear,2,70402,2022,8,August,3,52674,58.61619457713786,Normal
ATM_0036,2022-03-19,Saturday,Morning,30882,19950,Supermarket,0,0,82963,Clear,2,8039,2022,3,March,1,10932,37.223822667936304,Normal
ATM_0014,2022-07-31,Sunday,Night,46191,6715,Standalone,0,0,127886,Rainy,2,48631,2022,7,July,3,39476,36.11888713385359,Normal
ATM_0026,2023-04-15,Saturday,Morning,64254,11610,Bank Branch,0,0,92008,Cloudy,3,62270,2023,4,April,2,52644,69.83523171898096,Normal
ATM_0011,2023-06-08,Thursday,Night,65964,10556,Mall,0,1,124595,Cloudy,2,74259,2023,6,June,2,55408,52.942734459649266,Normal
ATM_0039,2023-03-18,Saturday,Evening,68381,20969,Gas Station,0,0,131207,Snowy,2,61095,2023,3,March,1,47412,52.116884007713004,Normal
ATM_0032,2022-12-15,Thursday,Evening,63157,12946,Supermarket,0,0,89861,Snowy,0,43109,2022,12,December,4,50211,70.28299262193832,Normal
ATM_0022,2022-11-28,Monday,Afternoon,55636,12200,Gas Station,0,0,60783,Clear,3,41522,2022,11,November,4,43436,91.53217182435878,Normal
ATM_0008,2022-11-04,Friday,Evening,50581,11790,Standalone,0,0,73165,Rainy,4,34969,2022,11,November,4,38791,69.13278206792866,Normal
ATM_0023,2022-06-14,Tuesday,Evening,38362,15174,Bank Branch,0,0,100011,Snowy,1,30753,2022,6,June,2,23188,38.35778064412915,Normal
ATM_0004,2023-04-10,Monday,Afternoon,55098,0,Mall,0,0,116920,Snowy,0,53237,2023,4,April,2,55098,47.12452959288402,Normal
ATM_0005,2023-09-17,Sunday,Afternoon,35895,12204,Mall,0,0,129477,Snowy,3,27966,2023,9,September,3,23691,27.723070506730924,Normal
ATM_0019,2023-12-29,Friday,Evening,49968,4850,Standalone,0,0,86623,Rainy,0,39148,2023,12,December,4,45118,57.684448703000356,Normal
ATM_0043,2022-05-19,Thursday,Night,38331,10372,Gas Station,0,0,104300,Snowy,3,23889,2022,5,May,2,27959,36.75071907957814,Normal
ATM_0013,2022-01-27,Thursday,Afternoon,28640,13601,Standalone,0,1,115609,Rainy,5,30966,2022,1,January,1,15039,24.773157799133287,Normal
ATM_0024,2023-12-01,Friday,Afternoon,37445,16618,Bank Branch,1,0,84017,Clear,1,29138,2023,12,December,4,20827,44.56836116500232,Normal
ATM_0048,2022-10-19,Wednesday,Evening,55291,9061,Mall,0,0,79662,Rainy,4,42477,2022,10,October,4,46230,69.40699455198212,Normal
ATM_0013,2023-03-23,Thursday,Afternoon,24498,0,Standalone,0,0,82499,Clear,4,23059,2023,3,March,1,24498,29.69490539279264,Normal
ATM_0017,2022-04-03,Sunday,Afternoon,70638,8127,Mall,0,0,90701,Clear,2,61197,2022,4,April,2,62511,77.880067474449,Normal
ATM_0046,2023-11-07,Tuesday,Afternoon,64717,12519,Standalone,0,0,105461,Snowy,4,51869,2023,11,November,4,52198,61.36581295455193,Normal
ATM_0037,2022-03-04,Friday,Morning,29972,14214,Standalone,0,1,105171,Cloudy,4,25557,2022,3,March,1,15758,28.498350305692632,Normal
ATM_0017,2022-04-01,Friday,Afternoon,29821,18082,Bank Branch,0,1,64076,Snowy,2,30043,2022,4,April,2,11739,46.54004619514327,Normal
ATM_0027,2022-01-09,Sunday,Morning,57954,12775,Supermarket,0,1,75206,Clear,0,49481,2022,1,January,1,45179,77.06034093024493,Normal
ATM_0014,2022-11-06,Sunday,Afternoon,7304,4660,Standalone,0,0,87667,Snowy,3,4311,2022,11,November,4,2644,8.331527256550356,Normal
ATM_0005,2022-07-26,Tuesday,Afternoon,59663,4927,Supermarket,0,0,89399,Cloudy,5,51118,2022,7,July,3,54736,66.73788297408248,Normal
ATM_0012,2023-04-18,Tuesday,Night,41094,10372,Supermarket,0,0,88547,Rainy,3,27564,2023,4,April,2,30722,46.40925158390459,Normal
ATM_0016,2022-10-25,Tuesday,Afternoon,45147,3330,Mall,0,0,111269,Rainy,0,48862,2022,10,October,4,41817,40.574643431683576,Normal
ATM_0050,2022-06-19,Sunday,Morning,59387,12283,Bank Branch,0,0,100574,Rainy,0,48876,2022,6,June,2,47104,59.048064111997135,Normal
ATM_0006,2022-10-24,Monday,Evening,85871,14836,Supermarket,0,0,102851,Clear,4,74859,2022,10,October,4,71035,83.49068069343029,Normal
ATM_0035,2023-10-23,Monday,Morning,70610,4962,Supermarket,0,0,126849,Cloudy,2,71675,2023,10,October,4,65648,55.66460910216083,Normal
ATM_0024,2022-06-11,Saturday,Afternoon,67564,9784,Mall,0,0,87868,Clear,5,58886,2022,6,June,2,57780,76.89261164473984,Normal
ATM_0037,2023-08-28,Monday,Morning,60621,14069,Supermarket,0,0,95785,Rainy,1,48865,2023,8,August,3,46552,63.28861512762959,Normal
ATM_0021,2023-02-06,Monday,Afternoon,62254,6388,Mall,0,0,108821,Rainy,1,44550,2023,2,February,1,55866,57.207708071052465,Normal
ATM_0049,2023-03-18,Saturday,Night,57304,13369,Gas Station,0,0,117308,Snowy,5,43395,2023,3,March,1,43935,48.84918334640433,Normal
ATM_0045,2022-03-12,Saturday,Night,29567,13734,Mall,0,0,95753,Rainy,5,15589,2022,3,March,1,15833,30.87840589850971,Normal
ATM_0036,2023-07-31,Monday,Morning,71014,4028,Supermarket,0,0,115491,Cloudy,2,57239,2023,7,July,3,66986,61.488774017022976,Normal
ATM_0003,2022-11-25,Friday,Morning,51769,6809,Mall,0,0,125903,Rainy,1,39730,2022,11,November,4,44960,41.11816239485954,Normal
ATM_0002,2022-09-12,Monday,Evening,44240,10641,Standalone,0,0,117956,Cloudy,0,39089,2022,9,September,3,33599,37.50551052934993,Normal
ATM_0032,2022-03-20,Sunday,Evening,40930,14367,Supermarket,0,0,72624,Cloudy,2,22880,2022,3,March,1,26563,56.35877946684291,Normal
ATM_0004,2023-05-23,Tuesday,Night,45133,20007,Standalone,0,0,96070,Rainy,2,23730,2023,5,May,2,25126,46.97928593733736,Normal
ATM_0046,2023-10-31,Tuesday,Night,61320,773,Bank Branch,0,0,116419,Cloudy,5,56944,2023,10,October,4,60547,52.67181473814412,Normal
ATM_0014,2022-05-01,Sunday,Night,65392,4902,Mall,0,0,84549,Cloudy,5,59374,2022,5,May,2,60490,77.34213296431655,High Risk
ATM_0033,2022-03-20,Sunday,Morning,79615,7701,Mall,0,0,95194,Cloudy,0,67145,2022,3,March,1,71914,83.63447276088829,Normal
ATM_0013,2023-08-11,Friday,Night,72649,11314,Bank Branch,0,0,111703,Cloudy,3,70933,2023,8,August,3,61335,65.03764446791939,Normal
ATM_0002,2022-01-14,Friday,Evening,47941,11447,Supermarket,0,0,118658,Cloudy,4,43364,2022,1,January,1,36494,40.40266985791097,Normal
ATM_0026,2023-02-11,Saturday,Afternoon,60440,17723,Bank Branch,0,1,138957,Rainy,1,52583,2023,2,February,1,42717,43.495469821599485,Normal
ATM_0045,2023-04-18,Tuesday,Morning,51047,17761,Mall,0,0,85482,Snowy,4,42389,2023,4,April,2,33286,59.71666549682975,Normal
ATM_0001,2022-01-28,Friday,Night,46383,12205,Mall,0,0,96931,Clear,4,34587,2022,1,January,1,34178,47.85156451496425,Normal
ATM_0027,2022-07-22,Friday,Afternoon,52946,4565,Bank Branch,0,0,136269,Rainy,0,53193,2022,7,July,3,48381,38.85403136443358,Normal
ATM_0049,2023-02-20,Monday,Evening,62954,3382,Supermarket,0,0,112907,Snowy,2,47822,2023,2,February,1,59572,55.757393252854115,Normal
ATM_0045,2023-07-09,Sunday,Afternoon,35240,1911,Supermarket,0,0,83743,Rainy,1,33889,2023,7,July,3,33329,42.08112916900517,Normal
ATM_0030,2022-12-10,Saturday,Morning,47366,19064,Supermarket,0,0,92075,Rainy,4,27077,2022,12,December,4,28302,51.442845506380664,Normal
ATM_0021,2023-07-09,Sunday,Afternoon,48628,6267,Standalone,0,0,54924,Snowy,5,40197,2023,7,July,3,42361,88.53688733522685,Normal
ATM_0018,2022-12-31,Saturday,Evening,52378,6947,Mall,1,0,143160,Clear,4,52112,2022,12,December,4,45431,36.58703548477229,Normal
ATM_0027,2022-01-25,Tuesday,Afternoon,34135,14033,Standalone,1,0,114920,Rainy,1,29625,2022,1,January,1,20102,29.70327184128089,Normal
ATM_0028,2023-05-23,Tuesday,Afternoon,46066,4335,Supermarket,0,0,109192,Rainy,3,42698,2023,5,May,2,41731,42.188072386255406,Normal
ATM_0037,2023-10-13,Friday,Afternoon,75748,3771,Bank Branch,0,1,101435,Clear,0,68460,2023,10,October,4,71977,74.67639374969191,Normal
ATM_0017,2023-12-13,Wednesday,Afternoon,60342,18180,Gas Station,0,0,153226,Snowy,4,49891,2023,12,December,4,42162,39.381044992364224,Normal
ATM_0020,2023-02-28,Tuesday,Night,38905,18052,Standalone,0,0,116273,Cloudy,5,22490,2023,2,February,1,20853,33.460046614433274,Normal
ATM_0018,2022-04-11,Monday,Night,40856,10577,Bank Branch,0,0,93388,Clear,1,29184,2022,4,April,2,30279,43.7486614982653,Normal
ATM_0003,2023-02-14,Tuesday,Afternoon,59946,14848,Mall,0,0,120961,Snowy,1,50523,2023,2,February,1,45098,49.55812203933499,Normal
ATM_0037,2023-03-29,Wednesday,Night,61916,185,Gas Station,0,0,104211,Snowy,2,57087,2023,3,March,1,61731,59.414073370373565,Normal
ATM_0033,2022-11-06,Sunday,Morning,50787,12159,Supermarket,0,0,88507,Snowy,2,42440,2022,11,November,4,38628,57.38190199645226,Normal
ATM_0006,2023-01-14,Saturday,Night,52260,6512,Bank Branch,0,0,116306,Snowy,5,48105,2023,1,January,1,45748,44.93319347239179,Normal
ATM_0014,2023-12-21,Thursday,Night,53099,13145,Mall,0,0,111031,Cloudy,0,54393,2023,12,December,4,39954,47.82358080175807,Normal
ATM_0007,2022-11-11,Friday,Night,57305,10462,Mall,0,0,120516,Cloudy,0,42101,2022,11,November,4,46843,47.549702944007436,Normal
ATM_0006,2023-06-13,Tuesday,Afternoon,68566,4709,Gas Station,0,0,89121,Clear,2,65333,2023,6,June,2,63857,76.9358512584015,Normal
ATM_0022,2022-12-14,Wednesday,Evening,81896,9399,Gas Station,0,1,94823,Snowy,1,95875,2022,12,December,4,72497,86.36723157883635,Normal
ATM_0048,2023-02-12,Sunday,Afternoon,48889,9539,Gas Station,0,0,84526,Snowy,1,45850,2023,2,February,1,39350,57.83900811584601,Normal
ATM_0032,2023-04-08,Saturday,Morning,65823,22224,Standalone,0,0,91325,Rainy,2,57944,2023,4,April,2,43599,72.07555433889954,Normal
ATM_0044,2022-10-07,Friday,Evening,44710,14074,Standalone,0,1,82461,Snowy,5,46949,2022,10,October,4,30636,54.219570463613096,Normal
ATM_0027,2023-03-11,Saturday,Morning,55747,13791,Mall,0,0,82344,Clear,0,52447,2023,3,March,1,41956,67.70013601476732,Normal
ATM_0006,2023-09-08,Friday,Night,21834,20555,Bank Branch,0,0,91410,Rainy,1,5649,2023,9,September,3,1279,23.885789300951757,Normal
ATM_0034,2023-01-21,Saturday,Night,29104,11070,Standalone,0,0,117279,Clear,5,23210,2023,1,January,1,18034,24.816036971665856,Normal
ATM_0047,2023-04-01,Saturday,Afternoon,13617,11994,Gas Station,0,0,98765,Rainy,4,4243,2023,4,April,2,1623,13.787272819318586,Normal
ATM_0024,2023-11-05,Sunday,Morning,32360,6562,Supermarket,0,0,91668,Cloudy,0,23941,2023,11,November,4,25798,35.30130470829515,Normal
ATM_0038,2022-07-18,Monday,Evening,51702,13798,Mall,0,0,107412,Clear,3,49719,2022,7,July,3,37904,48.13428667188024,Normal
ATM_0044,2023-01-05,Thursday,Morning,43202,10315,Supermarket,0,0,119500,Rainy,3,36522,2023,1,January,1,32887,36.15230125523012,Normal
ATM_0045,2022-09-23,Friday,Morning,40943,3182,Bank Branch,0,0,94451,Snowy,4,36826,2022,9,September,3,37761,43.34840287556511,Normal
ATM_0018,2022-07-13,Wednesday,Night,57959,9086,Gas Station,0,0,123637,Cloudy,1,56456,2022,7,July,3,48873,46.87836165549148,Normal
ATM_0032,2023-08-08,Tuesday,Evening,53232,9341,Supermarket,0,0,99983,Clear,2,49315,2023,8,August,3,43891,53.24105097866637,Normal
ATM_0012,2023-09-01,Friday,Evening,47814,4971,Standalone,0,0,114794,Cloudy,3,51216,2023,9,September,3,42843,41.65200271791208,Normal
ATM_0037,2022-12-04,Sunday,Evening,17303,7811,Bank Branch,0,0,85641,Cloudy,5,15537,2022,12,December,4,9492,20.204107845541273,Normal
ATM_0045,2022-12-29,Thursday,Night,43757,0,Bank Branch,0,0,114309,Rainy,4,37831,2022,12,December,4,43757,38.27957553648444,Normal
ATM_0001,2022-01-13,Thursday,Morning,48156,10070,Gas Station,0,1,113068,Clear,5,41613,2022,1,January,1,38086,42.59029964269289,Normal
ATM_0029,2022-07-29,Friday,Evening,58632,12492,Standalone,0,0,104110,Snowy,5,57806,2022,7,July,3,46140,56.31735664201325,Normal
ATM_0049,2022-11-23,Wednesday,Afternoon,66128,17036,Bank Branch,0,0,111646,Clear,3,55010,2022,11,November,4,49092,59.23006646006127,Normal
ATM_0046,2022-08-06,Saturday,Afternoon,68582,2511,Bank Branch,0,0,92160,Cloudy,5,61609,2022,8,August,3,66071,74.41623263888889,Normal
ATM_0006,2023-12-05,Tuesday,Morning,44855,5673,Mall,0,0,117457,Clear,3,33293,2023,12,December,4,39182,38.18844343036175,Normal
ATM_0036,2022-04-16,Saturday,Afternoon,59082,9207,Supermarket,0,0,82196,Snowy,3,47329,2022,4,April,2,49875,71.8794101902769,Normal
ATM_0026,2022-03-18,Friday,Afternoon,39306,12180,Mall,0,0,118780,Snowy,4,37076,2022,3,March,1,27126,33.091429533591516,Normal
ATM_0019,2022-04-03,Sunday,Evening,73726,3705,Bank Branch,0,0,107113,Rainy,2,80993,2022,4,April,2,70021,68.8301139917657,Normal
ATM_0046,2022-12-26,Monday,Afternoon,62459,20994,Supermarket,0,0,106867,Rainy,3,57102,2022,12,December,4,41465,58.445544461807664,Normal
ATM_0011,2023-11-22,Wednesday,Night,62631,0,Standalone,0,0,99945,Cloudy,4,57397,2023,11,November,4,62631,62.665466006303475,Normal
ATM_0036,2022-05-08,Sunday,Afternoon,44081,9574,Mall,0,1,82735,Cloudy,2,49870,2022,5,May,2,34507,53.27974859491147,Normal
ATM_0025,2022-10-08,Saturday,Night,61017,18275,Gas Station,0,0,83046,Clear,2,34692,2022,10,October,4,42742,73.47373744671629,Normal
ATM_0034,2023-07-28,Friday,Afternoon,29044,15854,Mall,0,0,75416,Cloudy,0,15781,2023,7,July,3,13190,38.51172165057813,Normal
ATM_0044,2023-06-19,Monday,Evening,70624,11252,Mall,0,1,90731,Clear,3,61121,2023,6,June,2,59372,77.83888637841531,Normal
ATM_0047,2023-08-14,Monday,Morning,30165,3847,Mall,0,1,108285,Clear,0,28204,2023,8,August,3,26318,27.857043911899154,Normal
ATM_0020,2023-02-15,Wednesday,Evening,33388,10520,Standalone,0,0,140858,Clear,0,29255,2023,2,February,1,22868,23.70330403668943,Normal
ATM_0038,2023-06-01,Thursday,Afternoon,44786,3871,Mall,0,0,134399,Cloudy,2,40667,2023,6,June,2,40915,33.323164606879516,Normal
ATM_0020,2022-06-26,Sunday,Evening,36540,7871,Gas Station,0,0,94086,Snowy,5,26813,2022,6,June,2,28669,38.83680887698488,Normal
ATM_0012,2022-09-04,Sunday,Night,55753,15054,Gas Station,0,1,112353,Cloudy,3,45524,2022,9,September,3,40699,49.623063024574336,Normal
ATM_0001,2022-02-27,Sunday,Night,51743,4702,Supermarket,0,0,120473,Clear,5,38910,2022,2,February,1,47041,42.94987258555859,Normal
ATM_0010,2022-12-15,Thursday,Afternoon,33141,12738,Bank Branch,0,0,98387,Clear,1,25622,2022,12,December,4,20403,33.68432821409332,Normal
ATM_0006,2023-10-28,Saturday,Morning,41590,9485,Supermarket,0,1,121599,Rainy,3,36355,2023,10,October,4,32105,34.202583902828145,Normal
ATM_0031,2023-08-09,Wednesday,Morning,32116,9806,Supermarket,0,0,86306,Cloudy,3,23026,2023,8,August,3,22310,37.21178133617593,Normal
ATM_0047,2022-01-20,Thursday,Afternoon,23478,4724,Supermarket,0,0,132755,Rainy,4,15608,2022,1,January,1,18754,17.685209596625363,Normal
ATM_0014,2023-08-08,Tuesday,Evening,53700,9741,Gas Station,0,0,91403,Snowy,3,46046,2023,8,August,3,43959,58.75080686629541,Normal
ATM_0049,2023-11-16,Thursday,Afternoon,32430,11268,Mall,0,0,50825,Clear,0,25417,2023,11,November,4,21162,63.80718150516478,Normal
ATM_0013,2023-12-01,Friday,Night,56207,4026,Mall,1,0,100056,Clear,3,63485,2023,12,December,4,52181,56.17554169664988,Normal
ATM_0003,2022-09-09,Friday,Night,26879,14877,Supermarket,0,0,102623,Cloudy,5,11328,2022,9,September,3,12002,26.191984253042687,Normal
ATM_0046,2023-03-22,Wednesday,Afternoon,43239,13587,Bank Branch,0,0,80154,Clear,4,42137,2023,3,March,1,29652,53.9449060558425,Normal
ATM_0033,2022-08-29,Monday,Evening,40505,14718,Supermarket,0,0,129708,Rainy,5,29905,2022,8,August,3,25787,31.22783482900052,Normal
ATM_0045,2023-12-10,Sunday,Night,49474,10162,Gas Station,0,0,95344,Cloudy,3,33081,2023,12,December,4,39312,51.88999832186608,Normal
ATM_0044,2022-06-30,Thursday,Night,62583,4166,Standalone,0,0,124736,Cloudy,2,54109,2022,6,June,2,58417,50.17236403283736,Normal
ATM_0044,2022-10-03,Monday,Evening,73251,12053,Gas Station,0,0,76255,Rainy,3,74354,2022,10,October,4,61198,96.06058619106945,High Risk
ATM_0031,2023-02-09,Thursday,Evening,61064,19900,Standalone,0,0,103415,Rainy,4,48906,2023,2,February,1,41164,59.0475269545037,Normal
ATM_0007,2023-04-03,Monday,Evening,40837,10256,Gas Station,0,0,96988,Snowy,0,34262,2023,4,April,2,30581,42.10520889182167,Normal
ATM_0003,2022-07-18,Monday,Evening,36023,11411,Standalone,0,0,71826,Rainy,0,25505,2022,7,July,3,24612,50.15314788516692,Normal
ATM_0012,2023-03-24,Friday,Afternoon,39247,13844,Gas Station,0,0,58936,Rainy,0,23824,2023,3,March,1,25403,66.59257499660649,Normal
ATM_0014,2022-05-09,Monday,Night,43926,12595,Standalone,0,0,143962,Snowy,3,36461,2022,5,May,2,31331,30.51221850210472,Normal
ATM_0015,2022-09-05,Monday,Morning,51746,8840,Supermarket,0,1,101398,Clear,3,49279,2022,9,September,3,42906,51.03256474486676,Normal
ATM_0049,2022-09-22,Thursday,Morning,50098,7951,Gas Station,0,0,124436,Clear,3,34436,2022,9,September,3,42147,40.26005336076376,Normal
ATM_0033,2022-12-18,Sunday,Afternoon,60906,1864,Bank Branch,0,0,125252,Cloudy,5,53327,2022,12,December,4,59042,48.62676843483537,Normal
ATM_0031,2023-01-12,Thursday,Morning,50836,15174,Bank Branch,0,0,75719,Rainy,3,38803,2023,1,January,1,35662,67.13770652016007,Normal
ATM_0049,2023-10-11,Wednesday,Morning,70663,5285,Mall,0,0,127538,Snowy,1,58302,2023,10,October,4,65378,55.40544778811021,Normal
ATM_0026,2023-02-22,Wednesday,Afternoon,56678,13305,Bank Branch,0,0,113350,Cloudy,1,40055,2023,2,February,1,43373,50.00264666960741,Normal
ATM_0014,2022-09-22,Thursday,Afternoon,45929,11272,Bank Branch,0,0,86995,Snowy,5,38495,2022,9,September,3,34657,52.79498821771366,Normal
ATM_0026,2022-06-13,Monday,Afternoon,66244,13970,Gas Station,0,0,110394,Rainy,3,54788,2022,6,June,2,52274,60.00688443212493,Normal
ATM_0044,2022-06-30,Thursday,Afternoon,31334,16316,Standalone,0,0,116148,Rainy,0,15801,2022,6,June,2,15018,26.977649206185212,Normal
ATM_0003,2022-08-27,Saturday,Afternoon,48664,7210,Gas Station,0,0,105047,Clear,0,51885,2022,8,August,3,41454,46.32593029786667,Normal
ATM_0035,2023-12-11,Monday,Evening,43766,7839,Bank Branch,0,0,102431,Snowy,0,36712,2023,12,December,4,35927,42.72729935273501,Normal
ATM_0014,2023-04-02,Sunday,Morning,59840,3849,Standalone,0,0,124914,Rainy,1,66522,2023,4,April,2,55991,47.90495861152473,Normal
ATM_0044,2022-05-07,Saturday,Afternoon,64615,8658,Supermarket,0,0,159974,Cloudy,5,52933,2022,5,May,2,55957,40.39093852751072,Normal
ATM_0050,2022-03-26,Saturday,Afternoon,61192,10329,Standalone,0,0,84465,Clear,2,47363,2022,3,March,1,50863,72.44657550464689,Normal
ATM_0030,2022-08-13,Saturday,Night,33951,9490,Mall,0,0,81579,Snowy,5,27875,2022,8,August,3,24461,41.61732798882065,Normal
ATM_0044,2022-04-27,Wednesday,Night,55822,0,Gas Station,0,0,100338,Cloudy,4,66076,2022,4,April,2,55822,55.63395722458092,Normal
ATM_0002,2023-10-31,Tuesday,Night,38808,17011,Standalone,0,0,158855,Snowy,2,18491,2023,10,October,4,21797,24.4298259418967,Normal
ATM_0020,2023-12-09,Saturday,Afternoon,44610,1388,Mall,0,0,102337,Rainy,3,44607,2023,12,December,4,43222,43.59127197396836,Normal
ATM_0040,2023-11-16,Thursday,Afternoon,46918,14326,Gas Station,0,0,88266,Snowy,1,28043,2023,11,November,4,32592,53.15523531144495,Normal
ATM_0046,2022-05-29,Sunday,Night,60166,11325,Bank Branch,0,0,104826,Cloudy,4,50467,2022,5,May,2,48841,57.39606586152291,Normal
ATM_0034,2023-01-07,Saturday,Afternoon,26626,9495,Standalone,0,0,87996,Rainy,4,18394,2023,1,January,1,17131,30.258193554252465,Normal
ATM_0036,2022-08-07,Sunday,Morning,38095,11586,Bank Branch,0,0,65016,Cloudy,5,27971,2022,8,August,3,26509,58.5932693490833,Normal
ATM_0044,2023-06-15,Thursday,Afternoon,61842,19109,Bank Branch,0,0,82838,Snowy,0,55780,2023,6,June,2,42733,74.65414423332287,High Risk
ATM_0016,2022-06-18,Saturday,Morning,77816,2334,Supermarket,0,0,80876,Cloudy,2,81497,2022,6,June,2,75482,96.21643009050894,High Risk
ATM_0024,2022-03-24,Thursday,Morning,36759,4598,Bank Branch,0,0,128294,Cloudy,3,36900,2022,3,March,1,32161,28.652158323849907,Normal
ATM_0028,2023-10-27,Friday,Night,30928,9390,Mall,0,0,97777,Cloudy,1,18937,2023,10,October,4,21538,31.63116070241468,Normal
ATM_0020,2023-05-22,Monday,Night,45272,5581,Gas Station,0,0,108757,Snowy,4,31660,2023,5,May,2,39691,41.626745864634,Normal
ATM_0037,2023-11-26,Sunday,Night,70130,9885,Bank Branch,0,0,110073,Snowy,5,54536,2023,11,November,4,60245,63.71226367955811,Normal
ATM_0040,2022-04-02,Saturday,Morning,61371,6114,Bank Branch,0,0,86198,Rainy,2,57395,2022,4,April,2,55257,71.19770760342467,High Risk
ATM_0010,2023-04-26,Wednesday,Night,56949,11831,Bank Branch,0,0,73584,Snowy,2,54588,2023,4,April,2,45118,77.39318330071755,High Risk
ATM_0037,2023-02-15,Wednesday,Afternoon,79072,1172,Gas Station,0,0,115592,Cloudy,1,68688,2023,2,February,1,77900,68.4061180704547,Normal
ATM_0039,2023-09-11,Monday,Evening,35693,3675,Supermarket,0,0,74364,Snowy,0,37959,2023,9,September,3,32018,47.99768705287505,Normal
ATM_0013,2023-07-24,Monday,Evening,50908,18379,Standalone,0,0,97409,Snowy,3,38095,2023,7,July,3,32529,52.26211130388363,Normal
ATM_0024,2023-03-22,Wednesday,Evening,67900,9570,Bank Branch,0,0,130586,Clear,4,62091,2023,3,March,1,58330,51.99638552371617,Normal
ATM_0032,2022-08-11,Thursday,Morning,56794,11485,Mall,0,0,121607,Clear,0,49069,2022,8,August,3,45309,46.702903615745804,Normal
ATM_0043,2022-05-30,Monday,Night,56607,13380,Bank Branch,0,0,96639,Cloudy,1,57082,2022,5,May,2,43227,58.57573029522243,Normal
ATM_0044,2022-06-21,Tuesday,Evening,28056,3981,Gas Station,0,0,126532,Cloudy,1,22588,2022,6,June,2,24075,22.173047134321752,Normal
ATM_0047,2023-12-23,Saturday,Afternoon,70487,8458,Bank Branch,0,1,84430,Rainy,2,76882,2023,12,December,4,62029,83.48572782186426,High Risk
ATM_0033,2023-04-08,Saturday,Evening,66189,5735,Supermarket,0,0,65366,Clear,3,72757,2023,4,April,2,60454,101.25906434537832,High Risk
ATM_0043,2023-02-05,Sunday,Morning,36092,3349,Mall,0,0,104578,Clear,4,27958,2023,2,February,1,32743,34.5120388609459,Normal
ATM_0001,2022-11-06,Sunday,Night,28044,12472,Gas Station,0,0,72323,Clear,5,11500,2022,11,November,4,15572,38.77604634763492,Normal
ATM_0029,2022-08-01,Monday,Afternoon,69472,9084,Gas Station,0,0,115270,Cloudy,4,73570,2022,8,August,3,60388,60.2689338075822,Normal
ATM_0037,2023-10-06,Friday,Afternoon,64398,4212,Gas Station,0,0,117645,Snowy,5,67640,2023,10,October,4,60186,54.739257937013896,Normal
ATM_0018,2022-04-04,Monday,Night,28623,3149,Gas Station,0,0,139279,Clear,4,25673,2022,4,April,2,25474,20.55083680956928,Normal
ATM_0013,2023-05-23,Tuesday,Morning,66677,10512,Gas Station,0,0,110547,Snowy,5,47229,2023,5,May,2,56165,60.31552190471021,Normal
ATM_0036,2022-04-21,Thursday,Morning,36558,11069,Standalone,0,0,78662,Cloudy,1,24025,2022,4,April,2,25489,46.47479087742493,Normal
ATM_0046,2022-10-06,Thursday,Night,33577,14686,Gas Station,0,1,91501,Snowy,2,37278,2022,10,October,4,18891,36.6957738166796,Normal
ATM_0032,2022-08-07,Sunday,Afternoon,41281,12117,Supermarket,0,0,83759,Clear,5,32388,2022,8,August,3,29164,49.28544992179945,Normal
ATM_0050,2023-12-30,Saturday,Evening,40128,18862,Bank Branch,0,0,72464,Clear,5,25909,2023,12,December,4,21266,55.37646279531906,Normal
ATM_0022,2023-02-03,Friday,Night,73504,25683,Standalone,0,1,128629,Clear,4,58912,2023,2,February,1,47821,57.14418987942066,Normal
ATM_0013,2023-03-30,Thursday,Evening,63885,11800,Gas Station,0,0,66038,Rainy,3,51223,2023,3,March,1,52085,96.73975589811926,Normal
ATM_0018,2022-09-09,Friday,Evening,67283,8391,Standalone,0,0,102531,Cloudy,4,63512,2022,9,September,3,58892,65.62210453423842,Normal
ATM_0021,2023-09-26,Tuesday,Afternoon,38774,16678,Supermarket,0,0,92970,Rainy,5,19766,2023,9,September,3,22096,41.705926643003124,Normal
ATM_0021,2022-03-01,Tuesday,Afternoon,54327,13795,Bank Branch,0,0,111101,Cloudy,2,41310,2022,3,March,1,40532,48.898749786230546,Normal
ATM_0026,2023-09-15,Friday,Afternoon,70114,6192,Standalone,0,1,90429,Snowy,1,66155,2023,9,September,3,63922,77.53486160413142,Normal
ATM_0023,2022-09-15,Thursday,Night,66587,8594,Supermarket,0,0,83627,Clear,1,49442,2022,9,September,3,57993,79.62380570868261,Normal
ATM_0007,2023-12-04,Monday,Evening,33519,13371,Gas Station,0,0,99707,Rainy,4,21066,2023,12,December,4,20148,33.61749927286951,Normal
ATM_0029,2022-03-07,Monday,Morning,41327,9538,Supermarket,0,0,84962,Rainy,2,39309,2022,3,March,1,31789,48.64174572161672,Normal
ATM_0020,2023-03-06,Monday,Evening,50091,17530,Gas Station,0,0,73930,Snowy,4,27394,2023,3,March,1,32561,67.7546327607196,Normal
ATM_0004,2022-08-06,Saturday,Night,56450,12156,Gas Station,0,0,80261,Snowy,3,44973,2022,8,August,3,44294,70.33303846201767,Normal
ATM_0028,2023-08-20,Sunday,Morning,36482,8901,Mall,0,0,113159,Rainy,1,32014,2023,8,August,3,27581,32.23959207840296,Normal
ATM_0008,2022-12-13,Tuesday,Morning,60975,7351,Bank Branch,0,0,82958,Cloudy,5,48089,2022,12,December,4,53624,73.50104872345042,Normal
ATM_0021,2022-12-26,Monday,Night,31071,10497,Supermarket,0,0,124336,Clear,5,19821,2022,12,December,4,20574,24.989544460172436,Normal
ATM_0037,2023-10-17,Tuesday,Morning,79967,17548,Mall,0,0,84708,Snowy,0,71328,2023,10,October,4,62419,94.40312603296029,High Risk
ATM_0021,2023-06-18,Sunday,Afternoon,52085,19073,Bank Branch,0,0,101744,Rainy,4,45045,2023,6,June,2,33012,51.192207894323005,Normal
ATM_0027,2023-11-09,Thursday,Night,67848,14684,Mall,0,0,110761,Rainy,4,67617,2023,11,November,4,53164,61.256218344001944,Normal
ATM_0021,2022-11-20,Sunday,Morning,26619,11251,Mall,0,0,116522,Snowy,3,16669,2022,11,November,4,15368,22.84461303444843,Normal
ATM_0013,2023-06-16,Friday,Morning,67068,8348,Mall,0,1,118706,Clear,0,67400,2023,6,June,2,58720,56.499250248513135,Normal
ATM_0012,2022-10-29,Saturday,Evening,49381,6797,Gas Station,0,0,108397,Clear,2,50648,2022,10,October,4,42584,45.55568881057594,Normal
ATM_0036,2022-02-26,Saturday,Night,56720,22375,Mall,0,0,97771,Clear,1,46437,2022,2,February,1,34345,58.013112272555254,Normal
ATM_0026,2023-10-03,Tuesday,Evening,48505,11155,Mall,0,0,105624,Snowy,0,48375,2023,10,October,4,37350,45.92232825872908,Normal
ATM_0037,2022-04-08,Friday,Afternoon,51007,6950,Supermarket,0,0,82366,Cloudy,0,48841,2022,4,April,2,44057,61.927251535827885,Normal
ATM_0033,2023-03-20,Monday,Night,44372,9615,Mall,0,0,81168,Clear,5,40157,2023,3,March,1,34757,54.66686378868519,Normal
ATM_0020,2023-09-17,Sunday,Afternoon,64984,12753,Supermarket,0,0,119253,Rainy,4,62055,2023,9,September,3,52231,54.49254945368251,Normal
ATM_0046,2023-01-10,Tuesday,Morning,73108,4235,Gas Station,0,1,92159,Clear,4,86833,2023,1,January,1,68873,79.32811770961057,Normal
ATM_0028,2022-03-27,Sunday,Afternoon,52401,13781,Supermarket,0,0,89862,Rainy,0,54249,2022,3,March,1,38620,58.312746210856645,Normal
ATM_0049,2022-07-19,Tuesday,Evening,70579,9653,Supermarket,0,0,113890,Rainy,0,67370,2022,7,July,3,60926,61.97120028097287,Normal
ATM_0037,2022-09-29,Thursday,Morning,55412,14096,Mall,0,1,134833,Rainy,3,59616,2022,9,September,3,41316,41.09676414527601,Normal
ATM_0044,2022-03-16,Wednesday,Night,57704,9813,Gas Station,0,0,53039,Snowy,3,50766,2022,3,March,1,47891,108.7954146948472,Normal
ATM_0010,2023-04-05,Wednesday,Evening,67346,6249,Supermarket,0,0,69885,Cloudy,0,64305,2023,4,April,2,61097,96.36688845961223,High Risk
ATM_0005,2023-12-09,Saturday,Afternoon,52530,10103,Gas Station,0,0,78625,Rainy,5,36434,2023,12,December,4,42427,66.8108108108108,Normal
ATM_0003,2023-10-28,Saturday,Afternoon,66090,11896,Mall,0,1,94440,Snowy,0,76159,2023,10,October,4,54194,69.98094027954257,Normal
ATM_0028,2022-11-22,Tuesday,Night,75858,9165,Mall,0,0,132623,Clear,4,79717,2022,11,November,4,66693,57.198223535887436,Normal
ATM_0028,2022-02-19,Saturday,Morning,47901,10982,Supermarket,0,0,123990,Clear,5,44287,2022,2,February,1,36919,38.632954270505685,Normal
ATM_0047,2022-05-15,Sunday,Afternoon,62687,14364,Supermarket,0,0,91236,Rainy,1,63300,2022,5,May,2,48323,68.70862378885528,Normal
ATM_0004,2022-07-06,Wednesday,Evening,29294,7924,Standalone,0,0,108266,Cloudy,4,20914,2022,7,July,3,21370,27.05743261965899,Normal
ATM_0047,2022-05-19,Thursday,Morning,58958,7804,Gas Station,0,0,76447,Rainy,0,51229,2022,5,May,2,51154,77.12271246746111,Normal
ATM_0019,2023-11-10,Friday,Evening,55499,13856,Supermarket,0,0,81032,Clear,0,35468,2023,11,November,4,41643,68.49022608352256,Normal
ATM_0038,2023-12-22,Friday,Night,37860,1100,Mall,0,0,104287,Cloudy,4,40119,2023,12,December,4,36760,36.30366200964646,Normal
ATM_0004,2022-10-23,Sunday,Evening,56147,9142,Mall,0,0,87177,Clear,0,47829,2022,10,October,4,47005,64.40574922284547,Normal
ATM_0010,2022-02-20,Sunday,Afternoon,27579,6505,Gas Station,0,0,80016,Clear,3,25849,2022,2,February,1,21074,34.466856628674265,Normal
ATM_0018,2022-04-16,Saturday,Morning,43120,19675,Standalone,0,0,65065,Cloudy,0,22683,2022,4,April,2,23445,66.27218934911244,Normal
ATM_0035,2023-12-20,Wednesday,Morning,50872,6511,Supermarket,0,0,99860,Clear,2,38381,2023,12,December,4,44361,50.943320648908475,Normal
ATM_0003,2023-07-20,Thursday,Afternoon,30519,1909,Standalone,0,0,94229,Snowy,2,26590,2023,7,July,3,28610,32.38811830752741,Normal
ATM_0018,2023-08-03,Thursday,Evening,43968,7387,Mall,0,0,95751,Clear,4,42426,2023,8,August,3,36581,45.919102672556946,Normal
ATM_0044,2022-12-07,Wednesday,Morning,38003,8145,Gas Station,0,0,85524,Cloudy,2,37904,2022,12,December,4,29858,44.43548009915345,Normal
ATM_0022,2023-02-12,Sunday,Night,38891,10123,Supermarket,0,0,97955,Snowy,4,29504,2023,2,February,1,28768,39.70292481241386,Normal
ATM_0042,2022-02-11,Friday,Night,39202,12008,Standalone,0,0,141103,Snowy,0,28182,2022,2,February,1,27194,27.782541831144624,Normal
ATM_0020,2022-05-27,Friday,Morning,36877,13343,Standalone,0,0,113935,Cloudy,5,28019,2022,5,May,2,23534,32.36670031158116,Normal
ATM_0029,2023-03-18,Saturday,Afternoon,53081,9800,Standalone,0,0,91310,Snowy,3,38861,2023,3,March,1,43281,58.13273464023656,Normal
ATM_0026,2023-02-04,Saturday,Morning,38525,7030,Supermarket,0,0,122137,Rainy,0,39354,2023,2,February,1,31495,31.542448234359778,Normal
ATM_0007,2023-02-05,Sunday,Evening,72044,9114,Gas Station,0,0,104146,Cloudy,0,58799,2023,2,February,1,62930,69.17596451135906,Normal
ATM_0031,2022-10-28,Friday,Night,45472,14215,Supermarket,0,0,104172,Clear,1,35178,2022,10,October,4,31257,43.650885074684176,Normal
ATM_0044,2023-02-01,Wednesday,Afternoon,39031,14201,Supermarket,0,0,93898,Cloudy,0,24380,2023,2,February,1,24830,41.56744552599629,Normal
ATM_0008,2023-02-04,Saturday,Night,68252,6021,Bank Branch,0,0,85106,Cloudy,3,58760,2023,2,February,1,62231,80.19646088407399,High Risk
ATM_0001,2022-07-14,Thursday,Evening,62850,18980,Supermarket,0,0,73396,Snowy,3,58911,2022,7,July,3,43870,85.63136955692408,High Risk
ATM_0036,2023-09-01,Friday,Night,68952,1729,Gas Station,0,0,110480,Clear,3,68569,2023,9,September,3,67223,62.4112961622013,Normal
ATM_0024,2023-01-23,Monday,Afternoon,53858,10955,Gas Station,0,0,85301,Snowy,0,38494,2023,1,January,1,42903,63.1387674235941,Normal
ATM_0011,2022-03-06,Sunday,Evening,58242,13359,Gas Station,0,1,98087,Rainy,0,49699,2022,3,March,1,44883,59.37789921192411,Normal
ATM_0046,2022-06-01,Wednesday,Evening,53250,12873,Bank Branch,0,0,92041,Rainy,2,50240,2022,6,June,2,40377,57.85465173129366,Normal
ATM_0010,2022-12-16,Friday,Night,31492,11495,Mall,0,0,106362,Snowy,5,30203,2022,12,December,4,19997,29.60831876045956,Normal
ATM_0034,2023-09-27,Wednesday,Evening,49367,13695,Supermarket,0,0,96281,Clear,3,34041,2023,9,September,3,35672,51.27387542713515,Normal
ATM_0012,2022-04-21,Thursday,Evening,43191,14447,Mall,0,0,122118,Rainy,0,21128,2022,4,April,2,28744,35.36825038077925,Normal
ATM_0041,2023-01-04,Wednesday,Afternoon,58502,3753,Standalone,0,0,100543,Clear,1,59558,2023,1,January,1,54749,58.18604974985827,Normal
ATM_0047,2022-05-02,Monday,Evening,46970,13846,Standalone,0,1,90828,Clear,2,38057,2022,5,May,2,33124,51.71312811027436,Normal
ATM_0040,2023-10-01,Sunday,Afternoon,67458,8714,Standalone,0,0,75311,Rainy,1,49940,2023,10,October,4,58744,89.57257239978223,Normal
ATM_0009,2023-12-30,Saturday,Morning,26398,13343,Mall,0,0,73375,Rainy,4,14215,2023,12,December,4,13055,35.976831345826234,Normal
ATM_0018,2022-09-22,Thursday,Afternoon,56519,13244,Mall,0,0,106772,Snowy,5,52205,2022,9,September,3,43275,52.934289888734874,Normal
ATM_0042,2022-03-18,Friday,Evening,33710,1561,Mall,0,0,95177,Cloudy,4,31879,2022,3,March,1,32149,35.418220788635914,Normal
ATM_0015,2022-09-29,Thursday,Afternoon,27671,6962,Gas Station,0,0,87386,Cloudy,4,28568,2022,9,September,3,20709,31.66525530405328,Normal
ATM_0049,2023-07-12,Wednesday,Afternoon,82104,18328,Standalone,0,0,114618,Rainy,0,79902,2023,7,July,3,63776,71.63272784379416,Normal
ATM_0008,2023-03-14,Tuesday,Afternoon,32998,15382,Bank Branch,0,0,118559,Cloudy,4,25716,2023,3,March,1,17616,27.832555942610853,Normal
ATM_0037,2023-11-29,Wednesday,Morning,47729,15695,Supermarket,0,0,91055,Clear,0,30023,2023,11,November,4,32034,52.41776947998462,Normal
ATM_0044,2023-08-04,Friday,Night,31023,14889,Bank Branch,0,0,98295,Rainy,3,17654,2023,8,August,3,16134,31.561117045627956,Normal
ATM_0023,2023-04-20,Thursday,Night,59026,9283,Bank Branch,0,0,131392,Snowy,4,44042,2023,4,April,2,49743,44.92358743302484,Normal
ATM_0031,2023-04-08,Saturday,Evening,35674,7359,Standalone,0,0,85231,Cloudy,1,36393,2023,4,April,2,28315,41.85566284567822,Normal
ATM_0050,2023-12-21,Thursday,Evening,53560,5795,Supermarket,0,0,98583,Rainy,1,49974,2023,12,December,4,47765,54.329854031628166,Normal
ATM_0048,2023-05-21,Sunday,Afternoon,67631,2876,Standalone,0,0,109668,Rainy,1,67096,2023,5,May,2,64755,61.66885508990772,Normal
ATM_0041,2022-11-26,Saturday,Afternoon,40834,12023,Standalone,0,0,101296,Cloudy,4,22721,2022,11,November,4,28811,40.31156215447796,Normal
ATM_0044,2023-07-25,Tuesday,Afternoon,69924,11737,Supermarket,0,0,85891,Clear,1,69110,2023,7,July,3,58187,81.41015938806162,High Risk
ATM_0017,2022-12-11,Sunday,Evening,51480,7901,Bank Branch,0,0,86463,Rainy,4,46418,2022,12,December,4,43579,59.53991880920162,Normal
ATM_0031,2022-06-12,Sunday,Morning,65959,7925,Standalone,0,0,60382,Cloudy,3,62578,2022,6,June,2,58034,109.23619621741578,High Risk
ATM_0025,2023-01-23,Monday,Morning,44541,1630,Supermarket,0,0,80232,Cloudy,2,48391,2023,1,January,1,42911,55.51525575830093,Normal
ATM_0021,2023-12-25,Monday,Night,44564,17719,Mall,1,0,78542,Rainy,0,39820,2023,12,December,4,26845,56.73906954241043,Normal
ATM_0041,2023-04-29,Saturday,Evening,50186,13888,Bank Branch,0,0,121878,Rainy,5,33907,2023,4,April,2,36298,41.17724281658708,Normal
ATM_0025,2023-07-23,Sunday,Evening,55395,14243,Supermarket,0,0,80869,Snowy,5,39411,2023,7,July,3,41152,68.49967230953766,Normal
ATM_0009,2023-02-10,Friday,Afternoon,41303,5984,Mall,0,0,115452,Clear,3,29262,2023,2,February,1,35319,35.77504070955895,Normal
ATM_0019,2023-12-30,Saturday,Morning,30774,9663,Standalone,0,0,88648,Snowy,1,25912,2023,12,December,4,21111,34.71482718166231,Normal
ATM_0001,2023-10-13,Friday,Morning,53650,7805,Mall,0,0,75014,Clear,2,40505,2023,10,October,4,45845,71.51998293651852,Normal
ATM_0019,2022-12-31,Saturday,Afternoon,30090,4114,Supermarket,1,0,95872,Cloudy,2,35692,2022,12,December,4,25976,31.38559746328438,Normal
ATM_0023,2023-12-26,Tuesday,Night,51814,6207,Standalone,0,0,121168,Rainy,1,54835,2023,12,December,4,45607,42.762115410009244,Normal
ATM_0005,2023-09-02,Saturday,Night,47537,11878,Mall,0,0,95713,Snowy,1,43979,2023,9,September,3,35659,49.66618954582972,Normal
ATM_0015,2022-09-06,Tuesday,Evening,55904,9963,Supermarket,0,1,116276,Rainy,4,61369,2022,9,September,3,45941,48.078709277924936,Normal
ATM_0028,2023-09-23,Saturday,Night,37719,1150,Mall,0,0,80532,Clear,5,40930,2023,9,September,3,36569,46.83728207420653,Normal
ATM_0014,2023-10-11,Wednesday,Evening,66033,4731,Bank Branch,0,0,101311,Cloudy,2,57596,2023,10,October,4,61302,65.17850973734343,Normal
ATM_0048,2023-12-30,Saturday,Evening,43962,12225,Supermarket,0,0,111036,Clear,5,36400,2023,12,December,4,31737,39.59256457365179,Normal
ATM_0034,2023-06-21,Wednesday,Morning,58685,9016,Gas Station,0,0,69356,Clear,5,40251,2023,6,June,2,49669,84.6141646000346,Normal
ATM_0009,2022-04-29,Friday,Evening,57672,10406,Supermarket,0,0,89013,Cloudy,4,56582,2022,4,April,2,47266,64.79053621381146,Normal
ATM_0017,2022-08-11,Thursday,Night,63886,0,Gas Station,0,1,98714,Rainy,4,68694,2022,8,August,3,63886,64.71827704277003,Normal
ATM_0009,2023-05-18,Thursday,Evening,57872,3629,Supermarket,0,0,71525,Rainy,1,45255,2023,5,May,2,54243,80.9115693813352,Normal
ATM_0008,2022-06-14,Tuesday,Afternoon,85729,3203,Bank Branch,0,0,133010,Snowy,2,68463,2022,6,June,2,82526,64.45304864295917,Normal
ATM_0036,2022-02-11,Friday,Night,58501,16682,Mall,0,0,77078,Rainy,5,45840,2022,2,February,1,41819,75.89844054075093,Normal
ATM_0008,2022-11-16,Wednesday,Afternoon,42346,15509,Gas Station,0,0,110302,Snowy,3,29388,2022,11,November,4,26837,38.39096299251147,Normal
ATM_0031,2023-05-24,Wednesday,Evening,53327,11608,Mall,0,0,97150,Rainy,3,52537,2023,5,May,2,41719,54.891405043746786,Normal
ATM_0025,2023-02-25,Saturday,Evening,62721,14722,Gas Station,0,0,108569,Cloudy,3,42314,2023,2,February,1,47999,57.77063434313662,Normal
ATM_0046,2022-05-23,Monday,Afternoon,41744,14216,Supermarket,0,0,128472,Clear,1,34677,2022,5,May,2,27528,32.49268323058721,Normal
ATM_0044,2023-10-23,Monday,Afternoon,20893,5603,Mall,0,0,83549,Rainy,4,18511,2023,10,October,4,15290,25.00688218889514,Normal
ATM_0027,2023-07-05,Wednesday,Afternoon,19522,9147,Gas Station,0,0,109265,Snowy,3,17619,2023,7,July,3,10375,17.866654463917996,Normal
ATM_0009,2023-03-13,Monday,Evening,61703,11595,Bank Branch,0,0,135228,Rainy,0,60986,2023,3,March,1,50108,45.628863844765874,Normal
ATM_0020,2023-01-04,Wednesday,Night,40304,10289,Supermarket,0,0,75745,Clear,3,27074,2023,1,January,1,30015,53.21011287873787,Normal
ATM_0026,2023-11-07,Tuesday,Night,63512,9397,Mall,0,0,107156,Snowy,1,63655,2023,11,November,4,54115,59.2705961402068,Normal
ATM_0007,2022-07-06,Wednesday,Afternoon,45299,12932,Standalone,0,0,107948,Snowy,1,37978,2022,7,July,3,32367,41.96372327416905,Normal
ATM_0022,2023-06-18,Sunday,Evening,35080,13297,Supermarket,0,0,137257,Clear,0,29475,2023,6,June,2,21783,25.557895043604333,Normal
ATM_0034,2023-11-05,Sunday,Evening,25807,20064,Gas Station,0,0,112113,Rainy,2,7566,2023,11,November,4,5743,23.01874002122858,Normal
ATM_0012,2022-05-02,Monday,Morning,49255,5893,Gas Station,0,0,138208,Cloudy,4,41190,2022,5,May,2,43362,35.63831326695994,Normal
ATM_0044,2022-04-01,Friday,Night,39466,4009,Mall,0,0,100306,Rainy,3,32590,2022,4,April,2,35457,39.345602456483164,Normal
ATM_0017,2023-10-03,Tuesday,Morning,66333,11459,Mall,0,0,98884,Snowy,4,51766,2023,10,October,4,54874,67.08163100198212,Normal
ATM_0023,2023-01-06,Friday,Evening,46097,9252,Supermarket,0,1,101780,Rainy,0,42944,2023,1,January,1,36845,45.290823344468464,Normal
ATM_0040,2022-09-10,Saturday,Night,44111,7173,Supermarket,0,0,114304,Clear,1,34116,2022,9,September,3,36938,38.59095044792833,Normal
ATM_0049,2023-02-24,Friday,Afternoon,69492,9856,Gas Station,0,0,73243,Cloudy,1,50795,2023,2,February,1,59636,94.8786914790492,Normal
ATM_0032,2023-02-14,Tuesday,Night,25214,16091,Gas Station,0,0,92539,Cloudy,3,12655,2023,2,February,1,9123,27.246890500221525,Normal
ATM_0024,2023-08-05,Saturday,Afternoon,44064,12023,Standalone,0,0,86046,Cloudy,0,40891,2023,8,August,3,32041,51.20981800432327,Normal
ATM_0014,2022-11-13,Sunday,Morning,34201,3035,Gas Station,0,0,87165,Clear,4,33152,2022,11,November,4,31166,39.23707910285091,Normal
ATM_0023,2022-08-14,Sunday,Morning,52686,6757,Supermarket,0,0,100610,Snowy,1,43150,2022,8,August,3,45929,52.366563959844946,Normal
ATM_0028,2023-05-19,Friday,Afternoon,41932,13920,Bank Branch,0,0,98791,Clear,5,31985,2023,5,May,2,28012,42.445162008685,Normal
ATM_0032,2023-02-20,Monday,Morning,56613,8726,Standalone,0,0,90366,Clear,0,47708,2023,2,February,1,47887,62.64856251244937,Normal
ATM_0005,2022-03-25,Friday,Afternoon,37770,8172,Supermarket,0,0,67939,Snowy,4,34562,2022,3,March,1,29598,55.59398872517994,Normal
ATM_0001,2022-11-12,Saturday,Evening,53362,7740,Bank Branch,0,0,145431,Cloudy,2,45094,2022,11,November,4,45622,36.69231456842076,Normal
ATM_0032,2023-09-26,Tuesday,Afternoon,25276,13925,Mall,0,0,102179,Clear,0,16383,2023,9,September,3,11351,24.736981180085927,Normal
ATM_0001,2023-06-22,Thursday,Night,55033,0,Mall,0,0,138880,Cloudy,2,48968,2023,6,June,2,55033,39.62629608294931,Normal
ATM_0030,2023-12-22,Friday,Morning,54668,13453,Standalone,0,0,121790,Clear,2,40873,2023,12,December,4,41215,44.88710074718778,Normal
ATM_0031,2022-08-18,Thursday,Morning,36596,8918,Gas Station,0,0,89759,Cloudy,3,34461,2022,8,August,3,27678,40.77139896834858,Normal
ATM_0043,2022-08-25,Thursday,Night,58579,5805,Gas Station,0,0,94752,Clear,4,46373,2022,8,August,3,52774,61.82349712934819,Normal
ATM_0044,2023-02-08,Wednesday,Morning,59758,12764,Mall,0,0,94580,Rainy,3,58805,2023,2,February,1,46994,63.182491012899135,Normal
ATM_0012,2023-03-19,Sunday,Evening,67426,18967,Bank Branch,0,0,95173,Clear,2,42736,2023,3,March,1,48459,70.84572305170585,Normal
ATM_0033,2023-02-01,Wednesday,Night,34507,9022,Bank Branch,0,0,72747,Snowy,4,22398,2023,2,February,1,25485,47.43425845739343,Normal
ATM_0031,2022-04-17,Sunday,Evening,35935,13552,Standalone,0,1,105988,Cloudy,4,32255,2022,4,April,2,22383,33.90478167339699,Normal
ATM_0013,2022-06-10,Friday,Night,66713,12009,Gas Station,0,0,106227,Clear,5,58709,2022,6,June,2,54704,62.802300733335215,Normal
ATM_0022,2022-11-12,Saturday,Morning,67470,11028,Gas Station,0,0,110764,Rainy,5,48095,2022,11,November,4,56442,60.91329312773103,Normal
ATM_0012,2023-02-28,Tuesday,Morning,39929,6431,Supermarket,0,0,128508,Snowy,3,32682,2023,2,February,1,33498,31.07121735611791,Normal
ATM_0033,2023-07-20,Thursday,Night,77966,15712,Mall,0,0,110670,Snowy,5,73537,2023,7,July,3,62254,70.44908285895004,Normal
ATM_0039,2023-05-01,Monday,Afternoon,46389,11649,Standalone,0,0,105043,Cloudy,4,43154,2023,5,May,2,34740,44.16191464447893,Normal
ATM_0019,2022-08-06,Saturday,Afternoon,37122,8329,Gas Station,0,0,103051,Cloudy,0,23864,2022,8,August,3,28793,36.022940097621564,Normal
ATM_0011,2023-01-27,Friday,Afternoon,60153,6599,Bank Branch,0,0,126652,Cloudy,5,43996,2023,1,January,1,53554,47.494709913779495,Normal
ATM_0028,2022-12-26,Monday,Night,59393,5316,Standalone,0,0,133960,Cloudy,5,45062,2022,12,December,4,54077,44.33636906539265,Normal
ATM_0048,2023-02-01,Wednesday,Night,66568,12473,Supermarket,0,0,64560,Snowy,3,53055,2023,2,February,1,54095,103.1102850061958,Normal
ATM_0048,2022-03-22,Tuesday,Evening,42115,10425,Standalone,0,0,103159,Rainy,2,37352,2022,3,March,1,31690,40.825327891895036,Normal
ATM_0029,2022-09-16,Friday,Evening,50111,4043,Mall,0,0,118391,Rainy,2,42393,2022,9,September,3,46068,42.32669713069406,Normal
ATM_0002,2023-01-09,Monday,Afternoon,62567,13631,Gas Station,0,0,95986,Clear,4,54705,2023,1,January,1,48936,65.18346425520389,Normal
ATM_0047,2022-10-07,Friday,Night,37801,8050,Standalone,0,0,129157,Snowy,2,38841,2022,10,October,4,29751,29.26748066306898,Normal
ATM_0002,2022-08-31,Wednesday,Night,47990,12526,Standalone,0,0,81616,Clear,3,46207,2022,8,August,3,35464,58.799745148010196,Normal
ATM_0034,2022-01-08,Saturday,Evening,54080,11446,Bank Branch,0,0,151748,Rainy,5,49100,2022,1,January,1,42634,35.63803147323193,Normal
ATM_0035,2023-01-16,Monday,Night,32362,12463,Supermarket,0,0,86993,Clear,1,21955,2023,1,January,1,19899,37.20069430873749,Normal
ATM_0027,2023-09-08,Friday,Night,39750,15858,Standalone,0,1,92597,Clear,5,34227,2023,9,September,3,23892,42.92795662926444,Normal
ATM_0018,2022-01-30,Sunday,Night,73946,7341,Bank Branch,0,0,108347,Clear,2,56613,2022,1,January,1,66605,68.24923625019613,Normal
ATM_0006,2022-12-27,Tuesday,Morning,71305,17567,Gas Station,0,0,91712,Snowy,0,53859,2022,12,December,4,53738,77.74882240055827,Normal
ATM_0021,2022-04-16,Saturday,Morning,24353,0,Bank Branch,0,0,104785,Rainy,4,24770,2022,4,April,2,24353,23.240921887674762,Normal
ATM_0029,2023-10-09,Monday,Night,48936,5977,Bank Branch,0,0,113099,Snowy,3,44789,2023,10,October,4,42959,43.26828707592463,Normal
ATM_0030,2022-10-15,Saturday,Night,75172,5148,Standalone,0,0,70190,Cloudy,3,75522,2022,10,October,4,70024,107.09787719048298,High Risk
ATM_0048,2022-02-08,Tuesday,Afternoon,56074,17301,Bank Branch,0,0,100175,Rainy,3,57626,2022,2,February,1,38773,55.9760419266284,Normal
ATM_0013,2023-08-08,Tuesday,Night,23626,8809,Standalone,0,0,72272,Rainy,0,19595,2023,8,August,3,14817,32.69039185299978,Normal
ATM_0046,2023-08-13,Sunday,Evening,52912,12937,Mall,0,0,92850,Clear,0,50959,2023,8,August,3,39975,56.98653742595584,Normal
ATM_0012,2023-10-06,Friday,Night,61857,11723,Gas Station,0,0,95860,Clear,5,40379,2023,10,October,4,50134,64.52847903192155,Normal
ATM_0039,2022-12-02,Friday,Morning,53181,9910,Gas Station,0,0,131922,Snowy,4,35279,2022,12,December,4,43271,40.312457361167965,Normal
ATM_0030,2023-05-03,Wednesday,Night,53681,14215,Bank Branch,0,0,114158,Rainy,0,36253,2023,5,May,2,39466,47.02342367595788,Normal
ATM_0028,2022-03-31,Thursday,Evening,36470,9079,Standalone,0,0,126978,Snowy,3,27051,2022,3,March,1,27391,28.72151081289672,Normal
ATM_0042,2023-01-16,Monday,Evening,46247,17567,Gas Station,0,0,111380,Rainy,2,36001,2023,1,January,1,28680,41.521817202370265,Normal
ATM_0002,2022-12-19,Monday,Afternoon,47529,10422,Gas Station,0,0,129772,Cloudy,0,34537,2022,12,December,4,37107,36.625003852911256,Normal
ATM_0047,2023-02-18,Saturday,Night,52693,12937,Standalone,0,0,117411,Cloudy,0,38291,2023,2,February,1,39756,44.87909991397739,Normal
ATM_0031,2022-03-29,Tuesday,Morning,49491,13888,Bank Branch,0,0,115520,Rainy,5,43242,2022,3,March,1,35603,42.84193213296399,Normal
ATM_0026,2022-04-08,Friday,Afternoon,67523,7768,Supermarket,0,0,88377,Rainy,3,54132,2022,4,April,2,59755,76.40336286590403,Normal
ATM_0030,2022-09-17,Saturday,Evening,49689,16895,Supermarket,0,0,124411,Snowy,5,37092,2022,9,September,3,32794,39.939394426537845,Normal
ATM_0007,2023-12-18,Monday,Afternoon,54526,14338,Bank Branch,0,0,99270,Cloudy,0,51063,2023,12,December,4,40188,54.926966858063864,Normal
ATM_0022,2023-12-12,Tuesday,Morning,52724,7113,Gas Station,0,0,109578,Clear,5,47148,2023,12,December,4,45611,48.11549763638687,Normal
ATM_0049,2023-02-19,Sunday,Evening,64568,8766,Mall,0,0,109045,Cloudy,2,49487,2023,2,February,1,55802,59.212251822642024,Normal
ATM_0003,2023-05-23,Tuesday,Morning,27608,15158,Gas Station,0,0,77601,Snowy,3,22841,2023,5,May,2,12450,35.576861122923674,Normal
ATM_0034,2022-10-03,Monday,Afternoon,54067,18256,Mall,0,0,160765,Snowy,3,44198,2022,10,October,4,35811,33.63107641588654,Normal
ATM_0014,2023-03-20,Monday,Evening,47656,15239,Standalone,0,0,119145,Clear,2,27994,2023,3,March,1,32417,39.99832137311679,Normal
ATM_0017,2023-09-28,Thursday,Afternoon,71146,14638,Gas Station,0,0,102359,Clear,4,73561,2023,9,September,3,56508,69.50634531404175,Normal
ATM_0001,2022-07-13,Wednesday,Morning,46492,7618,Gas Station,0,0,120126,Rainy,5,44577,2022,7,July,3,38874,38.702695503055125,Normal
ATM_0025,2022-09-20,Tuesday,Afternoon,74050,8138,Mall,0,0,70654,Snowy,5,57706,2022,9,September,3,65912,104.80652192374104,High Risk
ATM_0040,2023-05-30,Tuesday,Evening,52215,5834,Standalone,0,1,68444,Clear,4,51846,2023,5,May,2,46381,76.2886447314593,Normal
ATM_0036,2023-11-06,Monday,Evening,38273,3370,Supermarket,0,0,92097,Rainy,1,39411,2023,11,November,4,34903,41.55727113803924,Normal
ATM_0041,2022-02-04,Friday,Night,58903,11300,Standalone,0,0,95291,Snowy,1,46030,2022,2,February,1,47603,61.81381242719669,Normal
ATM_0028,2023-09-27,Wednesday,Morning,46063,13518,Mall,0,0,64805,Rainy,1,28026,2023,9,September,3,32545,71.07939202222052,Normal
ATM_0042,2022-02-08,Tuesday,Afternoon,58986,2874,Supermarket,0,1,100249,Cloudy,3,62266,2022,2,February,1,56112,58.8394896707199,Normal
ATM_0013,2022-08-13,Saturday,Morning,55144,9541,Supermarket,0,0,110282,Rainy,1,41617,2022,8,August,3,45603,50.00272029887017,Normal
ATM_0023,2023-02-14,Tuesday,Evening,52737,12802,Standalone,0,1,78412,Rainy,0,42786,2023,2,February,1,39935,67.25628730296384,Normal
ATM_0029,2023-09-04,Monday,Morning,26168,5673,Standalone,0,0,118645,Clear,1,27371,2023,9,September,3,20495,22.05571241940242,Normal
ATM_0044,2023-04-20,Thursday,Afternoon,52836,7159,Bank Branch,0,0,86039,Rainy,5,56060,2023,4,April,2,45677,61.409360871232806,High Risk
ATM_0039,2023-01-01,Sunday,Afternoon,59313,11059,Mall,1,0,75708,Snowy,0,57653,2023,1,January,1,48254,78.34442859407196,High Risk
ATM_0002,2022-10-27,Thursday,Afternoon,31662,12638,Bank Branch,0,0,130213,Rainy,5,19649,2022,10,October,4,19024,24.31554453088401,Normal
ATM_0003,2023-12-11,Monday,Night,52213,2799,Supermarket,0,0,107533,Clear,2,48170,2023,12,December,4,49414,48.555327201882214,Normal
ATM_0034,2022-05-08,Sunday,Morning,41664,13487,Supermarket,0,0,86281,Clear,2,23274,2022,5,May,2,28177,48.28873100682653,Normal
ATM_0020,2023-06-28,Wednesday,Evening,54117,9922,Gas Station,0,0,135263,Snowy,3,52275,2023,6,June,2,44195,40.00872374559192,Normal
ATM_0049,2023-05-13,Saturday,Night,36219,15479,Bank Branch,0,0,112780,Rainy,2,17823,2023,5,May,2,20740,32.11473665543536,Normal
ATM_0046,2022-12-04,Sunday,Evening,27506,2270,Bank Branch,0,0,102595,Clear,2,26675,2022,12,December,4,25236,26.8102734051367,Normal
ATM_0006,2023-07-03,Monday,Afternoon,48362,8347,Gas Station,0,0,149331,Rainy,4,40518,2023,7,July,3,40015,32.38577388485981,Normal
ATM_0009,2023-03-24,Friday,Evening,32261,5727,Bank Branch,0,0,99032,Clear,4,35264,2023,3,March,1,26534,32.576338961143875,Normal
ATM_0022,2022-07-09,Saturday,Evening,29106,7022,Standalone,0,0,99061,Cloudy,4,19400,2022,7,July,3,22084,29.381896003472608,Normal
ATM_0034,2023-11-09,Thursday,Morning,26733,2741,Standalone,0,1,78391,Clear,1,31204,2023,11,November,4,23992,34.10212907093926,Normal
ATM_0004,2023-06-10,Saturday,Morning,56541,6241,Supermarket,0,0,92997,Snowy,2,43818,2023,6,June,2,50300,60.79873544307881,Normal
ATM_0017,2023-05-29,Monday,Night,59058,3210,Gas Station,0,0,112442,Snowy,0,48124,2023,5,May,2,55848,52.523078564949046,Normal
ATM_0046,2022-10-29,Saturday,Evening,58285,8575,Supermarket,0,0,108838,Snowy,5,53707,2022,10,October,4,49710,53.552068211470264,Normal
ATM_0002,2023-06-07,Wednesday,Afternoon,43312,12595,Standalone,0,0,106185,Snowy,0,26606,2023,6,June,2,30717,40.789188680133734,Normal
ATM_0016,2022-12-07,Wednesday,Morning,73728,8288,Gas Station,0,1,97621,Cloudy,4,87953,2022,12,December,4,65440,75.52473340777087,Normal
ATM_0024,2022-12-21,Wednesday,Evening,30220,13812,Supermarket,0,0,131238,Rainy,2,19670,2022,12,December,4,16408,23.026867218336154,Normal
ATM_0022,2023-06-05,Monday,Morning,43305,6691,Mall,0,0,119404,Rainy,5,42368,2023,6,June,2,36614,36.26762922515159,Normal
ATM_0010,2023-04-03,Monday,Night,64266,13251,Standalone,0,0,77723,Cloudy,5,45191,2023,4,April,2,51015,82.68594881823913,Normal
ATM_0032,2023-05-20,Saturday,Evening,13560,9199,Standalone,0,0,105156,Rainy,2,6422,2023,5,May,2,4361,12.895127239529842,Normal
ATM_0019,2023-12-27,Wednesday,Morning,48273,10735,Bank Branch,0,0,108591,Cloudy,1,51175,2023,12,December,4,37538,44.4539602729508,Normal
ATM_0019,2023-08-24,Thursday,Afternoon,43380,14647,Gas Station,0,0,107220,Clear,0,29097,2023,8,August,3,28733,40.45886961387801,Normal
ATM_0032,2022-03-05,Saturday,Evening,54727,7493,Standalone,0,0,105652,Snowy,4,56160,2022,3,March,1,47234,51.79930337333889,Normal
ATM_0020,2023-08-06,Sunday,Night,46514,12152,Gas Station,0,0,80463,Clear,3,33694,2023,8,August,3,34362,57.8079365671178,Normal
ATM_0028,2022-05-16,Monday,Afternoon,52893,9174,Supermarket,0,0,130726,Cloudy,5,47855,2022,5,May,2,43719,40.4609641540321,Normal
ATM_0032,2022-05-01,Sunday,Afternoon,61963,21500,Standalone,0,0,90141,Rainy,2,39766,2022,5,May,2,40463,68.74008497797894,Normal
ATM_0002,2022-06-22,Wednesday,Night,40519,4166,Gas Station,0,0,122810,Clear,3,35612,2022,6,June,2,36353,32.99324159270417,Normal
ATM_0020,2022-05-07,Saturday,Afternoon,22265,14419,Bank Branch,0,0,123165,Cloudy,3,13819,2022,5,May,2,7846,18.077375877887388,Normal
ATM_0024,2022-07-22,Friday,Morning,62686,1636,Standalone,0,0,101160,Clear,5,71343,2022,7,July,3,61050,61.96718070383551,Normal
ATM_0041,2022-07-26,Tuesday,Evening,58019,9959,Mall,0,0,60751,Clear,0,40943,2022,7,July,3,48060,95.50295468387353,Normal
ATM_0022,2022-10-17,Monday,Evening,58026,2153,Standalone,0,0,130800,Snowy,2,59617,2022,10,October,4,55873,44.362385321100916,Normal
ATM_0023,2023-09-30,Saturday,Evening,39855,0,Standalone,0,1,115293,Rainy,0,51494,2023,9,September,3,39855,34.56844734719367,Normal
ATM_0028,2023-07-26,Wednesday,Afternoon,55500,8126,Bank Branch,0,0,122496,Cloudy,5,49627,2023,7,July,3,47374,45.30760188087774,Normal
ATM_0049,2023-03-01,Wednesday,Night,50525,10254,Supermarket,0,0,113598,Snowy,0,32752,2023,3,March,1,40271,44.47701544041268,Normal
ATM_0020,2023-08-18,Friday,Morning,37137,12129,Mall,0,0,81588,Clear,2,27998,2023,8,August,3,25008,45.51772319458744,Normal
ATM_0013,2022-03-23,Wednesday,Night,39676,10402,Mall,0,0,82924,Snowy,5,26465,2022,3,March,1,29274,47.84622063576286,Normal
ATM_0031,2023-07-27,Thursday,Evening,72561,18114,Bank Branch,0,0,113924,Cloudy,4,57294,2023,7,July,3,54447,63.69246164109407,Normal
ATM_0015,2022-08-17,Wednesday,Night,61452,16123,Supermarket,0,0,99885,Clear,4,52027,2022,8,August,3,45329,61.52275116383842,Normal
ATM_0044,2022-09-06,Tuesday,Morning,51066,6222,Gas Station,0,0,56263,Snowy,5,57437,2022,9,September,3,44844,90.76302365675488,High Risk
ATM_0044,2022-01-26,Wednesday,Morning,47367,0,Mall,0,0,80179,Rainy,4,53436,2022,1,January,1,47367,59.07656618316517,Normal
ATM_0006,2022-04-06,Wednesday,Morning,36885,15188,Standalone,0,0,110174,Rainy,0,27668,2022,4,April,2,21697,33.47886071123858,Normal
ATM_0011,2023-02-20,Monday,Evening,12547,10050,Mall,0,0,64070,Rainy,5,5768,2023,2,February,1,2497,19.58326830029655,Normal
ATM_0044,2022-09-01,Thursday,Afternoon,57637,12738,Supermarket,0,0,77644,Cloudy,4,49985,2022,9,September,3,44899,74.23239400340013,Normal
ATM_0003,2022-07-09,Saturday,Morning,55712,13490,Bank Branch,0,0,92815,Cloudy,4,34790,2022,7,July,3,42222,60.02478047729354,Normal
ATM_0011,2023-11-02,Thursday,Morning,52278,6639,Supermarket,0,0,75149,Rainy,4,40893,2023,11,November,4,45639,69.56579595204194,Normal
ATM_0020,2022-10-18,Tuesday,Night,38949,14260,Supermarket,0,0,76555,Cloudy,3,29398,2022,10,October,4,24689,50.87714714910848,Normal
ATM_0028,2023-02-18,Saturday,Afternoon,47427,16081,Standalone,0,0,88184,Rainy,5,28889,2023,2,February,1,31346,53.78186519096435,Normal
ATM_0001,2023-07-11,Tuesday,Afternoon,45861,9091,Standalone,0,0,88483,Clear,1,33737,2023,7,July,3,36770,51.830295084931564,Normal
ATM_0019,2022-07-10,Sunday,Night,44572,14282,Gas Station,0,0,96350,Snowy,1,25064,2022,7,July,3,30290,46.26050856253243,Normal
ATM_0047,2023-02-27,Monday,Evening,53021,10818,Standalone,0,0,101094,Snowy,3,51368,2023,2,February,1,42203,52.44722733297723,Normal
ATM_0042,2023-07-27,Thursday,Afternoon,51392,13803,Bank Branch,0,0,100367,Cloudy,3,41698,2023,7,July,3,37589,51.20408102264689,Normal
ATM_0016,2023-03-29,Wednesday,Evening,56264,17499,Supermarket,0,0,72539,Cloudy,3,55628,2023,3,March,1,38765,77.56379326982726,High Risk
ATM_0020,2022-10-07,Friday,Afternoon,59896,15633,Standalone,0,0,70265,Cloudy,5,39837,2022,10,October,4,44263,85.24300861026116,Normal
ATM_0006,2022-11-10,Thursday,Evening,56457,8208,Gas Station,0,0,97397,Rainy,4,51572,2022,11,November,4,48249,57.96585110424346,Normal
ATM_0040,2023-12-22,Friday,Evening,43834,11154,Bank Branch,0,0,103212,Snowy,2,29868,2023,12,December,4,32680,42.46986784482424,Normal
ATM_0028,2023-02-18,Saturday,Evening,75511,3826,Bank Branch,0,0,65481,Snowy,0,74325,2023,2,February,1,71685,115.31742032039828,High Risk
ATM_0010,2023-10-04,Wednesday,Night,22869,12756,Supermarket,0,0,124155,Cloudy,2,16753,2023,10,October,4,10113,18.419717288872782,Normal
ATM_0050,2023-08-27,Sunday,Night,50852,10832,Gas Station,0,0,112512,Clear,0,38455,2023,8,August,3,40020,45.196956769055745,Normal
ATM_0043,2023-07-05,Wednesday,Afternoon,38655,22936,Bank Branch,0,0,126637,Rainy,1,18382,2023,7,July,3,15719,30.524254364838082,Normal
ATM_0043,2023-10-28,Saturday,Afternoon,48681,10911,Standalone,0,0,121312,Cloudy,1,34997,2023,10,October,4,37770,40.1287589026642,Normal
ATM_0012,2022-02-23,Wednesday,Afternoon,32469,12181,Gas Station,0,0,97849,Cloudy,5,21947,2022,2,February,1,20288,33.18276119326718,Normal
ATM_0036,2022-10-04,Tuesday,Morning,70559,1480,Gas Station,0,0,73455,Clear,1,59766,2022,10,October,4,69079,96.05745013954122,High Risk
ATM_0033,2023-02-28,Tuesday,Night,24843,3258,Standalone,0,0,104055,Snowy,3,22043,2023,2,February,1,21585,23.874873864783048,Normal
ATM_0033,2022-09-08,Thursday,Morning,47566,19144,Standalone,0,0,102916,Snowy,4,25809,2022,9,September,3,28422,46.21827509813829,Normal
ATM_0025,2023-12-04,Monday,Evening,62085,12749,Gas Station,0,0,86884,Snowy,3,65012,2023,12,December,4,49336,71.45734542608535,Normal
ATM_0033,2023-01-30,Monday,Morning,20878,1952,Mall,0,0,118189,Snowy,0,20822,2023,1,January,1,18926,17.66492651600403,Normal
ATM_0048,2022-05-15,Sunday,Night,40043,8071,Gas Station,0,0,108351,Snowy,5,42162,2022,5,May,2,31972,36.956742438925346,Normal
ATM_0017,2023-09-09,Saturday,Evening,39472,10967,Bank Branch,0,1,122101,Rainy,1,35668,2023,9,September,3,28505,32.32733556645728,Normal
ATM_0030,2022-02-07,Monday,Evening,41483,13672,Gas Station,0,0,102575,Cloudy,2,39552,2022,2,February,1,27811,40.441628077016816,Normal
ATM_0013,2022-09-15,Thursday,Evening,68203,11180,Bank Branch,0,0,109570,Snowy,1,61065,2022,9,September,3,57023,62.2460527516656,Normal
ATM_0006,2023-12-03,Sunday,Night,44472,10388,Gas Station,0,0,97546,Clear,2,31729,2023,12,December,4,34084,45.590798187521784,Normal
ATM_0009,2022-02-21,Monday,Afternoon,23256,10361,Standalone,0,0,123800,Clear,4,19621,2022,2,February,1,12895,18.785137318255252,Normal
ATM_0034,2022-12-22,Thursday,Morning,73869,12597,Standalone,0,0,94713,Clear,1,59268,2022,12,December,4,61272,77.9924614361281,Normal
ATM_0015,2022-11-21,Monday,Evening,65170,13614,Mall,0,0,116204,Snowy,1,54912,2022,11,November,4,51556,56.08240680183126,Normal
ATM_0012,2022-07-10,Sunday,Night,46920,11236,Gas Station,0,0,84781,Rainy,1,47414,2022,7,July,3,35684,55.342588551680215,Normal
ATM_0032,2023-11-19,Sunday,Morning,38184,8538,Standalone,0,0,96683,Rainy,4,32487,2023,11,November,4,29646,39.49401652824178,Normal
ATM_0007,2022-01-02,Sunday,Night,50838,8113,Mall,0,1,99582,Clear,5,44598,2022,1,January,1,42725,51.05139483039104,Normal
ATM_0032,2022-02-14,Monday,Morning,65529,20261,Standalone,0,0,113567,Clear,4,62659,2022,2,February,1,45268,57.700740532020745,Normal
ATM_0018,2022-12-24,Saturday,Night,31483,12416,Standalone,1,0,119746,Cloudy,2,22075,2022,12,December,4,19067,26.29148364037212,Normal
ATM_0040,2023-09-05,Tuesday,Morning,76286,10293,Standalone,0,0,79666,Cloudy,0,57909,2023,9,September,3,65993,95.75728667185498,High Risk
ATM_0046,2022-07-04,Monday,Evening,72127,2519,Supermarket,0,0,30099,Clear,0,77676,2022,7,July,3,69608,239.63254593175853,High Risk
ATM_0019,2022-08-09,Tuesday,Evening,56210,3487,Supermarket,0,0,98822,Clear,2,59708,2022,8,August,3,52723,56.88004695310761,Normal
ATM_0001,2023-10-05,Thursday,Night,45827,4766,Gas Station,0,0,106322,Snowy,0,41215,2023,10,October,4,41061,43.10208611576156,Normal
ATM_0015,2022-02-11,Friday,Night,67910,11907,Mall,0,0,124822,Rainy,1,65036,2022,2,February,1,56003,54.405473394113216,Normal
ATM_0007,2023-02-16,Thursday,Night,58455,13067,Standalone,0,0,92289,Rainy,3,53631,2023,2,February,1,45388,63.33907616292299,Normal
ATM_0008,2022-10-17,Monday,Night,67426,11259,Bank Branch,0,1,89032,Rainy,0,57345,2022,10,October,4,56167,75.73232096324917,Normal
ATM_0019,2022-09-09,Friday,Morning,26634,2555,Supermarket,0,0,99585,Snowy,1,27046,2022,9,September,3,24079,26.744991715619822,Normal
ATM_0006,2022-07-03,Sunday,Night,47610,6966,Gas Station,0,0,65901,Cloudy,0,38337,2022,7,July,3,40644,72.24473073246233,Normal
ATM_0012,2022-08-15,Monday,Afternoon,37206,8354,Gas Station,0,0,77054,Cloudy,2,38113,2022,8,August,3,28852,48.28561787837101,Normal
ATM_0022,2023-06-07,Wednesday,Morning,37607,12127,Gas Station,0,0,72772,Snowy,3,35522,2023,6,June,2,25480,51.67784312647722,Normal
ATM_0021,2022-12-06,Tuesday,Evening,33317,14336,Bank Branch,0,0,132247,Rainy,0,14630,2022,12,December,4,18981,25.1930100493773,Normal
ATM_0044,2022-09-05,Monday,Night,44351,9362,Gas Station,0,0,79346,Rainy,3,29543,2022,9,September,3,34989,55.89569732563709,Normal
ATM_0047,2022-11-18,Friday,Morning,31193,16161,Mall,0,0,70752,Snowy,5,9022,2022,11,November,4,15032,44.08779963817277,Normal
ATM_0044,2023-03-24,Friday,Night,57295,4971,Mall,0,0,83591,Clear,2,45531,2023,3,March,1,52324,68.54206792597289,Normal
ATM_0030,2022-03-19,Saturday,Morning,58086,6620,Bank Branch,0,0,89684,Clear,3,57425,2022,3,March,1,51466,64.76740555729003,Normal
ATM_0030,2023-12-06,Wednesday,Afternoon,40737,10257,Bank Branch,0,1,95961,Snowy,1,39960,2023,12,December,4,30480,42.45162097101948,Normal
ATM_0037,2022-08-24,Wednesday,Afternoon,53321,11969,Mall,0,0,82739,Snowy,2,47392,2022,8,August,3,41352,64.44482045951729,Normal
ATM_0034,2022-10-16,Sunday,Evening,59097,10349,Mall,0,0,40187,Cloudy,2,47443,2022,10,October,4,48748,147.05501779182322,Normal
ATM_0031,2022-02-27,Sunday,Night,56364,513,Supermarket,0,0,109871,Rainy,0,56596,2022,2,February,1,55851,51.30016109801494,Normal
ATM_0046,2023-06-25,Sunday,Afternoon,63569,7653,Mall,0,0,124321,Rainy,3,50455,2023,6,June,2,55916,51.1329542072538,Normal
ATM_0044,2022-09-29,Thursday,Night,38795,15155,Supermarket,0,0,117519,Snowy,5,20242,2022,9,September,3,23640,33.011683217181904,Normal
ATM_0008,2023-08-11,Friday,Morning,28969,8046,Bank Branch,0,0,122206,Snowy,0,27348,2023,8,August,3,20923,23.70505539826195,Normal
ATM_0050,2023-10-31,Tuesday,Morning,51949,2234,Standalone,0,0,77505,Clear,2,41819,2023,10,October,4,49715,67.02664344235856,Normal
ATM_0007,2022-02-21,Monday,Afternoon,68797,12439,Bank Branch,0,0,75319,Snowy,5,54831,2022,2,February,1,56358,91.34083033497524,High Risk
ATM_0016,2022-08-18,Thursday,Night,23512,9220,Bank Branch,0,0,149032,Clear,2,17930,2022,8,August,3,14292,15.776477535026034,Normal
ATM_0031,2023-12-27,Wednesday,Evening,26045,9069,Standalone,0,0,126238,Clear,0,16786,2023,12,December,4,16976,20.63166399974651,Normal
ATM_0037,2023-07-08,Saturday,Evening,61236,9256,Mall,0,0,97073,Snowy,1,53936,2023,7,July,3,51980,63.08242250677325,Normal
ATM_0029,2023-04-05,Wednesday,Morning,53651,15525,Bank Branch,0,0,87596,Cloudy,0,46937,2023,4,April,2,38126,61.248230512808796,Normal
ATM_0048,2022-10-04,Tuesday,Night,47152,13918,Mall,0,0,112592,Rainy,2,39981,2022,10,October,4,33234,41.878641466534035,Normal
ATM_0046,2023-12-18,Monday,Afternoon,39840,15055,Supermarket,0,0,96773,Rainy,1,36809,2023,12,December,4,24785,41.16850774492885,Normal
ATM_0041,2023-08-02,Wednesday,Night,27207,11220,Mall,0,0,89764,Snowy,3,16453,2023,8,August,3,15987,30.309478187246558,Normal
ATM_0034,2022-04-22,Friday,Night,44078,5721,Gas Station,0,0,119401,Snowy,0,42047,2022,4,April,2,38357,36.91593872748135,Normal
ATM_0023,2023-09-11,Monday,Morning,36482,14728,Gas Station,0,1,121787,Rainy,5,32449,2023,9,September,3,21754,29.955578181579313,Normal
ATM_0050,2023-07-31,Monday,Afternoon,34270,4655,Mall,0,0,83086,Clear,0,36345,2023,7,July,3,29615,41.24641937269817,Normal
ATM_0044,2022-12-22,Thursday,Evening,61278,15014,Supermarket,0,0,85480,Cloudy,4,41939,2022,12,December,4,46264,71.68694431445952,Normal
ATM_0050,2023-07-16,Sunday,Afternoon,45083,7325,Bank Branch,0,0,123695,Clear,3,35355,2023,7,July,3,37758,36.44690569546061,Normal
ATM_0038,2022-08-05,Friday,Night,50779,10065,Standalone,0,0,83944,Clear,4,53347,2022,8,August,3,40714,60.49151815496045,Normal
ATM_0039,2024-01-01,Monday,Evening,60128,4974,Standalone,1,0,109098,Snowy,5,69174,2024,1,January,1,55154,55.11375093952226,Normal
ATM_0046,2023-10-07,Saturday,Evening,57233,10928,Standalone,0,0,99212,Snowy,4,59669,2023,10,October,4,46305,57.687578115550544,Normal
ATM_0013,2023-01-13,Friday,Night,51948,10301,Mall,0,0,77922,Cloudy,2,45363,2023,1,January,1,41647,66.66666666666666,Normal
ATM_0001,2023-08-14,Monday,Evening,47716,14768,Gas Station,0,0,112401,Clear,3,38145,2023,8,August,3,32948,42.45157961228103,Normal
ATM_0035,2023-10-26,Thursday,Evening,45329,9978,Gas Station,0,0,99940,Rainy,3,43700,2023,10,October,4,35351,45.356213728236945,Normal
ATM_0008,2023-08-18,Friday,Afternoon,59172,11205,Gas Station,0,0,83388,Rainy,5,65147,2023,8,August,3,47967,70.95985033817816,High Risk
ATM_0043,2023-01-28,Saturday,Morning,42990,13018,Mall,0,0,67716,Clear,5,40055,2023,1,January,1,29972,63.48573453836611,Normal
ATM_0008,2022-01-28,Friday,Afternoon,29811,16535,Gas Station,0,0,95657,Clear,4,15449,2022,1,January,1,13276,31.16447306522262,Normal
ATM_0018,2023-08-09,Wednesday,Morning,65912,10361,Supermarket,0,0,69371,Cloudy,0,67251,2023,8,August,3,55551,95.01376655951334,High Risk
ATM_0004,2022-07-21,Thursday,Afternoon,49878,9871,Gas Station,0,0,74441,Rainy,4,35795,2022,7,July,3,40007,67.00339866471434,Normal
ATM_0002,2022-12-19,Monday,Night,27504,9895,Gas Station,0,0,51595,Cloudy,0,15678,2022,12,December,4,17609,53.30749103595309,Normal
ATM_0006,2022-10-12,Wednesday,Night,42227,14969,Bank Branch,0,0,123820,Rainy,0,31918,2022,10,October,4,27258,34.10353739298982,Normal
ATM_0007,2023-07-31,Monday,Evening,64920,9993,Gas Station,0,0,72110,Cloudy,2,44639,2023,7,July,3,54927,90.0291221744557,Normal
ATM_0028,2022-01-29,Saturday,Night,47850,5735,Gas Station,0,0,122163,Snowy,4,38498,2022,1,January,1,42115,39.16897915080671,Normal
ATM_0024,2023-02-04,Saturday,Morning,52132,3459,Supermarket,0,0,84924,Rainy,0,40414,2023,2,February,1,48673,61.386651594366725,Normal
ATM_0023,2022-05-04,Wednesday,Afternoon,73299,10267,Standalone,0,0,118601,Cloudy,2,74561,2022,5,May,2,63032,61.80302021062217,Normal
ATM_0047,2023-06-28,Wednesday,Afternoon,20017,9058,Standalone,0,0,132895,Cloudy,2,11750,2023,6,June,2,10959,15.062267203431281,Normal
ATM_0007,2023-03-11,Saturday,Night,64342,7314,Standalone,0,0,79456,Cloudy,5,64579,2023,3,March,1,57028,80.97815142972212,High Risk
ATM_0031,2022-07-13,Wednesday,Evening,57698,9667,Supermarket,0,0,110163,Rainy,5,54495,2022,7,July,3,48031,52.375116872271086,Normal
ATM_0008,2023-05-17,Wednesday,Night,52136,4670,Standalone,0,0,105472,Snowy,3,49622,2023,5,May,2,47466,49.4311286407767,Normal
ATM_0029,2023-09-14,Thursday,Afternoon,59064,3431,Standalone,0,0,91670,Snowy,5,47204,2023,9,September,3,55633,64.43111159594197,Normal
ATM_0036,2022-11-11,Friday,Afternoon,50142,4138,Supermarket,0,0,98919,Cloudy,4,46852,2022,11,November,4,46004,50.68995845085374,Normal
ATM_0038,2023-08-28,Monday,Night,43379,9328,Mall,0,0,88813,Rainy,0,43334,2023,8,August,3,34051,48.843074775089235,Normal
ATM_0006,2023-09-19,Tuesday,Afternoon,27384,16307,Mall,0,0,148786,Snowy,3,12935,2023,9,September,3,11077,18.40495745567459,Normal
ATM_0041,2023-08-15,Tuesday,Morning,43873,9886,Bank Branch,0,0,98288,Cloudy,0,35433,2023,8,August,3,33987,44.63718867003093,Normal
ATM_0037,2022-04-02,Saturday,Night,51042,6432,Supermarket,0,0,132876,Rainy,2,52212,2022,4,April,2,44610,38.413257473132845,Normal
ATM_0016,2023-11-26,Sunday,Morning,65519,12432,Bank Branch,0,0,103835,Rainy,4,53384,2023,11,November,4,53087,63.09914768623297,Normal
ATM_0031,2023-07-25,Tuesday,Afternoon,64079,12678,Mall,0,0,58611,Cloudy,4,43918,2023,7,July,3,51401,109.3293067854157,Normal
ATM_0009,2023-06-12,Monday,Night,71248,11516,Standalone,0,0,103060,Snowy,2,61679,2023,6,June,2,59732,69.1325441490394,Normal
ATM_0012,2023-03-10,Friday,Afternoon,25542,14037,Mall,0,0,58467,Snowy,4,10609,2023,3,March,1,11505,43.68618194879163,Normal
ATM_0032,2022-09-17,Saturday,Night,46648,11267,Supermarket,0,0,105386,Rainy,4,35895,2022,9,September,3,35381,44.2639439773784,Normal
ATM_0011,2023-02-17,Friday,Afternoon,39313,7747,Standalone,0,0,103073,Clear,3,30398,2023,2,February,1,31566,38.14092924432199,Normal
ATM_0015,2023-08-08,Tuesday,Afternoon,61370,3758,Bank Branch,0,0,98649,Rainy,0,67259,2023,8,August,3,57612,62.21046335999352,Normal
ATM_0029,2023-10-23,Monday,Night,52295,9733,Supermarket,0,0,108549,Clear,1,54670,2023,10,October,4,42562,48.17639959833808,Normal
ATM_0037,2023-10-29,Sunday,Evening,70902,10687,Gas Station,0,0,115637,Clear,2,58969,2023,10,October,4,60215,61.314285220128504,Normal
ATM_0021,2023-05-09,Tuesday,Night,71829,15182,Gas Station,0,0,104975,Clear,3,62558,2023,5,May,2,56647,68.42486306263396,Normal
ATM_0020,2022-07-28,Thursday,Morning,54135,12169,Bank Branch,0,0,105104,Rainy,2,37640,2022,7,July,3,41966,51.50612726442381,Normal
ATM_0042,2022-11-23,Wednesday,Afternoon,54414,18815,Standalone,0,0,109550,Clear,0,39845,2022,11,November,4,35599,49.670470104974896,Normal
ATM_0045,2022-12-05,Monday,Night,65843,6319,Standalone,0,0,70359,Rainy,3,59039,2022,12,December,4,59524,93.5814892195739,High Risk
ATM_0011,2022-02-21,Monday,Evening,28873,4095,Supermarket,0,0,127704,Rainy,3,20386,2022,2,February,1,24778,22.609315291611853,Normal
ATM_0038,2023-12-20,Wednesday,Evening,28348,9284,Gas Station,0,0,65253,Cloudy,1,20282,2023,12,December,4,19064,43.44321333885032,Normal
ATM_0040,2022-09-20,Tuesday,Afternoon,44458,20322,Bank Branch,0,0,113276,Cloudy,4,37952,2022,9,September,3,24136,39.247501677319114,Normal
ATM_0025,2023-04-17,Monday,Morning,42176,5996,Supermarket,0,0,134082,Snowy,0,28261,2023,4,April,2,36180,31.455378052236693,Normal
ATM_0026,2023-08-10,Thursday,Evening,32865,8229,Bank Branch,0,0,106120,Snowy,2,30624,2023,8,August,3,24636,30.96965699208443,Normal
ATM_0007,2022-03-03,Thursday,Morning,45401,13319,Mall,0,0,111719,Cloudy,5,28609,2022,3,March,1,32082,40.638566403208046,Normal
ATM_0038,2023-05-01,Monday,Evening,46354,18553,Supermarket,0,0,86693,Snowy,4,33603,2023,5,May,2,27801,53.46913822338597,Normal
ATM_0010,2022-04-28,Thursday,Morning,76563,10870,Mall,0,0,84228,Clear,4,56010,2022,4,April,2,65693,90.89970081208149,High Risk
ATM_0035,2023-10-18,Wednesday,Night,81151,8326,Supermarket,0,0,83729,Clear,1,62803,2023,10,October,4,72825,96.92101900177956,High Risk
ATM_0010,2023-10-05,Thursday,Afternoon,57892,6971,Standalone,0,0,94250,Snowy,1,51345,2023,10,October,4,50921,61.42387267904509,Normal
ATM_0034,2022-11-11,Friday,Morning,64516,10854,Mall,0,0,100245,Cloudy,0,45174,2022,11,November,4,53662,64.35832211082847,Normal
ATM_0013,2022-11-03,Thursday,Night,43532,9987,Standalone,0,0,109816,Clear,3,28891,2022,11,November,4,33545,39.640853791797184,Normal
ATM_0019,2023-12-05,Tuesday,Afternoon,48107,6980,Gas Station,0,0,85313,Snowy,2,48675,2023,12,December,4,41127,56.38882702518959,Normal
ATM_0019,2023-03-03,Friday,Afternoon,60890,4615,Mall,0,1,108749,Clear,1,59002,2023,3,March,1,56275,55.99131946040883,Normal
ATM_0022,2023-12-28,Thursday,Evening,44141,14859,Gas Station,0,0,72722,Rainy,1,26117,2023,12,December,4,29282,60.69827562498281,Normal
ATM_0043,2022-09-13,Tuesday,Evening,61637,8328,Mall,0,0,97310,Clear,3,53875,2022,9,September,3,53309,63.34086938649677,Normal
ATM_0016,2023-11-14,Tuesday,Evening,48488,9783,Bank Branch,0,0,89631,Cloudy,0,39725,2023,11,November,4,38705,54.09735470986601,Normal
ATM_0040,2022-12-15,Thursday,Evening,60777,8470,Gas Station,0,0,86719,Clear,3,53310,2022,12,December,4,52307,70.0849871423794,Normal
ATM_0004,2022-09-13,Tuesday,Morning,28914,14440,Mall,0,0,88858,Snowy,0,12106,2022,9,September,3,14474,32.53955749622994,Normal
ATM_0026,2022-07-14,Thursday,Evening,59583,8241,Bank Branch,0,0,75362,Clear,5,66313,2022,7,July,3,51342,79.06239218704387,High Risk
ATM_0012,2022-01-01,Saturday,Afternoon,45965,19170,Bank Branch,1,0,135797,Clear,3,29921,2022,1,January,1,26795,33.848317709522306,Normal
ATM_0022,2023-02-13,Monday,Morning,54558,11584,Gas Station,0,0,99202,Snowy,3,35541,2023,2,February,1,42974,54.99687506300276,Normal
ATM_0017,2023-11-12,Sunday,Morning,56614,4023,Supermarket,0,0,90798,Snowy,2,52361,2023,11,November,4,52591,62.35159364743716,Normal
ATM_0008,2022-07-16,Saturday,Afternoon,54504,8584,Bank Branch,0,0,78808,Snowy,5,53645,2022,7,July,3,45920,69.1604913206781,Normal
ATM_0001,2022-05-24,Tuesday,Evening,46420,4887,Supermarket,0,0,78274,Clear,2,39954,2022,5,May,2,41533,59.304494468150345,Normal
ATM_0028,2023-12-15,Friday,Evening,38877,18089,Supermarket,0,0,116299,Clear,5,27748,2023,12,December,4,20788,33.42849035675285,Normal
ATM_0024,2023-04-30,Sunday,Afternoon,44427,12138,Supermarket,0,0,95284,Snowy,1,41633,2023,4,April,2,32289,46.625876327610094,Normal
ATM_0048,2022-11-08,Tuesday,Afternoon,45135,10377,Bank Branch,0,0,120427,Clear,5,44275,2022,11,November,4,34758,37.47913673843905,Normal
ATM_0044,2022-04-16,Saturday,Evening,63668,4360,Bank Branch,0,0,109008,Snowy,4,71391,2022,4,April,2,59308,58.406722442389544,Normal
ATM_0008,2022-10-25,Tuesday,Morning,45538,20420,Standalone,0,0,81974,Clear,1,36397,2022,10,October,4,25118,55.55176031424598,Normal
ATM_0033,2023-01-06,Friday,Night,64573,12878,Supermarket,0,0,101099,Clear,2,61123,2023,1,January,1,51695,63.87105708266155,Normal
ATM_0011,2023-02-27,Monday,Evening,54005,18949,Bank Branch,0,0,82553,Clear,1,29435,2023,2,February,1,35056,65.41857957917944,Normal
ATM_0046,2022-02-01,Tuesday,Morning,41661,9499,Gas Station,0,0,121407,Clear,1,26106,2022,2,February,1,32162,34.31515480985446,Normal
ATM_0004,2023-09-27,Wednesday,Evening,7696,7010,Standalone,0,0,65152,Cloudy,3,2152,2023,9,September,3,686,11.81237721021611,Normal
ATM_0024,2023-10-02,Monday,Evening,32062,14757,Supermarket,0,0,98389,Rainy,3,18077,2023,10,October,4,17305,32.5869761863623,Normal
ATM_0012,2023-09-07,Thursday,Morning,65574,5900,Bank Branch,0,0,89373,Cloudy,5,63060,2023,9,September,3,59674,73.37115236145144,Normal
ATM_0021,2023-09-14,Thursday,Morning,57577,3184,Gas Station,0,0,101996,Snowy,5,50544,2023,9,September,3,54393,56.450252951096125,Normal
ATM_0041,2023-08-14,Monday,Morning,69724,5636,Standalone,0,0,100130,Rainy,5,73911,2023,8,August,3,64088,69.63347648057525,Normal
ATM_0008,2023-07-28,Friday,Morning,73029,19873,Mall,0,0,103420,Clear,4,50677,2023,7,July,3,53156,70.61400116031716,Normal
ATM_0021,2022-05-21,Saturday,Afternoon,69569,16383,Mall,0,0,128986,Rainy,1,53658,2022,5,May,2,53186,53.935310808924996,Normal
ATM_0019,2022-07-07,Thursday,Evening,49507,5584,Mall,0,0,122483,Rainy,5,42776,2022,7,July,3,43923,40.41948678592131,Normal
ATM_0048,2022-09-15,Thursday,Night,34408,10199,Bank Branch,0,1,119122,Cloudy,0,27119,2022,9,September,3,24209,28.884672856399323,Normal
ATM_0041,2022-09-06,Tuesday,Afternoon,32992,13504,Mall,0,1,84042,Snowy,1,38249,2022,9,September,3,19488,39.25656219509293,Normal
ATM_0049,2022-09-17,Saturday,Afternoon,61577,9208,Bank Branch,0,0,81257,Cloudy,0,54236,2022,9,September,3,52369,75.78054813739124,High Risk
ATM_0029,2023-05-01,Monday,Night,50955,11687,Mall,0,0,64564,Rainy,4,41960,2023,5,May,2,39268,78.9216901059414,Normal
ATM_0047,2022-07-22,Friday,Night,69906,9616,Gas Station,0,0,89350,Cloudy,2,46857,2022,7,July,3,60290,78.23838836038053,Normal
ATM_0004,2023-07-07,Friday,Night,64177,7977,Gas Station,0,0,105369,Clear,0,65287,2023,7,July,3,56200,60.90690810390152,Normal
ATM_0029,2023-10-28,Saturday,Evening,50386,7645,Bank Branch,0,0,105882,Clear,0,36528,2023,10,October,4,42741,47.58693640089911,Normal
ATM_0016,2022-08-12,Friday,Morning,61598,8287,Standalone,0,0,54041,Clear,5,46903,2022,8,August,3,53311,113.98382709424327,Normal
ATM_0044,2023-09-05,Tuesday,Night,59445,9547,Bank Branch,0,0,102102,Cloudy,1,57446,2023,9,September,3,49898,58.221190574131754,Normal
ATM_0023,2022-10-11,Tuesday,Afternoon,60504,11338,Gas Station,0,0,96304,Clear,3,58581,2022,10,October,4,49166,62.82605083900981,Normal
ATM_0048,2023-11-14,Tuesday,Afternoon,60551,10568,Supermarket,0,0,78593,Cloudy,5,63535,2023,11,November,4,49983,77.04375707760232,High Risk
ATM_0049,2023-12-28,Thursday,Afternoon,42088,2082,Supermarket,0,0,88723,Rainy,1,46759,2023,12,December,4,40006,47.4375302909054,Normal
ATM_0036,2023-11-05,Sunday,Morning,43959,9583,Supermarket,0,0,73973,Rainy,3,31001,2023,11,November,4,34376,59.425736417341454,Normal
ATM_0042,2022-07-16,Saturday,Afternoon,46737,9410,Gas Station,0,0,89176,Cloudy,4,32485,2022,7,July,3,37327,52.40984121288239,Normal
ATM_0002,2023-05-05,Friday,Morning,51347,5958,Standalone,0,0,88004,Rainy,2,37737,2023,5,May,2,45389,58.346211535839274,Normal
ATM_0030,2023-10-29,Sunday,Afternoon,54459,8652,Mall,0,0,70927,Snowy,4,56968,2023,10,October,4,45807,76.78176152945987,High Risk
ATM_0016,2022-03-14,Monday,Morning,71041,13437,Gas Station,0,0,113028,Rainy,5,57376,2022,3,March,1,57604,62.85256750539689,Normal
ATM_0006,2023-10-29,Sunday,Afternoon,26074,344,Standalone,0,0,117799,Cloudy,5,26673,2023,10,October,4,25730,22.13431353407075,Normal
ATM_0004,2022-12-21,Wednesday,Morning,34311,10586,Gas Station,0,1,126456,Clear,3,31131,2022,12,December,4,23725,27.13275763902069,Normal
ATM_0031,2023-01-19,Thursday,Morning,46195,15663,Supermarket,0,0,99614,Snowy,4,40453,2023,1,January,1,30532,46.37400365410485,Normal
ATM_0019,2023-11-06,Monday,Night,52295,10841,Bank Branch,0,0,95658,Cloudy,3,49666,2023,11,November,4,41454,54.6687156327751,Normal
ATM_0033,2023-03-03,Friday,Night,74335,12820,Bank Branch,0,0,107023,Rainy,4,76623,2023,3,March,1,61515,69.45703260046906,Normal
ATM_0001,2022-11-30,Wednesday,Evening,51694,5339,Mall,0,0,80690,Snowy,4,48197,2022,11,November,4,46355,64.06493989341926,Normal
ATM_0018,2023-01-03,Tuesday,Evening,56337,15285,Bank Branch,0,0,106079,Snowy,4,51158,2023,1,January,1,41052,53.10853232025189,Normal
ATM_0022,2022-12-11,Sunday,Morning,58218,15088,Bank Branch,0,0,54648,Rainy,5,50463,2022,12,December,4,43130,106.53271848924022,Normal
ATM_0003,2022-12-02,Friday,Morning,54962,2680,Standalone,0,0,124122,Cloudy,1,51307,2022,12,December,4,52282,44.28062712492547,Normal
ATM_0043,2023-12-07,Thursday,Evening,57178,13088,Mall,0,1,93459,Clear,0,46756,2023,12,December,4,44090,61.179768668614045,Normal
ATM_0039,2023-02-25,Saturday,Night,42648,13339,Standalone,0,0,87700,Rainy,3,40270,2023,2,February,1,29309,48.629418472063854,Normal
ATM_0015,2023-02-16,Thursday,Evening,76310,12689,Supermarket,0,0,102669,Snowy,5,74434,2023,2,February,1,63621,74.32623284535741,Normal
ATM_0002,2022-09-15,Thursday,Morning,42254,9232,Gas Station,0,0,123014,Rainy,1,46059,2022,9,September,3,33022,34.34893589347554,Normal
ATM_0016,2022-09-25,Sunday,Afternoon,45056,6753,Gas Station,0,0,108415,Cloudy,4,42562,2022,9,September,3,38303,41.55882488585528,Normal
ATM_0030,2022-02-10,Thursday,Afternoon,48851,6865,Bank Branch,0,0,118551,Clear,1,38588,2022,2,February,1,41986,41.206738028359105,Normal
ATM_0034,2022-03-24,Thursday,Night,34964,8492,Mall,0,0,82687,Rainy,2,34514,2022,3,March,1,26472,42.284760603238716,Normal
ATM_0020,2023-11-22,Wednesday,Night,75896,12568,Standalone,0,0,105280,Clear,0,76743,2023,11,November,4,63328,72.08966565349544,Normal
ATM_0011,2023-03-28,Tuesday,Evening,37623,18631,Supermarket,0,0,74255,Cloudy,1,25373,2023,3,March,1,18992,50.66729513164097,Normal
ATM_0005,2022-03-31,Thursday,Evening,61722,10466,Supermarket,0,0,90266,Rainy,1,65352,2022,3,March,1,51256,68.3779053021071,Normal
ATM_0007,2022-01-17,Monday,Night,47274,3065,Bank Branch,0,1,80250,Clear,3,43563,2022,1,January,1,44209,58.90841121495327,Normal
ATM_0047,2022-12-09,Friday,Evening,57473,16621,Mall,0,0,75601,Clear,4,38712,2022,12,December,4,40852,76.02148119733866,Normal
ATM_0002,2022-09-07,Wednesday,Night,59225,10240,Standalone,0,0,97836,Snowy,5,47139,2022,9,September,3,48985,60.534976900118565,Normal
ATM_0006,2023-11-25,Saturday,Morning,22336,10578,Mall,0,0,85028,Rainy,2,14913,2023,11,November,4,11758,26.268993743237523,Normal
ATM_0005,2023-12-25,Monday,Evening,36412,17496,Mall,1,0,64535,Cloudy,0,27704,2023,12,December,4,18916,56.422096536763,Normal
ATM_0009,2023-06-15,Thursday,Evening,34187,8372,Gas Station,0,0,124931,Cloudy,4,29129,2023,6,June,2,25815,27.36470531733517,Normal
ATM_0029,2023-10-19,Thursday,Afternoon,53383,12326,Bank Branch,0,0,110113,Snowy,4,39693,2023,10,October,4,41057,48.48019761517713,Normal
ATM_0039,2023-08-11,Friday,Night,82939,3815,Mall,0,0,98962,Rainy,0,82354,2023,8,August,3,79124,83.80893676360624,Normal
ATM_0018,2022-07-12,Tuesday,Evening,41844,10150,Gas Station,0,0,74071,Rainy,2,26050,2022,7,July,3,31694,56.49174440739291,Normal
ATM_0020,2022-05-13,Friday,Morning,35463,4777,Mall,0,0,109796,Clear,0,37109,2022,5,May,2,30686,32.298990855768885,Normal
ATM_0002,2022-10-29,Saturday,Night,48766,2162,Mall,0,0,58497,Snowy,0,53762,2022,10,October,4,46604,83.36495888678051,Normal
ATM_0013,2022-05-05,Thursday,Afternoon,41449,2058,Standalone,0,0,62621,Cloudy,4,39015,2022,5,May,2,39391,66.1902556650325,Normal
ATM_0020,2022-05-17,Tuesday,Morning,46018,9057,Gas Station,0,0,77243,Rainy,5,31733,2022,5,May,2,36961,59.57562497572596,Normal
ATM_0044,2022-05-11,Wednesday,Afternoon,56164,6961,Supermarket,0,1,75450,Cloudy,5,53962,2022,5,May,2,49203,74.43870112657389,High Risk
ATM_0030,2022-05-14,Saturday,Morning,43515,10275,Gas Station,0,0,98429,Clear,5,37611,2022,5,May,2,33240,44.209531743693425,Normal
ATM_0034,2023-09-07,Thursday,Night,53461,14772,Supermarket,0,1,83045,Cloudy,3,58401,2023,9,September,3,38689,64.37594075501234,High Risk
ATM_0028,2023-05-03,Wednesday,Night,60072,6606,Standalone,0,0,112231,Rainy,4,62143,2023,5,May,2,53466,53.525318316686125,Normal
ATM_0031,2023-04-21,Friday,Morning,35847,12405,Bank Branch,0,0,99474,Clear,4,27024,2023,4,April,2,23442,36.036552264913446,Normal
ATM_0037,2022-08-17,Wednesday,Night,82734,11013,Bank Branch,0,0,146008,Cloudy,1,71571,2022,8,August,3,71721,56.66401840995013,Normal
ATM_0003,2022-10-09,Sunday,Evening,28341,9998,Mall,0,0,112624,Snowy,2,16750,2022,10,October,4,18343,25.164263389686038,Normal
ATM_0048,2023-05-29,Monday,Night,65586,7331,Supermarket,0,0,96718,Clear,5,50966,2023,5,May,2,58255,67.8115759217519,Normal
ATM_0048,2023-04-13,Thursday,Afternoon,43500,4318,Standalone,0,0,131394,Clear,3,46689,2023,4,April,2,39182,33.10653454495639,Normal
ATM_0038,2023-11-05,Sunday,Night,65670,5160,Standalone,0,0,124322,Clear,1,66430,2023,11,November,4,60510,52.82250929039108,Normal
ATM_0041,2023-10-11,Wednesday,Morning,57551,4885,Standalone,0,0,132129,Snowy,4,52009,2023,10,October,4,52666,43.55667567301652,Normal
ATM_0022,2023-09-27,Wednesday,Afternoon,68972,2090,Supermarket,0,0,85013,Snowy,1,66020,2023,9,September,3,66882,81.13112112265183,High Risk
ATM_0043,2023-02-05,Sunday,Afternoon,46213,1463,Mall,0,0,71112,Snowy,2,51382,2023,2,February,1,44750,64.98621892226348,Normal
ATM_0039,2022-07-15,Friday,Afternoon,63593,7029,Supermarket,0,0,96818,Clear,5,69269,2022,7,July,3,56564,65.683034146543,Normal
ATM_0037,2022-11-20,Sunday,Evening,61442,12676,Mall,0,1,91386,Rainy,4,70602,2022,11,November,4,48766,67.23349309522246,Normal
ATM_0021,2023-03-07,Tuesday,Night,63022,6038,Mall,0,0,39588,Clear,5,59436,2023,3,March,1,56984,159.19470546630293,High Risk
ATM_0030,2023-10-13,Friday,Morning,60193,11341,Standalone,0,0,88713,Snowy,1,63588,2023,10,October,4,48852,67.8513859299088,Normal
ATM_0004,2023-12-05,Tuesday,Evening,57502,14265,Standalone,0,0,101129,Snowy,5,49357,2023,12,December,4,43237,56.86005003510368,Normal
ATM_0022,2022-08-13,Saturday,Evening,87368,4128,Standalone,0,0,117596,Clear,3,80678,2022,8,August,3,83240,74.29504404911732,Normal
ATM_0049,2023-06-13,Tuesday,Night,40502,11329,Gas Station,0,0,88090,Rainy,5,27317,2023,6,June,2,29173,45.9779770689068,Normal
ATM_0046,2022-05-19,Thursday,Morning,41218,17437,Mall,0,0,113718,Cloudy,1,30999,2022,5,May,2,23781,36.24580101654971,Normal
ATM_0044,2023-11-14,Tuesday,Morning,57374,5155,Standalone,0,0,105130,Snowy,3,47511,2023,11,November,4,52219,54.574336535717684,Normal
ATM_0049,2022-03-11,Friday,Morning,58032,10432,Bank Branch,0,0,92795,Clear,5,51654,2022,3,March,1,47600,62.53785225497064,Normal
ATM_0029,2023-01-11,Wednesday,Night,40388,12129,Supermarket,0,0,125342,Snowy,0,33557,2023,1,January,1,28259,32.22223995149272,Normal
ATM_0002,2023-12-12,Tuesday,Evening,29092,10178,Supermarket,0,0,98956,Cloudy,0,19123,2023,12,December,4,18914,29.398924774647316,Normal
ATM_0034,2023-03-05,Sunday,Evening,55763,15669,Standalone,0,0,90380,Cloudy,1,44752,2023,3,March,1,40094,61.698384598362466,Normal
ATM_0050,2022-10-27,Thursday,Evening,86575,13112,Gas Station,0,0,140159,Snowy,4,64166,2022,10,October,4,73463,61.76913362680955,Normal
ATM_0036,2023-03-01,Wednesday,Night,42110,4985,Mall,0,0,102436,Clear,0,30693,2023,3,March,1,37125,41.10859463469873,Normal
ATM_0033,2023-04-20,Thursday,Night,54497,11004,Mall,0,0,99751,Rainy,2,51237,2023,4,April,2,43493,54.633036260288115,Normal
ATM_0030,2022-02-18,Friday,Evening,59300,14612,Standalone,0,0,103815,Clear,3,50025,2022,2,February,1,44688,57.12083995569041,Normal
ATM_0016,2022-05-18,Wednesday,Evening,25766,7340,Gas Station,0,0,87664,Cloudy,5,19801,2022,5,May,2,18426,29.3917685709071,Normal
ATM_0017,2023-09-08,Friday,Morning,53684,12752,Bank Branch,0,0,113537,Clear,2,45112,2023,9,September,3,40932,47.28326448646697,Normal
ATM_0015,2023-06-10,Saturday,Morning,76616,17503,Gas Station,0,0,83781,Rainy,2,56083,2023,6,June,2,59113,91.44794165741635,High Risk
ATM_0026,2023-08-11,Friday,Afternoon,47937,4530,Standalone,0,0,66138,Snowy,4,49345,2023,8,August,3,43407,72.48026852943845,Normal
ATM_0008,2022-04-18,Monday,Afternoon,49526,8594,Mall,0,0,106171,Cloudy,2,39925,2022,4,April,2,40932,46.64738958849403,Normal
ATM_0016,2022-05-20,Friday,Afternoon,39130,10904,Mall,0,0,106250,Snowy,5,34736,2022,5,May,2,28226,36.82823529411765,Normal
ATM_0025,2023-01-16,Monday,Morning,66552,14335,Supermarket,0,0,101938,Rainy,3,61792,2023,1,January,1,52217,65.28674292216837,Normal
ATM_0024,2023-09-01,Friday,Morning,54551,11655,Gas Station,0,0,70605,Rainy,2,53474,2023,9,September,3,42896,77.26223355286453,Normal
ATM_0016,2023-04-17,Monday,Evening,47654,5378,Bank Branch,0,0,74624,Rainy,2,47227,2023,4,April,2,42276,63.858812178387645,Normal
ATM_0025,2023-12-01,Friday,Night,37711,15869,Standalone,1,0,131694,Snowy,1,37240,2023,12,December,4,21842,28.635321275077075,Normal
ATM_0025,2022-05-22,Sunday,Evening,50681,10974,Mall,0,0,82817,Rainy,1,49274,2022,5,May,2,39707,61.196372725406626,Normal
ATM_0008,2022-03-16,Wednesday,Evening,64001,8386,Standalone,0,0,98617,Clear,0,47962,2022,3,March,1,55615,64.89854690367787,Normal
ATM_0038,2022-01-28,Friday,Afternoon,60029,6223,Mall,0,0,84546,Cloudy,0,54955,2022,1,January,1,53806,71.00158493601117,High Risk
ATM_0016,2023-02-16,Thursday,Afternoon,70475,18419,Mall,0,0,96328,Snowy,1,49182,2023,2,February,1,52056,73.16148990947595,Normal
ATM_0012,2022-03-19,Saturday,Evening,55526,2240,Standalone,0,0,100976,Cloudy,3,58807,2022,3,March,1,53286,54.98930438916179,Normal
ATM_0042,2022-09-08,Thursday,Evening,43626,19457,Bank Branch,0,0,95268,Rainy,2,38971,2022,9,September,3,24169,45.79292102279884,Normal
ATM_0050,2023-03-11,Saturday,Morning,79263,7618,Mall,0,0,138244,Clear,5,82659,2023,3,March,1,71645,57.3355805676919,Normal
ATM_0021,2023-11-16,Thursday,Evening,42323,12884,Standalone,0,0,133854,Cloudy,5,30389,2023,11,November,4,29439,31.6187786692964,Normal
ATM_0006,2023-07-01,Saturday,Evening,47827,18100,Standalone,0,0,117107,Cloudy,2,32866,2023,7,July,3,29727,40.8404279846636,Normal
ATM_0035,2022-06-07,Tuesday,Night,50589,12119,Supermarket,0,0,121403,Snowy,0,53251,2022,6,June,2,38470,41.670304687693054,Normal
ATM_0035,2022-04-20,Wednesday,Evening,46293,16843,Supermarket,0,0,107316,Snowy,0,35042,2022,4,April,2,29450,43.13709046181371,Normal
ATM_0012,2022-07-16,Saturday,Afternoon,30915,14295,Bank Branch,0,0,118030,Snowy,4,22911,2022,7,July,3,16620,26.192493433872745,Normal
ATM_0015,2022-12-23,Friday,Morning,54948,7521,Bank Branch,0,1,115868,Snowy,5,58980,2022,12,December,4,47427,47.42292954051162,Normal
ATM_0011,2023-06-05,Monday,Morning,33413,12042,Standalone,0,0,80770,Cloudy,2,22898,2023,6,June,2,21371,41.36808220874087,Normal
ATM_0003,2023-05-25,Thursday,Morning,34941,15725,Supermarket,0,0,93076,Cloudy,1,31029,2023,5,May,2,19216,37.54028965576518,Normal
ATM_0024,2022-09-23,Friday,Evening,37072,6384,Bank Branch,0,0,122321,Snowy,5,33548,2022,9,September,3,30688,30.30714268195976,Normal
ATM_0045,2023-04-30,Sunday,Night,41765,2262,Gas Station,0,0,110607,Snowy,2,36079,2023,4,April,2,39503,37.75981628649181,Normal
ATM_0037,2023-02-04,Saturday,Evening,57837,12114,Supermarket,0,0,97162,Snowy,3,46284,2023,2,February,1,45723,59.52635804120953,Normal
ATM_0019,2022-02-24,Thursday,Morning,35898,5582,Gas Station,0,0,109149,Rainy,3,28377,2022,2,February,1,30316,32.88898661462771,Normal
ATM_0020,2023-07-14,Friday,Night,44367,6673,Bank Branch,0,1,81755,Cloudy,2,52415,2023,7,July,3,37694,54.268240474588715,Normal
ATM_0024,2022-08-01,Monday,Night,62096,5727,Gas Station,0,0,65448,Snowy,5,62956,2022,8,August,3,56369,94.87837672656154,High Risk
ATM_0019,2023-10-31,Tuesday,Night,57964,26076,Mall,0,0,106641,Rainy,0,40994,2023,10,October,4,31888,54.354329010418134,Normal
ATM_0002,2022-09-18,Sunday,Morning,53533,10843,Gas Station,0,0,91851,Snowy,2,43069,2022,9,September,3,42690,58.28243568387933,Normal
ATM_0023,2022-07-22,Friday,Night,47301,20448,Mall,0,0,92582,Cloudy,0,40818,2022,7,July,3,26853,51.09092480179732,Normal
ATM_0037,2023-09-22,Friday,Afternoon,52539,10883,Bank Branch,0,0,94401,Snowy,3,45942,2023,9,September,3,41656,55.655130771919794,Normal
ATM_0002,2023-03-27,Monday,Afternoon,45356,9696,Gas Station,0,1,76350,Snowy,5,48345,2023,3,March,1,35660,59.405370006548786,Normal
ATM_0007,2023-12-25,Monday,Night,71499,15734,Standalone,1,0,111846,Cloudy,0,69088,2023,12,December,4,55765,63.92629150796631,Normal
ATM_0014,2022-05-15,Sunday,Evening,36085,8657,Mall,0,0,114138,Rainy,5,24360,2022,5,May,2,27428,31.615237694720427,Normal
ATM_0044,2023-12-11,Monday,Evening,61348,6965,Bank Branch,0,0,150690,Snowy,2,44692,2023,12,December,4,54383,40.7113942531024,Normal
ATM_0010,2023-04-16,Sunday,Evening,39296,11223,Bank Branch,0,0,103960,Rainy,3,34019,2023,4,April,2,28073,37.79915352058484,Normal
ATM_0006,2023-05-27,Saturday,Evening,49756,7024,Supermarket,0,0,100861,Snowy,2,52085,2023,5,May,2,42732,49.33125786974152,Normal
ATM_0020,2023-09-12,Tuesday,Evening,40282,11473,Supermarket,0,0,88630,Cloudy,5,33668,2023,9,September,3,28809,45.44962202414533,Normal
ATM_0033,2022-04-29,Friday,Afternoon,42118,12148,Gas Station,0,0,137209,Clear,3,23398,2022,4,April,2,29970,30.696237127302144,Normal
ATM_0046,2022-10-22,Saturday,Afternoon,57042,7751,Gas Station,0,0,72806,Rainy,1,38199,2022,10,October,4,49291,78.34793835672885,Normal
ATM_0010,2023-12-01,Friday,Evening,31680,3521,Mall,1,0,137560,Rainy,3,28577,2023,12,December,4,28159,23.0299505670253,Normal
ATM_0043,2022-05-13,Friday,Night,35602,5719,Gas Station,0,0,87814,Cloudy,2,25872,2022,5,May,2,29883,40.54251030587378,Normal
ATM_0046,2022-02-01,Tuesday,Evening,69743,9850,Mall,0,0,71050,Cloudy,2,60761,2022,2,February,1,59893,98.16045038705137,High Risk
ATM_0043,2023-01-11,Wednesday,Morning,41137,16550,Mall,0,0,108302,Cloudy,1,27735,2023,1,January,1,24587,37.9836014108696,Normal
ATM_0033,2022-03-23,Wednesday,Morning,42951,5467,Mall,0,0,100140,Rainy,5,47548,2022,3,March,1,37484,42.890952666267225,Normal
ATM_0009,2023-06-29,Thursday,Afternoon,52865,9256,Mall,0,0,99215,Snowy,5,52282,2023,6,June,2,43609,53.283273698533485,Normal
ATM_0041,2022-12-13,Tuesday,Evening,34239,9186,Bank Branch,0,0,96354,Rainy,3,32212,2022,12,December,4,25053,35.53459119496855,Normal
ATM_0050,2023-03-07,Tuesday,Night,36579,17254,Gas Station,0,0,108424,Rainy,1,19638,2023,3,March,1,19325,33.736995499151476,Normal
ATM_0040,2022-08-04,Thursday,Evening,50430,12610,Standalone,0,0,108606,Rainy,5,46522,2022,8,August,3,37820,46.43389867963096,Normal
ATM_0030,2022-07-18,Monday,Afternoon,54249,9106,Gas Station,0,0,117256,Rainy,4,40773,2022,7,July,3,45143,46.26543631029542,Normal
ATM_0027,2023-08-16,Wednesday,Afternoon,41423,6926,Mall,0,0,110057,Snowy,0,31649,2023,8,August,3,34497,37.63776951943084,Normal
ATM_0003,2022-01-13,Thursday,Afternoon,22984,13945,Gas Station,0,0,75587,Cloudy,1,7637,2022,1,January,1,9039,30.407345178403695,Normal
ATM_0005,2022-09-21,Wednesday,Afternoon,54190,19783,Standalone,0,1,103593,Cloudy,4,45668,2022,9,September,3,34407,52.31048429913218,Normal
ATM_0043,2023-01-27,Friday,Evening,46526,9904,Bank Branch,0,0,129170,Clear,2,38560,2023,1,January,1,36622,36.01919950452891,Normal
ATM_0023,2023-05-03,Wednesday,Afternoon,66321,5615,Mall,0,1,91189,Snowy,1,74190,2023,5,May,2,60706,72.7291668951299,Normal
ATM_0001,2023-07-28,Friday,Afternoon,41211,0,Mall,0,0,149275,Rainy,0,33454,2023,7,July,3,41211,27.607435940378494,Normal
ATM_0043,2023-08-05,Saturday,Evening,41440,7117,Mall,0,0,133432,Rainy,1,32479,2023,8,August,3,34323,31.05701780682295,Normal
ATM_0030,2023-04-06,Thursday,Afternoon,31876,15683,Mall,0,1,88251,Cloudy,1,26952,2023,4,April,2,16193,36.119704026016706,Normal
ATM_0018,2022-03-29,Tuesday,Evening,30143,14600,Supermarket,0,0,107353,Rainy,5,14803,2022,3,March,1,15543,28.078395573481878,Normal
ATM_0045,2023-04-10,Monday,Evening,51674,5356,Supermarket,0,0,72221,Clear,4,44542,2023,4,April,2,46318,71.54982622782848,Normal
ATM_0010,2023-02-26,Sunday,Morning,56164,8939,Mall,0,0,77236,Cloudy,1,59162,2023,2,February,1,47225,72.7173856750738,High Risk
ATM_0012,2022-01-29,Saturday,Night,61872,12725,Mall,0,0,87631,Clear,4,57116,2022,1,January,1,49147,70.6051511451427,Normal
ATM_0038,2022-10-13,Thursday,Evening,40248,9140,Bank Branch,0,0,91476,Snowy,4,30255,2022,10,October,4,31108,43.998425816607636,Normal
ATM_0027,2022-02-08,Tuesday,Afternoon,61188,9315,Bank Branch,0,0,79049,Snowy,4,43264,2022,2,February,1,51873,77.40515376538603,Normal
ATM_0050,2023-10-01,Sunday,Night,74184,3045,Standalone,0,0,74199,Snowy,3,77525,2023,10,October,4,71139,99.97978409412525,High Risk
ATM_0040,2022-01-31,Monday,Afternoon,41230,17237,Bank Branch,1,0,97384,Clear,3,38141,2022,1,January,1,23993,42.33755031627372,Normal
ATM_0001,2023-09-12,Tuesday,Evening,32282,7633,Mall,0,0,74380,Clear,1,33517,2023,9,September,3,24649,43.40145200322667,Normal
ATM_0047,2022-10-14,Friday,Morning,37160,5571,Bank Branch,0,1,61923,Clear,3,33377,2022,10,October,4,31589,60.01001243479806,Normal
ATM_0033,2023-10-03,Tuesday,Night,72691,11108,Gas Station,0,0,83290,Cloudy,2,64598,2023,10,October,4,61583,87.27458278304718,High Risk
ATM_0022,2023-12-01,Friday,Evening,52843,7054,Mall,1,0,61321,Clear,2,54216,2023,12,December,4,45789,86.17439376396341,High Risk
ATM_0022,2022-02-14,Monday,Evening,27587,13766,Supermarket,0,0,77698,Cloudy,1,16336,2022,2,February,1,13821,35.50541841488841,Normal
ATM_0016,2023-02-05,Sunday,Night,59823,12230,Supermarket,0,0,69860,Cloudy,1,60176,2023,2,February,1,47593,85.63269395934726,High Risk
ATM_0029,2022-07-02,Saturday,Night,32027,3097,Standalone,0,0,96493,Clear,2,35148,2022,7,July,3,28930,33.19100867420435,Normal
ATM_0050,2023-12-08,Friday,Afternoon,60120,4948,Mall,0,0,128933,Rainy,5,51927,2023,12,December,4,55172,46.62886925767647,Normal
ATM_0036,2022-10-04,Tuesday,Evening,32551,10819,Mall,0,0,104519,Snowy,3,31127,2022,10,October,4,21732,31.143619820319753,Normal
ATM_0010,2022-04-19,Tuesday,Night,52965,13372,Gas Station,0,0,107829,Rainy,2,35886,2022,4,April,2,39593,49.119439111927214,Normal
ATM_0039,2022-07-26,Tuesday,Evening,61754,11348,Mall,0,0,88722,Cloudy,3,52971,2022,7,July,3,50406,69.60393138116814,Normal
